_id,Ndeg,MATRICULA,USO AERONAVE,MARCA,MODELO,TIPO DE AERONAVE,NOMBRE DEL OPERADOR,CATEGORIA_OPERADOR,MARCA_UNIFICADA,AERONAVE_FULL
1,1,CCAAA,COMERCIAL,BELL,505,HELICOPTERO,PUBLICITARIA PUBLI G SPA,EMPRESA,BELL,BELL 505
2,2,CCAAB,PRIVADO,BELL,407,HELICOPTERO,TRANSPORTES COSTEROS SPA,EMPRESA,BELL,BELL 407
3,3,CCAAC,PRIVADO,WERTH-RANS,S-19,AVION,"WERTH STEINERT, RENATO EDUARDO",PERSONA NATURAL,WERTH-RANS,WERTH-RANS S-19
4,4,CCAAE,PRIVADO,SCHEMPP-HIRTH,NIMBUS-4DM,PLANEADOR,"KAUFMANN RITSCHKA, ALEXANDER",PERSONA NATURAL,SCHEMPP-HIRTH,SCHEMPP-HIRTH NIMBUS-4DM
5,5,CCAAF,COMERCIAL,AIR TRACTOR,AT-802,AVION,MARTINEZ RIDAO CHILE LIMITADA,EMPRESA,AIR TRACTOR,AIR TRACTOR AT-802
6,6,CCAAH,PRIVADO,CESSNA,172M,AVION,CLUB AÉREO DE RANCAGUA,CLUB AEREO,CESSNA,CESSNA 172M
7,7,CCAAI,COMERCIAL,DORNIER LUFTFAHRT GMBH,DO 228-202K,AVION,TRANSPORTES AEREOS CORPORATIVOS LIMITADA,EMPRESA,DORNIER LUFTFAHRT GMBH,DORNIER LUFTFAHRT GMBH DO 228-202K
8,8,CCAAJ,PRIVADO,CESSNA,182T,AVION,"CORRAL BARRIOS, MARCELO JAVIER TADEO",PERSONA NATURAL,CESSNA,CESSNA 182T
9,9,CCAAK,COMERCIAL,EUROCOPTER,EC 130 B4,HELICOPTERO,AEREOSERVICIOS CONIMEX LIMITADA,EMPRESA,EUROCOPTER,EUROCOPTER EC 130 B4
10,10,CCAAM,PRIVADO,CESSNA,182T,AVION,"DIAZ SANTELICES, SEBASTIAN JORGE",PERSONA NATURAL,CESSNA,CESSNA 182T
11,11,CCAAO,COMERCIAL,HAWKER BEECHCRAFT CORP.,B300,AVION,INVERSIONES PUNTA BRAVA S.A.,EMPRESA,BEECHCRAFT,BEECHCRAFT B300
12,12,CCAAP,COMERCIAL,HAWKER BEECHCRAFT CORP.,B200GT,AVION,INVERSIONES PUNTA BRAVA S.A.,EMPRESA,BEECHCRAFT,BEECHCRAFT B200GT
13,13,CCAAQ,COMERCIAL,DORNIER,DORNIER 228-202,AVION,AEROCARDAL LIMITADA,EMPRESA,DORNIER,DORNIER DORNIER 228-202
14,14,CCAAT,PRIVADO,BEECHCRAFT CORP.,F33A,AVION,COMPRAVENTA Y ARRIENDO DE AERONAVES JACINTA LIMITADA,EMPRESA,BEECHCRAFT,BEECHCRAFT F33A
15,15,CCAAW,PRIVADO,SCHEMPP-HIRTH,DUO DISCUS T,PLANEADOR,CLUB DE PLANEADORES DE VITACURA,CLUB AEREO,SCHEMPP-HIRTH,SCHEMPP-HIRTH DUO DISCUS T
16,16,CCAAX,COMERCIAL,CESSNA,172S,AVION,ESCUELA DE TRABAJOS AEREOS FEDERICO SANTA MARIA SPA,EMPRESA,CESSNA,CESSNA 172S
17,17,CCAAY,COMERCIAL,CESSNA,172S,AVION,ESCUELA DE TRABAJOS AEREOS FEDERICO SANTA MARIA SPA,EMPRESA,CESSNA,CESSNA 172S
18,18,CCAAZ,COMERCIAL,CESSNA,172S,AVION,ESCUELA DE TRABAJOS AEREOS FEDERICO SANTA MARIA SPA,EMPRESA,CESSNA,CESSNA 172S
19,19,CCABB,PRIVADO,CESSNA,182T,AVION,"PACCOT, CHRISTIAN",PERSONA NATURAL,CESSNA,CESSNA 182T
20,20,CCABC,PRIVADO,HAWKER BEECHCRAFT CORP.,B200GT,AVION,AEROTRUST SERVICIO LIMITADA,EMPRESA,BEECHCRAFT,BEECHCRAFT B200GT
21,21,CCABD,COMERCIAL,BOEING,737-200,AVION,SAEAERO-AVIATION LEASING AND CONSULTING SPA,EMPRESA,BOEING,BOEING 737-200
22,22,CCABE,PRIVADO,ROBINSON,R44 II,HELICOPTERO,"ROJAS IGLESIAS, MARCO ANTONIO",PERSONA NATURAL,ROBINSON,ROBINSON R44 II
23,23,CCABF,PRIVADO,TECNAM,P92 EAGLET,AVION,"MANBOR CHARME, JOSHUA",PERSONA NATURAL,TECNAM,TECNAM P92 EAGLET
24,24,CCABG,PRIVADO,CIRRUS,SR22,AVION,"CALVO LANTE DELLA ROVERE, ANDRES Y EDWARDS SILVA, JOAQUIN ANDRES",PERSONA NATURAL,CIRRUS,CIRRUS SR22
25,25,CCABH,PRIVADO,MUZARD - SONEX,SONEX,AVION,RENTAS E INVERSIONES M Y M LIMITADA,EMPRESA,MUZARD - SONEX,MUZARD - SONEX SONEX
26,26,CCABI,PRIVADO,CESSNA,182T,AVION,CLUB AÉREO DE OSORNO,CLUB AEREO,CESSNA,CESSNA 182T
27,27,CCABL,PRIVADO,CIRRUS,SR22,AVION,CLUB AÉREO HUACHIPATO,CLUB AEREO,CIRRUS,CIRRUS SR22
28,28,CCABM,COMERCIAL,LAVIA,PA-25-260,AVION,SOCIEDAD DE TRABAJOS AEREOS AEROPACIFICO LIMITADA,EMPRESA,LAVIA,LAVIA PA-25-260
29,29,CCABO,PRIVADO,ROBINSON,R44 II,HELICOPTERO,SOCIEDAD SERVIRED RENTAL LIMITADA,EMPRESA,ROBINSON,ROBINSON R44 II
30,30,CCABS,PRIVADO,ERCOUPE,415-C,AVION,"HERZ MARTEN, JORG PATRICK",PERSONA NATURAL,ERCOUPE,ERCOUPE 415-C
31,31,CCABU,COMERCIAL,EUROCOPTER,AS-350B3,HELICOPTERO,PUBLICITARIA PUBLI G SPA,EMPRESA,EUROCOPTER,EUROCOPTER AS-350B3
32,32,CCABZ,COMERCIAL,AGUSTA,AW119 MKII,HELICOPTERO,PEGASUS SOUTH AMERICA SERVICIOS INTEGRALES DE AVIACION SPA,EMPRESA,AGUSTA,AGUSTA AW119 MKII
33,33,CCACA,COMERCIAL,BELL,206L-3,HELICOPTERO,HELICÓPTEROS DEL PACÍFICO LIMITADA,EMPRESA,BELL,BELL 206L-3
34,34,CCACB,PRIVADO,SONEX-ARELLANO,SONEX,AVION,"ARELLANO VENEGAS, MARCOS",PERSONA NATURAL,SONEX-ARELLANO,SONEX-ARELLANO SONEX
35,35,CCACC,PRIVADO,BELL,407,HELICOPTERO,AERO KIKA SPA,EMPRESA,BELL,BELL 407
36,36,CCACF,PRIVADO,CESSNA,182Q,AVION,SERVICIOS ANATOMY SPA,EMPRESA,CESSNA,CESSNA 182Q
37,37,CCACI,PRIVADO,ROBINSON,R66,HELICOPTERO,"RUIZ-TAGLE ARNOLDS, LUIS JOAQUIN",PERSONA NATURAL,ROBINSON,ROBINSON R66
38,38,CCACJ,PRIVADO,PZL-SWIDNIK,W-3A,HELICOPTERO,CORPORACION NACIONAL FORESTAL,OTRO,PZL-SWIDNIK,PZL-SWIDNIK W-3A
39,39,CCACK,COMERCIAL,AGUSTAWESTLAND PHILADELPHIA CORP.,A109S,HELICOPTERO,AEROCARDAL LIMITADA,EMPRESA,AGUSTAWESTLAND PHILADELPHIA CORP.,AGUSTAWESTLAND PHILADELPHIA CORP. A109S
40,40,CCACL,COMERCIAL,BELL,212,HELICOPTERO,PEGASUS SOUTH AMERICA SERVICIOS INTEGRALES DE AVIACION SPA,EMPRESA,BELL,BELL 212
41,41,CCACM,COMERCIAL,MESSERSCHMITT-BOLKOW-BLOHM,BO-105S CBS-4,HELICOPTERO,DAP HELICOPTEROS LIMITADA O HELICOPTEROS PIVCEVIC LTDA.,EMPRESA,MESSERSCHMITT-BOLKOW-BLOHM,MESSERSCHMITT-BOLKOW-BLOHM BO-105S CBS-4
42,42,CCACN,COMERCIAL,MESSERSCHMITT-BOLKOW-BLOHM,BO-105S CBS-4,HELICOPTERO,DAP HELICOPTEROS LIMITADA O HELICOPTEROS PIVCEVIC LTDA.,EMPRESA,MESSERSCHMITT-BOLKOW-BLOHM,MESSERSCHMITT-BOLKOW-BLOHM BO-105S CBS-4
43,43,CCACO,COMERCIAL,BRITISH AEROSPACE LTD.,BAE 146-200,AVION,AEROVIAS DAP S. A.,OTRO,BRITISH AEROSPACE LTD.,BRITISH AEROSPACE LTD. BAE 146-200
44,44,CCACP,PRIVADO,CESSNA,T210M,AVION,ALAS SANTIAGO S.A.,EMPRESA,CESSNA,CESSNA T210M
45,45,CCACQ,COMERCIAL,BEECHCRAFT CORP.,300,AVION,AEROVIAS DAP S. A.,OTRO,BEECHCRAFT,BEECHCRAFT 300
46,46,CCACR,PRIVADO,AEROPRO S.R.O.,EUROFOX 3K,AVION,"ASTICA CAPRA, GONZALO ESTEBAN",PERSONA NATURAL,AEROPRO S.R.O.,AEROPRO S.R.O. EUROFOX 3K
47,47,CCACT,COMERCIAL,AGUSTAWESTLAND PHILADELPHIA CORP.,AW119MKII,HELICOPTERO,PEGASUS SOUTH AMERICA SERVICIOS INTEGRALES DE AVIACION SPA,EMPRESA,AGUSTAWESTLAND PHILADELPHIA CORP.,AGUSTAWESTLAND PHILADELPHIA CORP. AW119MKII
48,48,CCACV,COMERCIAL,BEECHCRAFT CORP.,200,AVION,AERO TRANSPORTES ARAUCANIA LIMITADA,EMPRESA,BEECHCRAFT,BEECHCRAFT 200
49,49,CCACY,COMERCIAL,EUROCOPTER,AS-350B3,HELICOPTERO,ECOCOPTER S.A.,EMPRESA,EUROCOPTER,EUROCOPTER AS-350B3
50,50,CCACZ,PRIVADO,BELL,407,HELICOPTERO,SERVICIOS AEREOS SANTA VERONICA LIMITADA,EMPRESA,BELL,BELL 407
51,51,CCADB,PRIVADO,CESSNA,525,AVION,ALEJANDRO ESTEBAN CANDIA SILVA INVERSIONES E.I.R.L.,OTRO,CESSNA,CESSNA 525
52,51,CCADB,PRIVADO,CESSNA,525,AVION,ANDES RENTAL SPA,EMPRESA,CESSNA,CESSNA 525
53,51,CCADB,PRIVADO,CESSNA,525,AVION,INVERSIONES E INMOBILIARIA GHC LIMITADA,EMPRESA,CESSNA,CESSNA 525
54,51,CCADB,PRIVADO,CESSNA,525,AVION,"BÜCHI BASTIDAS, MARÍA ANA",PERSONA NATURAL,CESSNA,CESSNA 525
55,51,CCADB,PRIVADO,CESSNA,525,AVION,"PHILLIPS GARRETÓN, MANUEL JOSÉ",PERSONA NATURAL,CESSNA,CESSNA 525
56,51,CCADB,PRIVADO,CESSNA,525,AVION,"URRUTIA, MARIA ELEONORA",PERSONA NATURAL,CESSNA,CESSNA 525
57,52,CCADD,PRIVADO,CALVO GLASAIR,GS2 SPORTSMAN,AVION,"CALVO BASCUÑÁN, JOSÉ IGNACIO Y CALVO BASCUÑÁN, JAVIER",PERSONA NATURAL,CALVO GLASAIR,CALVO GLASAIR GS2 SPORTSMAN
58,53,CCADF,PRIVADO,CESSNA,172S,AVION,CLUB AÉREO DE SANTIAGO,CLUB AEREO,CESSNA,CESSNA 172S
59,54,CCADG,PRIVADO,CESSNA,172S,AVION,CLUB AÉREO DE SANTIAGO,CLUB AEREO,CESSNA,CESSNA 172S
60,55,CCADH,PRIVADO,CESSNA,172S,AVION,CLUB AÉREO DE SANTIAGO,CLUB AEREO,CESSNA,CESSNA 172S
61,56,CCADJ,COMERCIAL,BRM AERO S.R.O.,BRISTELL,AVION,CENTRO DE INSTRUCCIÓN AERONÁUTICA ALTAVIA SPA,EMPRESA,BRM AERO S.R.O.,BRM AERO S.R.O. BRISTELL
62,57,CCADL,PRIVADO,FER - PA,SEAREY LSX,AVION,"ESPINOSA RAMELLI, FRANCISCO JAVIER",PERSONA NATURAL,FER - PA,FER - PA SEAREY LSX
63,58,CCADR,COMERCIAL,BELL,206L-3,HELICOPTERO,TRANSPORTES AEREOS ALPHA PAPA SPA,EMPRESA,BELL,BELL 206L-3
64,59,CCADT,PRIVADO,CL-AEROANDINAS,MXP-150 KIMBAYA,AVION,"TAMAYO MEDINA, MARCOS EDUARDO",PERSONA NATURAL,CL-AEROANDINAS,CL-AEROANDINAS MXP-150 KIMBAYA
65,60,CCADV,PRIVADO,BL-AEROANDINAS,MXP 150 KIMBAYA-2,AVION,"BARRA ESPINOZA, MARIO ALFONSO",PERSONA NATURAL,BL-AEROANDINAS,BL-AEROANDINAS MXP 150 KIMBAYA-2
66,61,CCAEA,COMERCIAL,AGUSTAWESTLAND PHILADELPHIA CORP.,AW119MKII,HELICOPTERO,FIREFLY SPA,EMPRESA,AGUSTAWESTLAND PHILADELPHIA CORP.,AGUSTAWESTLAND PHILADELPHIA CORP. AW119MKII
67,62,CCAEC,PRIVADO,BELL,407,HELICOPTERO,BANCO DE CHILE,OTRO,BELL,BELL 407
68,63,CCAEE,PRIVADO,ROBINSON,R66,HELICOPTERO,AGENCIAS UNIVERSALES S.A.,EMPRESA,ROBINSON,ROBINSON R66
69,64,CCAEH,COMERCIAL,CESSNA,404,AVION,AEROVIAS DAP S. A.,OTRO,CESSNA,CESSNA 404
70,65,CCAEI,COMERCIAL,MESSERSCHMITT-BOLKOW-BLOHM,BO-105S CBS-4,HELICOPTERO,DAP HELICOPTEROS LIMITADA O HELICOPTEROS PIVCEVIC LTDA.,EMPRESA,MESSERSCHMITT-BOLKOW-BLOHM,MESSERSCHMITT-BOLKOW-BLOHM BO-105S CBS-4
71,66,CCAEJ,COMERCIAL,MESSERSCHMITT-BOLKOW-BLOHM,BO-105S CBS-4,HELICOPTERO,AEROVIAS DAP S. A.,OTRO,MESSERSCHMITT-BOLKOW-BLOHM,MESSERSCHMITT-BOLKOW-BLOHM BO-105S CBS-4
72,67,CCAEK,COMERCIAL,EUROCOPTER,AS-350B3,HELICOPTERO,DAP HELICOPTEROS LIMITADA O HELICOPTEROS PIVCEVIC LTDA.,EMPRESA,EUROCOPTER,EUROCOPTER AS-350B3
73,68,CCAEL,PRIVADO,ROBINSON,R44,HELICOPTERO,INMOBILIARIA PETROHUÉ SPA,EMPRESA,ROBINSON,ROBINSON R44
74,69,CCAEP,PRIVADO,BELL,206L-4,HELICOPTERO,"CARDOEN CORNEJO, CARLOS REMIGIO",PERSONA NATURAL,BELL,BELL 206L-4
75,70,CCAEQ,PRIVADO,MG-CZAW,SPORT CRUISER,AVION,"VILLAGRA CUEVAS, JUAN IGNACIO",PERSONA NATURAL,MG-CZAW,MG-CZAW SPORT CRUISER
76,71,CCAER,PRIVADO,ALUMAS,PELICANO,AVION,MAS LIMITADA,EMPRESA,ALUMAS,ALUMAS PELICANO
77,72,CCAEU,COMERCIAL,EUROCOPTER,AS-350B3,HELICOPTERO,SERVICIOS AEREOS KIPREOS S.A.,EMPRESA,EUROCOPTER,EUROCOPTER AS-350B3
78,73,CCAEV,COMERCIAL,PIPER,PA-31T,AVION,LINEA DE AERO-SERVICIOS S.A.,EMPRESA,PIPER,PIPER PA-31T
79,74,CCAEX,PRIVADO,AGUSTAWESTLAND PHILADELPHIA CORP.,A119,HELICOPTERO,OCHO FUEGOS SPA,EMPRESA,AGUSTAWESTLAND PHILADELPHIA CORP.,AGUSTAWESTLAND PHILADELPHIA CORP. A119
80,75,CCAFB,COMERCIAL,CESSNA,172S,AVION,MEGAPARTS S.A.,EMPRESA,CESSNA,CESSNA 172S
81,76,CCAFC,COMERCIAL,CESSNA,172S,AVION,MEGAPARTS S.A.,EMPRESA,CESSNA,CESSNA 172S
82,77,CCAFD,COMERCIAL,CESSNA,172S,AVION,MEGAPARTS S.A.,EMPRESA,CESSNA,CESSNA 172S
83,78,CCAFE,PRIVADO,BEECHCRAFT CORP.,V35B,AVION,"FRINDT PAULY, BRUNO GERMÁN",PERSONA NATURAL,BEECHCRAFT,BEECHCRAFT V35B
84,79,CCAFG,PRIVADO,FG-ACH-PA,SEAREY LSX,AVION,"GILABERT DIBAR, ALFREDO FERNANDO Y CHAHIN FERREYRA, ANDRÉS ALFREDO",PERSONA NATURAL,FG-ACH-PA,FG-ACH-PA SEAREY LSX
85,80,CCAFJ,PRIVADO,RAYTHEON,G36,AVION,"MONREAL HAASE, JAVIER AGUSTIN",PERSONA NATURAL,RAYTHEON,RAYTHEON G36
86,81,CCAFK,COMERCIAL,EUROCOPTER,AS-350B3,HELICOPTERO,AIR LAMA HELICOPTERS SPA,EMPRESA,EUROCOPTER,EUROCOPTER AS-350B3
87,82,CCAFL,COMERCIAL,EUROCOPTER,AS-350B3,HELICOPTERO,SERVICIOS Y ARRIENDOS ROTORTEC SPA,EMPRESA,EUROCOPTER,EUROCOPTER AS-350B3
88,83,CCAFM,COMERCIAL,"AIRCRAFT INDUSTRIES, A.S.",L410 UVP-E20,AVION,INVERSIONES AÉREAS PATAGONIA LIMITADA,EMPRESA,"AIRCRAFT INDUSTRIES, A.S.","AIRCRAFT INDUSTRIES, A.S. L410 UVP-E20"
89,84,CCAFN,PRIVADO,HSR-VAN S,RV-7,AVION,"FORNO NENCI, PAULO FRANCO",PERSONA NATURAL,HSR-VAN S,HSR-VAN S RV-7
90,84,CCAFN,PRIVADO,HSR-VAN S,RV-7,AVION,"SILBERSTEIN ORTIZ, GABRIEL",PERSONA NATURAL,HSR-VAN S,HSR-VAN S RV-7
91,85,CCAFO,COMERCIAL,HAWKER BEECHCRAFT CORP.,B200GT,AVION,AEROCOMERCIAL ANDES AIR LIMITADA,EMPRESA,BEECHCRAFT,BEECHCRAFT B200GT
92,86,CCAFP,PRIVADO,CESSNA,172S,AVION,"ARELLANO VENEGAS, MARCOS",PERSONA NATURAL,CESSNA,CESSNA 172S
93,87,CCAFR,COMERCIAL,EUROCOPTER,AS-350B3,HELICOPTERO,ECOCOPTER S.A.,EMPRESA,EUROCOPTER,EUROCOPTER AS-350B3
94,88,CCAFT,PRIVADO,ROBINSON,R44 II,HELICOPTERO,"CAPELLA SKOKNIC, CARLOS FRANCISCO",PERSONA NATURAL,ROBINSON,ROBINSON R44 II
95,89,CCAFU,PRIVADO,CESSNA,182S,AVION,"BANNURA MISLEJ, PATRICIO ANDRES",PERSONA NATURAL,CESSNA,CESSNA 182S
96,90,CCAFV,PRIVADO,CIRRUS,SR22,AVION,TRANSPORTES AEREOS BIMINI SPA,EMPRESA,CIRRUS,CIRRUS SR22
97,91,CCAGA,PRIVADO,BEECHCRAFT CORP.,F33A,AVION,EMPRESA   AEREA  ARRECIFE  LIMITADA,EMPRESA,BEECHCRAFT,BEECHCRAFT F33A
98,92,CCAGB,PRIVADO,STEARNS TRANSIT CORP-PA,SEAREY LSX,AVION,"BOETSCH MIRA, CRISTOBAL",PERSONA NATURAL,STEARNS TRANSIT CORP-PA,STEARNS TRANSIT CORP-PA SEAREY LSX
99,93,CCAGE,PRIVADO,ROBINSON,R66,HELICOPTERO,AGRÍCOLA RADEMACHER Y COMPAÑÍA LIMITADA,EMPRESA,ROBINSON,ROBINSON R66
100,94,CCAGF,PRIVADO,ROTORWAY PTY LTD.,A600 TALON,HELICOPTERO,"TORTELLO MANETTI, LIDO JORGE",PERSONA NATURAL,ROTORWAY PTY LTD.,ROTORWAY PTY LTD. A600 TALON
101,95,CCAGG,COMERCIAL,EUROCOPTER,AS-350B3,HELICOPTERO,AEROFLY SERVICIOS SPA,EMPRESA,EUROCOPTER,EUROCOPTER AS-350B3
102,96,CCAGH,PRIVADO,AEROPRAKT LTD.,A-22L2,AVION,"PEREZ BARAHONA, GABRIEL ROSARIO",PERSONA NATURAL,AEROPRAKT LTD.,AEROPRAKT LTD. A-22L2
103,97,CCAGI,COMERCIAL,CESSNA,172S,AVION,ESCUELA DE TRABAJOS AEREOS FEDERICO SANTA MARIA SPA,EMPRESA,CESSNA,CESSNA 172S
104,98,CCAGM,PRIVADO,PIPER,PA-28-181,AVION,CLUB AÉREO DE VALPARAÍSO Y VIÑA DEL MAR,CLUB AEREO,PIPER,PIPER PA-28-181
105,99,CCAGN,PRIVADO,SCHEMPP-HIRTH,VENTUS-2CT,PLANEADOR,"RODRIGUEZ PENIN, AMADOR FRANCISCO",PERSONA NATURAL,SCHEMPP-HIRTH,SCHEMPP-HIRTH VENTUS-2CT
106,100,CCAGO,PRIVADO,CIRRUS,SR22T,AVION,SOCIEDAD DE INVERSIONES ALERCE ANDINO LIMITADA,EMPRESA,CIRRUS,CIRRUS SR22T
107,101,CCAGQ,COMERCIAL,ROBINSON,R66,HELICOPTERO,ARRAYAN - AEROMAR LIMITADA,EMPRESA,ROBINSON,ROBINSON R66
108,102,CCAGS,PRIVADO,BELL,407,HELICOPTERO,AGRICOLA EL CASERIO LIMITADA,EMPRESA,BELL,BELL 407
109,103,CCAGU,PRIVADO,CIRRUS,SR22,AVION,CLUB AÉREO TALCAHUANO,CLUB AEREO,CIRRUS,CIRRUS SR22
110,104,CCAGV,PRIVADO,AEROPRAKT LTD.,A-22L2,AVION,ARMANDO CORREA GARATE,OTRO,AEROPRAKT LTD.,AEROPRAKT LTD. A-22L2
111,104,CCAGV,PRIVADO,AEROPRAKT LTD.,A-22L2,AVION,ARMANDO CORREA YAVAR,OTRO,AEROPRAKT LTD.,AEROPRAKT LTD. A-22L2
112,105,CCAGW,PRIVADO,AEROPRAKT LTD.,A-22L2,AVION,"YUNG FUCHSLOCHER, NICOLAS ANDRES",PERSONA NATURAL,AEROPRAKT LTD.,AEROPRAKT LTD. A-22L2
113,106,CCAGX,PRIVADO,CESSNA,180,AVION,ASESORIA GESTION Y DESARROLLO SPA,EMPRESA,CESSNA,CESSNA 180
114,107,CCAGY,PRIVADO,APV-ZENITH A.C.,STOL CH 701,AVION,"CALVO MONTT, ROBERTO",PERSONA NATURAL,APV-ZENITH A.C.,APV-ZENITH A.C. STOL CH 701
115,108,CCAHB,PRIVADO,JIHLAVAN AIRPLANES S.R.O.,JA-600,AVION,SOCIEDAD DE SERVICIOS AERONAUTICOS AEROLIDER SPA,EMPRESA,JIHLAVAN AIRPLANES S.R.O.,JIHLAVAN AIRPLANES S.R.O. JA-600
116,109,CCAHF,PRIVADO,DIAMOND AIRCRAFT INDUSTRIES,DA 20-C1,AVION,CLUB AÉREO DE SANTIAGO,CLUB AEREO,DIAMOND AIRCRAFT INDUSTRIES,DIAMOND AIRCRAFT INDUSTRIES DA 20-C1
117,110,CCAHG,PRIVADO,DIAMOND AIRCRAFT INDUSTRIES,DA 20-C1,AVION,CLUB AÉREO DE SANTIAGO,CLUB AEREO,DIAMOND AIRCRAFT INDUSTRIES,DIAMOND AIRCRAFT INDUSTRIES DA 20-C1
118,111,CCAHH,PRIVADO,AEROPRAKT LTD.,A-22L2,AVION,CLUB AÉREO DE TEMUCO,CLUB AEREO,AEROPRAKT LTD.,AEROPRAKT LTD. A-22L2
119,112,CCAHI,PRIVADO,AEROPRAKT LTD.,A-22L2,AVION,LUIS ALBERTO TAMAYO MEDINA,OTRO,AEROPRAKT LTD.,AEROPRAKT LTD. A-22L2
120,113,CCAHJ,PRIVADO,AEROPRAKT LTD.,A-22L2,AVION,SEBASTIÁN ÁLVAREZ ORELLANA,OTRO,AEROPRAKT LTD.,AEROPRAKT LTD. A-22L2
121,114,CCAHK,PRIVADO,CESSNA,206H,AVION,CLUB AÉREO DEL PERSONAL DE CARABINEROS DE CHILE,CLUB AEREO,CESSNA,CESSNA 206H
122,115,CCAHL,PRIVADO,CESSNA,182T,AVION,CLUB AÉREO DEL PERSONAL DE CARABINEROS DE CHILE,CLUB AEREO,CESSNA,CESSNA 182T
123,116,CCAHM,PRIVADO,CESSNA,182T,AVION,CLUB AÉREO DEL PERSONAL DE CARABINEROS DE CHILE,CLUB AEREO,CESSNA,CESSNA 182T
124,117,CCAHN,COMERCIAL,BEECH AIRCRAFT CORPORATION,C90,AVION,SOCIEDAD TRANSPORTE AEROMÉDICO CRÍTICO SPA,EMPRESA,BEECHCRAFT,BEECHCRAFT C90
125,118,CCAHO,COMERCIAL,EUROCOPTER,AS 350 B3,HELICOPTERO,AIR LAMA HELICOPTERS SPA,EMPRESA,EUROCOPTER,EUROCOPTER AS 350 B3
126,119,CCAHP,COMERCIAL,EUROCOPTER,AS-350B3,HELICOPTERO,TURISMO EL BARRACO LIMITADA,EMPRESA,EUROCOPTER,EUROCOPTER AS-350B3
127,120,CCAHU,COMERCIAL,PIPISTREL LSA S.R.L.,VIRUS SW,AVION,AEROINNOVA SPA,EMPRESA,PIPISTREL LSA S.R.L.,PIPISTREL LSA S.R.L. VIRUS SW
128,121,CCAHW,COMERCIAL,CESSNA,A188B,AVION,SOCIEDAD DE TRABAJOS AEREOS AEROPACIFICO LIMITADA,EMPRESA,CESSNA,CESSNA A188B
129,122,CCAHX,COMERCIAL,CESSNA,T188C,AVION,SOCIEDAD DE TRABAJOS AEREOS AEROPACIFICO LIMITADA,EMPRESA,CESSNA,CESSNA T188C
130,123,CCAHY,COMERCIAL,AGUSTA,AW109SP,HELICOPTERO,AEROCARDAL LIMITADA,EMPRESA,AGUSTA,AGUSTA AW109SP
131,124,CCAHZ,PRIVADO,ROBINSON,R44 II,HELICOPTERO,HELIFLY SPA,EMPRESA,ROBINSON,ROBINSON R44 II
132,125,CCAIA,PRIVADO,ROBINSON,R44 II,HELICOPTERO,FLYCOPTER I SPA,EMPRESA,ROBINSON,ROBINSON R44 II
133,126,CCAIF,PRIVADO,ROBINSON,R66,HELICOPTERO,PACÍFICA HELICÓPTEROS LIMITADA,EMPRESA,ROBINSON,ROBINSON R66
134,127,CCAIG,PRIVADO,SCHEMPP-HIRTH,ARCUS M,PLANEADOR,"ERRAZURIZ BEECHE, ANDRES SEBASTIAN",PERSONA NATURAL,SCHEMPP-HIRTH,SCHEMPP-HIRTH ARCUS M
135,128,CCAIJ,PRIVADO,AEROPRAKT LTD.,A-22LS,AVION,"JARA PACHECO, HÉCTOR RAMÓN",PERSONA NATURAL,AEROPRAKT LTD.,AEROPRAKT LTD. A-22LS
136,129,CCAIL,COMERCIAL,CESSNA,172RG,AVION,AEROTRUST TRABAJOS AÉREOS LIMITADA,EMPRESA,CESSNA,CESSNA 172RG
137,130,CCAIM,PRIVADO,BEECHCRAFT CORP.,V35B,AVION,"DEPOLO TISSAVAK, MIGUEL SANTIAGO",PERSONA NATURAL,BEECHCRAFT,BEECHCRAFT V35B
138,131,CCAIN,COMERCIAL,CESSNA,172S,AVION,AEROTRUST TRABAJOS AÉREOS LIMITADA,EMPRESA,CESSNA,CESSNA 172S
139,132,CCAIP,PRIVADO,ROBINSON,R66,HELICOPTERO,"RUIZ BORNSCHEUER, JAIME FRANCISCO",PERSONA NATURAL,ROBINSON,ROBINSON R66
140,133,CCAIR,PRIVADO,AEROPRO CZ S.R.O.,EUROFOX 3K,AVION,"KAECHELE OBREQUE, MÓNICA TATIANA",PERSONA NATURAL,AEROPRO CZ S.R.O.,AEROPRO CZ S.R.O. EUROFOX 3K
141,134,CCAIS,COMERCIAL,EUROCOPTER,AS-350B3,HELICOPTERO,TRANSPORTE AEREO ALBATROS LIMITADA,EMPRESA,EUROCOPTER,EUROCOPTER AS-350B3
142,135,CCAIU,PRIVADO,CM-STARBALLOONS,OASIS 77,GLOBO,"ACUÑA GONZALEZ, JORGE FABIAN",PERSONA NATURAL,CM-STARBALLOONS,CM-STARBALLOONS OASIS 77
143,136,CCAIV,COMERCIAL,CESSNA,172S,AVION,ESCUELA DE TRABAJOS AEREOS FEDERICO SANTA MARIA SPA,EMPRESA,CESSNA,CESSNA 172S
144,137,CCAIW,PRIVADO,SCHEMPP-HIRTH,VENTUS-2C,PLANEADOR,CLUB DE PLANEADORES DE VITACURA,CLUB AEREO,SCHEMPP-HIRTH,SCHEMPP-HIRTH VENTUS-2C
145,138,CCAIZ,PRIVADO,ROBINSON,R44,HELICOPTERO,"MARTINEZ PERALES, FERNANDO JORGE",PERSONA NATURAL,ROBINSON,ROBINSON R44
146,139,CCAJA,PRIVADO,ROBINSON,R44,HELICOPTERO,SERVICIOS Y ARRIENDOS ROTORTEC SPA,EMPRESA,ROBINSON,ROBINSON R44
147,140,CCAJC,PRIVADO,ALFARO-VAN S,RV--8,AVION,"ALFARO TAPIA, PATRICIO ARTURO",PERSONA NATURAL,ALFARO-VAN S,ALFARO-VAN S RV--8
148,141,CCAJD,PRIVADO,AEROPRAKT LTD.,A-22LS,AVION,"CARRASCO HURTADO, HUGO RICARDO",PERSONA NATURAL,AEROPRAKT LTD.,AEROPRAKT LTD. A-22LS
149,142,CCAJE,PRIVADO,AEROPRAKT LTD.,A-22LS,AVION,"PEREZ VALDES, AUGUSTO JOSE",PERSONA NATURAL,AEROPRAKT LTD.,AEROPRAKT LTD. A-22LS
150,143,CCAJI,PRIVADO,ROBINSON,R66,HELICOPTERO,INVERSIONES SOL DEL NORTE LIMITADA,EMPRESA,ROBINSON,ROBINSON R66
151,144,CCAJJ,PRIVADO,TEXTRON AVIATION INC.,172S,AVION,"KIRSTEN ROTHER, RICARDO ARTURO",PERSONA NATURAL,TEXTRON AVIATION INC.,TEXTRON AVIATION INC. 172S
152,145,CCAJL,PRIVADO,CIRRUS,SR22,AVION,AVIACIÓN ALB SPA,EMPRESA,CIRRUS,CIRRUS SR22
153,146,CCAJN,COMERCIAL,PIPER,PA-38-112,AVION,ANDREJ KONSTANTIN OSTOJIC ARRIETA SERVICIOS AERONAUTICOS E.I.R.L.,OTRO,PIPER,PIPER PA-38-112
154,147,CCAJO,PRIVADO,CESSNA,172S,AVION,CLUB AÉREO MELIPILLA,CLUB AEREO,CESSNA,CESSNA 172S
155,148,CCAJP,COMERCIAL,PIPISTREL LSA S.R.L.,ALPHA TRAINER,AVION,AEROINNOVA SPA,EMPRESA,PIPISTREL LSA S.R.L.,PIPISTREL LSA S.R.L. ALPHA TRAINER
156,149,CCAJQ,PRIVADO,PILATUS AIRCRAFT LTD.,B4-PC11,PLANEADOR,CLUB DE PLANEADORES DE VITACURA,CLUB AEREO,PILATUS AIRCRAFT LTD.,PILATUS AIRCRAFT LTD. B4-PC11
157,150,CCAJS,COMERCIAL,BRITISH AEROSPACE REGIONAL AIRCRAFT LTD.,AVRO 146 - RJ85,AVION,AEROVIAS DAP S. A.,OTRO,BRITISH AEROSPACE REGIONAL AIRCRAFT LTD.,BRITISH AEROSPACE REGIONAL AIRCRAFT LTD. AVRO 146 - RJ85
158,151,CCAJT,PRIVADO,GLASFLUGEL,H301B,PLANEADOR,CLUB DE PLANEADORES DE VALPARAÍSO,CLUB AEREO,GLASFLUGEL,GLASFLUGEL H301B
159,152,CCAJV,PRIVADO,CESSNA,T210N,AVION,"SAN MARTÍN GARCÍA, CARLOS MARTÍN RENÉ",PERSONA NATURAL,CESSNA,CESSNA T210N
160,153,CCAJW,PRIVADO,BELL,407,HELICOPTERO,INVERSIONES AÉREAS PATAGONIA LIMITADA,EMPRESA,BELL,BELL 407
161,154,CCAJX,PRIVADO,CESSNA,172S,AVION,CLUB AÉREO DE CHILLÁN,CLUB AEREO,CESSNA,CESSNA 172S
162,155,CCAJY,PRIVADO,CESSNA,150M,AVION,CLUB AÉREO NAVAL,CLUB AEREO,CESSNA,CESSNA 150M
163,156,CCAJZ,PRIVADO,ROBINSON,R66,HELICOPTERO,TRANQUILO PATAGONIA SPA,EMPRESA,ROBINSON,ROBINSON R66
164,157,CCAKA,PRIVADO,CESSNA,152,AVION,CLUB AÉREO DE RÍO BUENO,CLUB AEREO,CESSNA,CESSNA 152
165,158,CCAKC,COMERCIAL,ROBINSON,R66,HELICOPTERO,SERVICIOS Y ARRIENDOS ROTORTEC SPA,EMPRESA,ROBINSON,ROBINSON R66
166,159,CCAKD,PRIVADO,AGUSTAWESTLAND PHILADELPHIA CORP.,A109E,HELICOPTERO,EXPORTADORA SAN RAFAEL LIMITADA,EMPRESA,AGUSTAWESTLAND PHILADELPHIA CORP.,AGUSTAWESTLAND PHILADELPHIA CORP. A109E
167,160,CCAKH,PRIVADO,CESSNA,R172K,AVION,FLY AWAY SPA,EMPRESA,CESSNA,CESSNA R172K
168,161,CCAKI,PRIVADO,CESSNA,T310R,AVION,ASU SPA,EMPRESA,CESSNA,CESSNA T310R
169,162,CCAKJ,PRIVADO,ROBINSON,R66,HELICOPTERO,"COX DONOSO, JOSE GABRIEL",PERSONA NATURAL,ROBINSON,ROBINSON R66
170,163,CCAKN,PRIVADO,CESSNA,172S,AVION,CLUB AÉREO CIVIL DE PURRANQUE,CLUB AEREO,CESSNA,CESSNA 172S
171,164,CCAKP,PRIVADO,AEROPRAKT LTD.,A-22LS,AVION,"ERRANZ ZORNOW, PAULA ANDREA",PERSONA NATURAL,AEROPRAKT LTD.,AEROPRAKT LTD. A-22LS
172,164,CCAKP,PRIVADO,AEROPRAKT LTD.,A-22LS,AVION,"MONTES BRIONES, IVÁN JORGE",PERSONA NATURAL,AEROPRAKT LTD.,AEROPRAKT LTD. A-22LS
173,165,CCAKQ,PRIVADO,ROBINSON,R66,HELICOPTERO,"INV. VC LTDA.; INV. LOS MONJES LTDA.; LET SPA Y HOLMGREN FERNÁNDEZ, DANIELA",EMPRESA,ROBINSON,ROBINSON R66
174,166,CCAKT,PRIVADO,CESSNA,140,AVION,"OVIEDO ETCHEGARAY, TOMAS IGNACIO",PERSONA NATURAL,CESSNA,CESSNA 140
175,167,CCAKV,PRIVADO,AEROPRAKT LTD.,A-22LS,AVION,"STAMPARINI, MARCELO FABIAN",PERSONA NATURAL,AEROPRAKT LTD.,AEROPRAKT LTD. A-22LS
176,168,CCAKW,COMERCIAL,AGUSTAWESTLAND PHILADELPHIA CORP.,AW119MKII,HELICOPTERO,TECNO JET LIMITADA,EMPRESA,AGUSTAWESTLAND PHILADELPHIA CORP.,AGUSTAWESTLAND PHILADELPHIA CORP. AW119MKII
177,169,CCAKX,PRIVADO,RDZENITH,STOLCH750,AVION,"VEGA ORELLANA, MARCO AURELIO",PERSONA NATURAL,RDZENITH,RDZENITH STOLCH750
178,170,CCAKY,COMERCIAL,ROBINSON,R66,HELICOPTERO,SERVICIOS AEREOS CONDOR SPA,EMPRESA,ROBINSON,ROBINSON R66
179,171,CCAKZ,PRIVADO,CESSNA,172R,AVION,CLUB AÉREO DE RÍO BUENO,CLUB AEREO,CESSNA,CESSNA 172R
180,172,CCALA,PRIVADO,ROBINSON,R44 II,HELICOPTERO,"RUIZ CIFUENTES, MARCELO FERNANDO",PERSONA NATURAL,ROBINSON,ROBINSON R44 II
181,173,CCALB,PRIVADO,ROBINSON,R44 II,HELICOPTERO,TOCONEY SPA,EMPRESA,ROBINSON,ROBINSON R44 II
182,174,CCALC,PRIVADO,ROBINSON,R44 II,HELICOPTERO,AGRICOLA ZURIA LIMITADA,EMPRESA,ROBINSON,ROBINSON R44 II
183,175,CCALD,PRIVADO,ROBINSON,R44 II,HELICOPTERO,AGRICOLA SAN OSVALDO SPA,EMPRESA,ROBINSON,ROBINSON R44 II
184,176,CCALE,PRIVADO,ROBINSON,R44 II,HELICOPTERO,SERVICIOS TROCO TROCO SPA,EMPRESA,ROBINSON,ROBINSON R44 II
185,177,CCALG,PRIVADO,ROBINSON,R44,HELICOPTERO,"MONTESINOS IROUME, GASTON",PERSONA NATURAL,ROBINSON,ROBINSON R44
186,178,CCALH,PRIVADO,ROBINSON,R44 II,HELICOPTERO,"INGENIERIA DE MADERAS, COMERCIAL E INDUSTRIAL LIMITADA",EMPRESA,ROBINSON,ROBINSON R44 II
187,179,CCALI,PRIVADO,CESSNA,150M,AVION,CLUB AÉREO NAVAL,CLUB AEREO,CESSNA,CESSNA 150M
188,180,CCALJ,PRIVADO,CESSNA,172S,AVION,CLUB AÉREO DE PUERTO MONTT,CLUB AEREO,CESSNA,CESSNA 172S
189,181,CCALK,PRIVADO,PIPER,J3C-65,AVION,"RIOS GROTEWOLD, JORGE ANTONIO",PERSONA NATURAL,PIPER,PIPER J3C-65
190,182,CCALL,PRIVADO,BELL,407,HELICOPTERO,AGRICOLA PRODUCTOS SILVESTRES S.A.,EMPRESA,BELL,BELL 407
191,183,CCALM,PRIVADO,CESSNA,150L,AVION,BRAINBOX SPA,EMPRESA,CESSNA,CESSNA 150L
192,184,CCALN,PRIVADO,EUROCOPTER,EC 130 T2,HELICOPTERO,"CUETO PLAZA, IGNACIO JAVIER",PERSONA NATURAL,EUROCOPTER,EUROCOPTER EC 130 T2
193,184,CCALN,PRIVADO,EUROCOPTER,EC 130 T2,HELICOPTERO,"DAVIS LECAROS, NICHOLAS ANDREW",PERSONA NATURAL,EUROCOPTER,EUROCOPTER EC 130 T2
194,185,CCALO,COMERCIAL,HAWKER BEECHCRAFT CORP.,B200GT,AVION,AEROBENIC S.A.,EMPRESA,BEECHCRAFT,BEECHCRAFT B200GT
195,186,CCALP,PRIVADO,CALVO ZENITH,STOL CH 701,AVION,"CALVO BASCUÑÁN, LUIS; CALVO B., MARGARITA; CALVO B. JOSÉ Y CALVO B., JAVIER",PERSONA NATURAL,CALVO ZENITH,CALVO ZENITH STOL CH 701
196,187,CCALQ,PRIVADO,CBC-ZENITH,STOL CH 701,AVION,CLUB AÉREO CIVIL DE PURRANQUE,CLUB AEREO,CBC-ZENITH,CBC-ZENITH STOL CH 701
197,188,CCALR,PRIVADO,JSS-ZENITH,STOL CH 701,AVION,"ARIAS HIDALGO, FRANCISCO JAVIER",PERSONA NATURAL,JSS-ZENITH,JSS-ZENITH STOL CH 701
198,188,CCALR,PRIVADO,JSS-ZENITH,STOL CH 701,AVION,"TIRADO BERROETA, PABLO RODRIGO",PERSONA NATURAL,JSS-ZENITH,JSS-ZENITH STOL CH 701
199,189,CCALS,COMERCIAL,PIPER,PA-31-350,AVION,SERVICIOS AÉREOS PUERTO MONTT SPA,EMPRESA,PIPER,PIPER PA-31-350
200,190,CCALT,PRIVADO,CESSNA,172S,AVION,CLUB AÉREO DE LOS ÁNGELES,CLUB AEREO,CESSNA,CESSNA 172S
201,191,CCALU,PRIVADO,BELL,407,HELICOPTERO,"ERGAS HEYMANN, JORGE FELIPE",PERSONA NATURAL,BELL,BELL 407
202,192,CCALV,COMERCIAL,BELL,206L-3,HELICOPTERO,PATAGONIA COPTERS SPA,EMPRESA,BELL,BELL 206L-3
203,193,CCALW,PRIVADO,ROBINSON,R44 II,HELICOPTERO,AMALFI LIMITADA,EMPRESA,ROBINSON,ROBINSON R44 II
204,193,CCALW,PRIVADO,ROBINSON,R44 II,HELICOPTERO,ANDRÉS EDUARDO CARDOEN AYLWIN,OTRO,ROBINSON,ROBINSON R44 II
205,193,CCALW,PRIVADO,ROBINSON,R44 II,HELICOPTERO,EUGENIO ALFREDO EBEN ARESTI,OTRO,ROBINSON,ROBINSON R44 II
206,194,CCALX,PRIVADO,CESSNA,172R,AVION,CLUB AÉREO DE OSORNO,CLUB AEREO,CESSNA,CESSNA 172R
207,195,CCALY,COMERCIAL,CESSNA,172M,AVION,FLY WITH US SPA,EMPRESA,CESSNA,CESSNA 172M
208,196,CCAMA,COMERCIAL,AEROSPATIALE,AS-350BA,HELICOPTERO,VOLCANO HELICOPTEROS SPA,EMPRESA,AEROSPATIALE,AEROSPATIALE AS-350BA
209,197,CCAMB,PRIVADO,CESSNA,172N,AVION,CLUB AÉREO DE OSORNO,CLUB AEREO,CESSNA,CESSNA 172N
210,198,CCAMC,PRIVADO,JVQ - LANCAIR,235,AVION,"MARENTIS RALLIN, JUAN MANUEL",PERSONA NATURAL,JVQ - LANCAIR,JVQ - LANCAIR 235
211,199,CCAMD,COMERCIAL,PIPER,PA-25-235,AVION,SOCIEDAD DE TRABAJOS AEREOS AEROPACIFICO LIMITADA,EMPRESA,PIPER,PIPER PA-25-235
212,200,CCAMF,PRIVADO,AEROPRAKT LTD.,A-22LS,AVION,CLUB AÉREO DE FRUTILLAR,CLUB AEREO,AEROPRAKT LTD.,AEROPRAKT LTD. A-22LS
213,201,CCAMG,PRIVADO,AEROPRAKT LTD.,A-22LS,AVION,"CARVAJAL LEIVA, PABLO IGNACIO",PERSONA NATURAL,AEROPRAKT LTD.,AEROPRAKT LTD. A-22LS
214,201,CCAMG,PRIVADO,AEROPRAKT LTD.,A-22LS,AVION,"FIGUEROA LUCERO, MARCO ANTONIO",PERSONA NATURAL,AEROPRAKT LTD.,AEROPRAKT LTD. A-22LS
215,202,CCAMH,COMERCIAL,AIRBUS HELICOPTERS,EC 155 B1,HELICOPTERO,AERO ANDINA S.A.,EMPRESA,AIRBUS,AIRBUS EC 155 B1
216,203,CCAMI,PRIVADO,EVEKTOR AEROTECHNIK A.S.,HARMONY LSA,AVION,LEADING EDGE SPA,EMPRESA,EVEKTOR AEROTECHNIK A.S.,EVEKTOR AEROTECHNIK A.S. HARMONY LSA
217,204,CCAMJ,PRIVADO,BEECHCRAFT CORP.,200,AVION,"LIZANA VAN DER SCHRAFT, RICARDO ANDRÉS",PERSONA NATURAL,BEECHCRAFT,BEECHCRAFT 200
218,205,CCAMK,PRIVADO,ROBINSON,R44 II,HELICOPTERO,SERVICIOS MC FARMING LIMITADA,EMPRESA,ROBINSON,ROBINSON R44 II
219,206,CCAMN,PRIVADO,J WILSON/B PAYNE,CA 10,AVION,CLUB AEREO AIR SKYDIVE,CLUB AEREO,J WILSON/B PAYNE,J WILSON/B PAYNE CA 10
220,207,CCAMQ,PRIVADO,CESSNA,172S,AVION,CLUB AÉREO DE LOS ANDES,CLUB AEREO,CESSNA,CESSNA 172S
221,208,CCAMR,PRIVADO,CESSNA,150M,AVION,CLUB AÉREO DE SAN FERNANDO,CLUB AEREO,CESSNA,CESSNA 150M
222,209,CCAMT,PRIVADO,CESSNA,172N,AVION,CLUB AÉREO DE TALCA,CLUB AEREO,CESSNA,CESSNA 172N
223,210,CCAMU,PRIVADO,CESSNA,172M,AVION,CLUB AÉREO DE VILLARRICA,CLUB AEREO,CESSNA,CESSNA 172M
224,211,CCAMV,PRIVADO,AMERICAN CHAMPION AIRCRAFT,8KCAB,AVION,CLUB AÉREO DE PUERTO MONTT,CLUB AEREO,AMERICAN CHAMPION AIRCRAFT,AMERICAN CHAMPION AIRCRAFT 8KCAB
225,212,CCAMW,PRIVADO,LET,L-23,PLANEADOR,CLUB DE PLANEADORES DE VITACURA,CLUB AEREO,LET,LET L-23
226,213,CCAMX,COMERCIAL,BOMBARDIER INC.,CL-600-2B16 (604 VARIANT),AVION,SERVICIOS AEREOS FORESTALES LIMITADA,EMPRESA,BOMBARDIER INC.,BOMBARDIER INC. CL-600-2B16 (604 VARIANT)
227,214,CCAMZ,PRIVADO,TL ULTRALIGHT S.R.O.,TL 3000 SIRIUS,AVION,"WINKLER OLIVA, CRISTIAN WALTER",PERSONA NATURAL,TL ULTRALIGHT S.R.O.,TL ULTRALIGHT S.R.O. TL 3000 SIRIUS
228,215,CCANA,PRIVADO,BELL,429,HELICOPTERO,AEROCOMERCIAL PATAGONIA LIMITADA,EMPRESA,BELL,BELL 429
229,216,CCANB,PRIVADO,VANS-G,RV-7,AVION,"GIMENEZ CELIS, GONZALO ANDRES",PERSONA NATURAL,VANS-G,VANS-G RV-7
230,217,CCANC,PRIVADO,BEECHCRAFT CORP.,G36,AVION,INMOBILIARIA LOS BOLDOS LIMITADA,EMPRESA,BEECHCRAFT,BEECHCRAFT G36
231,218,CCAND,COMERCIAL,EMBRAER S.A.,EMB-505,AVION,SERVICIOS AEREOS ACF AVIACION LIMITADA,EMPRESA,EMBRAER S.A.,EMBRAER S.A. EMB-505
232,219,CCANE,PRIVADO,ROBINSON,R44 II,HELICOPTERO,SOCIEDAD AGRICOLA LAS MARIAS LIMITADA,EMPRESA,ROBINSON,ROBINSON R44 II
233,220,CCANF,PRIVADO,ROBINSON,R44,HELICOPTERO,COMERCIAL LOS ARRAYANES S.A.,EMPRESA,ROBINSON,ROBINSON R44
234,221,CCANG,PRIVADO,ROBINSON,R66,HELICOPTERO,"BIENZOBAS VENEGAS, ROLANDO",PERSONA NATURAL,ROBINSON,ROBINSON R66
235,222,CCANH,COMERCIAL,GUIMBAL,CABRI G2,HELICOPTERO,EXPLORAIR SPA,EMPRESA,GUIMBAL,GUIMBAL CABRI G2
236,223,CCANI,PRIVADO,CM-STARBALLOONS,OASIS 77,GLOBO,BALLO TOUR CHILE E.I.R.L.,OTRO,CM-STARBALLOONS,CM-STARBALLOONS OASIS 77
237,224,CCANK,PRIVADO,DIAMOND AIRCRAFT INDUSTRIES,DA 20-C1,AVION,CLUB AÉREO DE SANTIAGO,CLUB AEREO,DIAMOND AIRCRAFT INDUSTRIES,DIAMOND AIRCRAFT INDUSTRIES DA 20-C1
238,225,CCANL,PRIVADO,DIAMOND AIRCRAFT INDUSTRIES,DA 20-C1,AVION,CLUB AÉREO DE SANTIAGO,CLUB AEREO,DIAMOND AIRCRAFT INDUSTRIES,DIAMOND AIRCRAFT INDUSTRIES DA 20-C1
239,226,CCANM,PRIVADO,EXTRA FLUGZEUGBAU,EA 300/L,AVION,VUOLO SPA,EMPRESA,EXTRA FLUGZEUGBAU,EXTRA FLUGZEUGBAU EA 300/L
240,227,CCANN,COMERCIAL,AGUSTAWESTLAND PHILADELPHIA CORP.,AB212,HELICOPTERO,PEGASUS SOUTH AMERICA SERVICIOS INTEGRALES DE AVIACION SPA,EMPRESA,AGUSTAWESTLAND PHILADELPHIA CORP.,AGUSTAWESTLAND PHILADELPHIA CORP. AB212
241,228,CCANP,PRIVADO,AVIAT,A-1A,AVION,"GUERRA SANINO, FRANCISCO JAVIER MANUEL IGNACIO",PERSONA NATURAL,AVIAT,AVIAT A-1A
242,229,CCANQ,COMERCIAL,AIRBUS HELICOPTERS,AS 350 B3,HELICOPTERO,PUBLICITARIA PUBLI G SPA,EMPRESA,AIRBUS,AIRBUS AS 350 B3
243,230,CCANR,PRIVADO,CESSNA,510,AVION,SERVICIOS GENERALES ASTUDILLO HERMANOS LIMITADA,EMPRESA,CESSNA,CESSNA 510
244,231,CCANS,COMERCIAL,BRITISH AEROSPACE REGIONAL AIRCRAFT LTD.,AVRO 146 - RJ85,AVION,AEROVIAS DAP S. A.,OTRO,BRITISH AEROSPACE REGIONAL AIRCRAFT LTD.,BRITISH AEROSPACE REGIONAL AIRCRAFT LTD. AVRO 146 - RJ85
245,232,CCANV,PRIVADO,BRM AERO S.R.O.,BRISTELL,AVION,SOCIEDAD DE INVERSIONES DAVALTO LIMITADA,EMPRESA,BRM AERO S.R.O.,BRM AERO S.R.O. BRISTELL
246,233,CCANW,PRIVADO,GLASER-DIRKS,DG-200/17,PLANEADOR,CLUB DE PLANEADORES DE VALPARAÍSO,CLUB AEREO,GLASER-DIRKS,GLASER-DIRKS DG-200/17
247,234,CCANX,PRIVADO,BRM AERO S.R.O.,BRISTELL,AVION,"NAVARRETE POBLETE, JORGE EDUARDO",PERSONA NATURAL,BRM AERO S.R.O.,BRM AERO S.R.O. BRISTELL
248,235,CCANY,COMERCIAL,PILATUS AIRCRAFT LTD.,PC-12/47E,AVION,AEROCARDAL LIMITADA,EMPRESA,PILATUS AIRCRAFT LTD.,PILATUS AIRCRAFT LTD. PC-12/47E
249,236,CCANZ,COMERCIAL,AGUSTAWESTLAND PHILADELPHIA CORP.,A109S,HELICOPTERO,AEROCARDAL LIMITADA,EMPRESA,AGUSTAWESTLAND PHILADELPHIA CORP.,AGUSTAWESTLAND PHILADELPHIA CORP. A109S
250,237,CCAOA,COMERCIAL,GULFSTREAM AEROSPACE LP.,G150,AVION,AEROCARDAL LIMITADA,EMPRESA,GULFSTREAM AEROSPACE LP.,GULFSTREAM AEROSPACE LP. G150
251,238,CCAOB,PRIVADO,CESSNA,182T,AVION,"LORENZINI GAVILÁN, LEOPOLDO LUIS ALEJANDRO",PERSONA NATURAL,CESSNA,CESSNA 182T
252,239,CCAOD,PRIVADO,BEECHCRAFT CORP.,V35B,AVION,INVERSIONES COLINA SUR LIMITADA,EMPRESA,BEECHCRAFT,BEECHCRAFT V35B
253,240,CCAOE,PRIVADO,CESSNA,172N,AVION,CLUB DE PLANEADORES DE CONCEPCIÓN,CLUB AEREO,CESSNA,CESSNA 172N
254,241,CCAOF,PRIVADO,BEECHCRAFT CORP.,B36TC,AVION,RENTAL PLANE SPA,EMPRESA,BEECHCRAFT,BEECHCRAFT B36TC
255,242,CCAOH,COMERCIAL,BELL,412,HELICOPTERO,PEGASUS SOUTH AMERICA SERVICIOS INTEGRALES DE AVIACION SPA,EMPRESA,BELL,BELL 412
256,243,CCAOI,PRIVADO,ROBINSON,R44 II,HELICOPTERO,AEROTRUST SERVICIO LIMITADA,EMPRESA,ROBINSON,ROBINSON R44 II
257,244,CCAOJ,PRIVADO,AVIATION ARTUR TRENDAK,TERCEL,GIROPL,AERONÁUTICA MEDITERRÁNEO SPA,EMPRESA,AVIATION ARTUR TRENDAK,AVIATION ARTUR TRENDAK TERCEL
258,245,CCAOK,PRIVADO,CESSNA,206H,AVION,"DE MARTINI MONTT, CARLOS ALBERTO",PERSONA NATURAL,CESSNA,CESSNA 206H
259,245,CCAOK,PRIVADO,CESSNA,206H,AVION,"LETELIER PFINGSTHORN, JOSE MIGUEL",PERSONA NATURAL,CESSNA,CESSNA 206H
260,246,CCAOM,COMERCIAL,AIRBUS HELICOPTERS,AS 350 B3,HELICOPTERO,SERVICIOS Y ARRIENDOS ROTORTEC SPA,EMPRESA,AIRBUS,AIRBUS AS 350 B3
261,247,CCAOQ,COMERCIAL,AIR TRACTOR,AT-802,AVION,SAAMA AVIACION SPA,EMPRESA,AIR TRACTOR,AIR TRACTOR AT-802
262,248,CCAOS,COMERCIAL,AIR TRACTOR,AT-802,AVION,SAAMA AVIACION SPA,EMPRESA,AIR TRACTOR,AIR TRACTOR AT-802
263,249,CCAOT,PRIVADO,CESSNA,TR182,AVION,"ACEVEDO MARTÍNEZ, JORGE GABRIEL",PERSONA NATURAL,CESSNA,CESSNA TR182
264,250,CCAOV,PRIVADO,PIPER,PA-28R-201,AVION,COMERCIALIZADORA MT SPA,EMPRESA,PIPER,PIPER PA-28R-201
265,251,CCAOW,PRIVADO,CESSNA,T182T,AVION,"GONZALEZ TORREJON, WINSTON ENRIQUE",PERSONA NATURAL,CESSNA,CESSNA T182T
266,252,CCAPE,PRIVADO,BRM AERO S.R.O.,BRISTELL,AVION,INSTRUCCION Y TRANSPORTES AEREOS AEROMET SPA,EMPRESA,BRM AERO S.R.O.,BRM AERO S.R.O. BRISTELL
267,253,CCAPF,PRIVADO,ROBINSON,R44 II,HELICOPTERO,SERVICIOS AÉREOS PUERTO MONTT SPA,EMPRESA,ROBINSON,ROBINSON R44 II
268,254,CCAPG,PRIVADO,ROBINSON,R44 II,HELICOPTERO,RAVEN SPA,EMPRESA,ROBINSON,ROBINSON R44 II
269,255,CCAPH,PRIVADO,AIR TRACTOR,AT-802,AVION,CORPORACION NACIONAL FORESTAL,OTRO,AIR TRACTOR,AIR TRACTOR AT-802
270,256,CCAPI,PRIVADO,AIR TRACTOR,AT-802A,AVION,CORPORACION NACIONAL FORESTAL,OTRO,AIR TRACTOR,AIR TRACTOR AT-802A
271,257,CCAPK,COMERCIAL,BELL,412,HELICOPTERO,PEGASUS SOUTH AMERICA SERVICIOS INTEGRALES DE AVIACION SPA,EMPRESA,BELL,BELL 412
272,258,CCAPN,COMERCIAL,BRM AERO S.R.O.,BRISTELL,AVION,FLY PRO TRAINING SPA,EMPRESA,BRM AERO S.R.O.,BRM AERO S.R.O. BRISTELL
273,259,CCAPO,PRIVADO,ROBINSON,R44 II,HELICOPTERO,SERVICIOS AEREOS HELIXCOPTERS SPA,EMPRESA,ROBINSON,ROBINSON R44 II
274,260,CCAPT,PRIVADO,RYAN AERONAUTICAL COMPANY,ST-3KR,AVION,"COLVIN DE LA VEGA, JAIME EDUARDO",PERSONA NATURAL,RYAN AERONAUTICAL COMPANY,RYAN AERONAUTICAL COMPANY ST-3KR
275,261,CCAPU,PRIVADO,CESSNA,182S,AVION,CLUB AÉREO DEL PERSONAL DE CARABINEROS DE CHILE,CLUB AEREO,CESSNA,CESSNA 182S
276,262,CCAPV,PRIVADO,ROBINSON,R66,HELICOPTERO,SERVICIOS AEREOS VICTOR HERRMANN E.I.R.L.,OTRO,ROBINSON,ROBINSON R66
277,263,CCAPW,PRIVADO,MAULE,M-4-180V,AVION,"HOTT STANGE, CRISTIAN ANTONIO",PERSONA NATURAL,MAULE,MAULE M-4-180V
278,264,CCAPX,PRIVADO,CESSNA,182T,AVION,CLUB AÉREO DEL PERSONAL DE CARABINEROS DE CHILE,CLUB AEREO,CESSNA,CESSNA 182T
279,265,CCAPY,PRIVADO,CPL-JE-PIETENPOL,AIRCAMPER,AVION,"POMES LATHROP, CRISTOBAL Y EDWARDS YAÑEZ, JOSE MIGUEL",PERSONA NATURAL,CPL-JE-PIETENPOL,CPL-JE-PIETENPOL AIRCAMPER
280,266,CCAPZ,PRIVADO,CESSNA,182T,AVION,CLUB AÉREO DEL PERSONAL DE CARABINEROS DE CHILE,CLUB AEREO,CESSNA,CESSNA 182T
281,267,CCAQA,PRIVADO,MARK RICHARDS,BABY BELLE,HELICOPTERO,"CANDIA AGUIRRE, PEDRO EUGENIO Y LIRA MATTE, FERNANDO",PERSONA NATURAL,MARK RICHARDS,MARK RICHARDS BABY BELLE
282,268,CCAQB,PRIVADO,ELA - BOSSONNEY,10-ECLIPSE,GIROPL,"AGRICOLA Y FORESTAL LOS CHACAYES SPA Y ERENCHUN HERNANDEZ, MATIAS",EMPRESA,ELA - BOSSONNEY,ELA - BOSSONNEY 10-ECLIPSE
283,269,CCAQC,PRIVADO,ELA - BOSSONNEY,10-ECLIPSE,GIROPL,"AEREOTRANSPORTE ARMADAN SPA; BOISSET DUSSERT, YVES Y BOISSET DUSSERT, JEAN PAUL",EMPRESA,ELA - BOSSONNEY,ELA - BOSSONNEY 10-ECLIPSE
284,270,CCAQD,COMERCIAL,MITSUBISHI,MU-2B-36A,AVION,LINEA DE AERO-SERVICIOS S.A.,EMPRESA,MITSUBISHI,MITSUBISHI MU-2B-36A
285,271,CCAQE,PRIVADO,ELA - ELBERG,10-ECLIPSE,GIROPL,NERA CHILE SPA Y AEREOTRANSPORTE ARMADAN SPA,EMPRESA,ELA - ELBERG,ELA - ELBERG 10-ECLIPSE
286,272,CCAQF,PRIVADO,CM-STARBALLOONS,OASIS 120,GLOBO,"MILLAS RAPOSO, CHRISTIAN PATRICIO",PERSONA NATURAL,CM-STARBALLOONS,CM-STARBALLOONS OASIS 120
287,273,CCAQI,PRIVADO,CESSNA,172N,AVION,STRATUS SPA,EMPRESA,CESSNA,CESSNA 172N
288,274,CCAQJ,PRIVADO,BOEING,737-236,AVION,SERVICIOS AEREOS PATAGONIA S.A.,EMPRESA,BOEING,BOEING 737-236
289,275,CCAQO,COMERCIAL,GUIMBAL,CABRI G2,HELICOPTERO,VISION AIR SPA,EMPRESA,GUIMBAL,GUIMBAL CABRI G2
290,276,CCAQP,COMERCIAL,PIPER,PA-36-375,AVION,SAAMA AVIACION SPA,EMPRESA,PIPER,PIPER PA-36-375
291,277,CCAQQ,COMERCIAL,PIPER,PA-36-375,AVION,SAAMA AVIACION SPA,EMPRESA,PIPER,PIPER PA-36-375
292,278,CCAQR,PRIVADO,CESSNA,T206H,AVION,"LYON LYON, JUAN ROBERTO",PERSONA NATURAL,CESSNA,CESSNA T206H
293,279,CCAQS,PRIVADO,SCHEIBE,BERGFALKE II-55,PLANEADOR,"SCHILLING FERRARI, IVAN ANDRES",PERSONA NATURAL,SCHEIBE,SCHEIBE BERGFALKE II-55
294,280,CCAQT,PRIVADO,SCHEIBE,BERGFALKE III,PLANEADOR,"SCHILLING FERRARI, IVAN ANDRES",PERSONA NATURAL,SCHEIBE,SCHEIBE BERGFALKE III
295,281,CCAQV,COMERCIAL,BEECHCRAFT CORP.,400,AVION,LINEA DE AERO-SERVICIOS S.A.,EMPRESA,BEECHCRAFT,BEECHCRAFT 400
296,282,CCAQX,PRIVADO,BRM AERO S.R.O.,BRISTELL,AVION,CLUB AÉREO NAVAL,CLUB AEREO,BRM AERO S.R.O.,BRM AERO S.R.O. BRISTELL
297,283,CCAQZ,PRIVADO,PIPER,PA-46R-350T,AVION,AEREOTRANSPORTE ARMADAN SPA,EMPRESA,PIPER,PIPER PA-46R-350T
298,284,CCARC,PRIVADO,EVEKTOR AEROTECHNIK A.S.,HARMONY LSA,AVION,MEDIC AIR SPA,EMPRESA,EVEKTOR AEROTECHNIK A.S.,EVEKTOR AEROTECHNIK A.S. HARMONY LSA
299,285,CCARD,PRIVADO,BRM AERO S.R.O.,BRISTELL S-LSA,AVION,"CORREA GANDARILLAS, VICENTE GUSTAVO",PERSONA NATURAL,BRM AERO S.R.O.,BRM AERO S.R.O. BRISTELL S-LSA
300,286,CCARF,PRIVADO,AEROPRAKT LTD.,A-22LS,AVION,"BALART PAEZ, RODRIGO FRANCISCO",PERSONA NATURAL,AEROPRAKT LTD.,AEROPRAKT LTD. A-22LS
301,287,CCARG,COMERCIAL,DORNIER,DO 228-100,AVION,TRANSPORTES AEREOS CORPORATIVOS LIMITADA,EMPRESA,DORNIER,DORNIER DO 228-100
302,288,CCARH,COMERCIAL,PIPER,PA-25-260,AVION,RAUL TOMAS RAMIREZ PRADO TRABAJOS AEREOS E.I.R.L.,OTRO,PIPER,PIPER PA-25-260
303,289,CCARJ,COMERCIAL,AGUSTAWESTLAND PHILADELPHIA CORP.,A119,HELICOPTERO,SOCIEDAD TRANSPORTE AEROMÉDICO CRÍTICO SPA,EMPRESA,AGUSTAWESTLAND PHILADELPHIA CORP.,AGUSTAWESTLAND PHILADELPHIA CORP. A119
304,290,CCARL,PRIVADO,BEECHCRAFT CORP.,A36,AVION,LANIN SPA,EMPRESA,BEECHCRAFT,BEECHCRAFT A36
305,291,CCARM,PRIVADO,SCHEMPP-HIRTH,STANDARD CIRRUS,PLANEADOR,"SCHILLING FERRARI, IVAN ANDRES",PERSONA NATURAL,SCHEMPP-HIRTH,SCHEMPP-HIRTH STANDARD CIRRUS
306,292,CCARN,COMERCIAL,BAE SYSTEMS,AVRO 146-RJ 100,AVION,AEROVIAS DAP S. A.,OTRO,BAE SYSTEMS,BAE SYSTEMS AVRO 146-RJ 100
307,293,CCARO,COMERCIAL,BAE SYSTEMS,AVRO 146-RJ 100,AVION,AEROVIAS DAP S. A.,OTRO,BAE SYSTEMS,BAE SYSTEMS AVRO 146-RJ 100
308,294,CCARR,COMERCIAL,BELL,206L-3,HELICOPTERO,SERVICIOS AEREOS SPACE COPTERS LIMITADA,EMPRESA,BELL,BELL 206L-3
309,295,CCARS,PRIVADO,RAYTHEON,B200,AVION,CLUB AÉREO DEL PERSONAL DE CARABINEROS DE CHILE,CLUB AEREO,RAYTHEON,RAYTHEON B200
310,296,CCART,PRIVADO,CESSNA,P206A,AVION,"MENDEZ ROJAS, HUGO BERNARDO",PERSONA NATURAL,CESSNA,CESSNA P206A
311,297,CCARV,COMERCIAL,CESSNA,551,AVION,SOCIEDAD TRANSPORTE AEROMÉDICO CRÍTICO SPA,EMPRESA,CESSNA,CESSNA 551
312,298,CCARW,PRIVADO,CESSNA,TR182,AVION,"GUERRERO NUÑEZ, EDUARDO ARMANDO",PERSONA NATURAL,CESSNA,CESSNA TR182
313,299,CCARY,PRIVADO,AIR TRACTOR,AT-802A,AVION,CORPORACION NACIONAL FORESTAL,OTRO,AIR TRACTOR,AIR TRACTOR AT-802A
314,300,CCARZ,PRIVADO,AEROSPATIALE,AS 332 M1,HELICOPTERO,"ABASOLO YUNIS, JUAN FERNANDO",PERSONA NATURAL,AEROSPATIALE,AEROSPATIALE AS 332 M1
315,301,CCASA,PRIVADO,CESSNA,182P,AVION,"COLZANI RECART, ROBERTO ENRIQUE",PERSONA NATURAL,CESSNA,CESSNA 182P
316,301,CCASA,PRIVADO,CESSNA,182P,AVION,"GARCÍA RIEDEL, JOSÉ ALBERTO",PERSONA NATURAL,CESSNA,CESSNA 182P
317,302,CCASC,PRIVADO,BEECHCRAFT CORP.,G36,AVION,TRANSPORTES ANIMAX S.A.,EMPRESA,BEECHCRAFT,BEECHCRAFT G36
318,303,CCASD,COMERCIAL,"AIRCRAFT INDUSTRIES, A.S.",L410 UVP-E20,AVION,INVERSIONES AÉREAS PATAGONIA LIMITADA,EMPRESA,"AIRCRAFT INDUSTRIES, A.S.","AIRCRAFT INDUSTRIES, A.S. L410 UVP-E20"
319,304,CCASE,PRIVADO,DIAMOND AIRCRAFT INDUSTRIES,DA 20-C1,AVION,CLUB AÉREO DE SANTIAGO,CLUB AEREO,DIAMOND AIRCRAFT INDUSTRIES,DIAMOND AIRCRAFT INDUSTRIES DA 20-C1
320,305,CCASF,PRIVADO,DIAMOND AIRCRAFT INDUSTRIES,DA 20-C1,AVION,CLUB AÉREO DE SANTIAGO,CLUB AEREO,DIAMOND AIRCRAFT INDUSTRIES,DIAMOND AIRCRAFT INDUSTRIES DA 20-C1
321,306,CCASG,PRIVADO,LET,L-23,PLANEADOR,CLUB DE PLANEADORES DE VITACURA,CLUB AEREO,LET,LET L-23
322,307,CCASH,COMERCIAL,CESSNA,550,AVION,SOCIEDAD TRANSPORTE AEROMÉDICO CRÍTICO SPA,EMPRESA,CESSNA,CESSNA 550
323,308,CCASI,COMERCIAL,HELIBRAS,AS 350 B3,HELICOPTERO,SOCIEDAD DE SERVICIOS AEREOS VIÑA LIMITADA,EMPRESA,HELIBRAS,HELIBRAS AS 350 B3
324,309,CCASJ,PRIVADO,ROBINSON,R44 II,HELICOPTERO,AGRÍCOLA CRUCERO VIEJO LIMITADA,EMPRESA,ROBINSON,ROBINSON R44 II
325,310,CCASK,COMERCIAL,BELL,407,HELICOPTERO,HELICÓPTEROS DEL PACÍFICO LIMITADA,EMPRESA,BELL,BELL 407
326,311,CCASL,PRIVADO,RAYTHEON,G36,AVION,"MATTE IZQUIERDO, FRANCISCO",PERSONA NATURAL,RAYTHEON,RAYTHEON G36
327,312,CCASM,PRIVADO,MOONEY,M-18C,AVION,"COLVIN DE LA VEGA, JAIME EDUARDO",PERSONA NATURAL,MOONEY,MOONEY M-18C
328,313,CCASN,PRIVADO,ROBINSON,R44 II,HELICOPTERO,HELO SPA,EMPRESA,ROBINSON,ROBINSON R44 II
329,314,CCASO,PRIVADO,BRM AERO S.R.O.,BRISTELL S-LSA,AVION,"HAYDAR BUROTTO, RODRIGO",PERSONA NATURAL,BRM AERO S.R.O.,BRM AERO S.R.O. BRISTELL S-LSA
330,315,CCASP,PRIVADO,VAN'S-JVC,RV-7,AVION,"CAMARENA ORENGO, JOSE VICENTE",PERSONA NATURAL,VAN'S-JVC,VAN'S-JVC RV-7
331,316,CCASR,PRIVADO,BELL,407,HELICOPTERO,PACKING Y SERVICIOS SANTA ROSA S.A.,EMPRESA,BELL,BELL 407
332,317,CCAST,COMERCIAL,EUROCOPTER,AS-350B3,HELICOPTERO,SOCIEDAD AEREA HOLVOET CIA. LIMITADA,EMPRESA,EUROCOPTER,EUROCOPTER AS-350B3
333,318,CCASU,PRIVADO,BELL,206B,HELICOPTERO,SOCIEDAD DE TRANSPORTES SIERRA ECO LIMITADA,EMPRESA,BELL,BELL 206B
334,319,CCASV,COMERCIAL,ROBINSON,R66,HELICOPTERO,AIR FLOW SPA,EMPRESA,ROBINSON,ROBINSON R66
335,320,CCASW,PRIVADO,LET,L-13,PLANEADOR,CLUB DE PLANEADORES DE VITACURA,CLUB AEREO,LET,LET L-13
336,321,CCASX,PRIVADO,RUTAN/C.C.E,LONG-EZ,AVION,"CASANOVA NUYENS, JAVIERA",PERSONA NATURAL,RUTAN/C.C.E,RUTAN/C.C.E LONG-EZ
337,321,CCASX,PRIVADO,RUTAN/C.C.E,LONG-EZ,AVION,"CASANOVA NUYENS, CATALINA",PERSONA NATURAL,RUTAN/C.C.E,RUTAN/C.C.E LONG-EZ
338,321,CCASX,PRIVADO,RUTAN/C.C.E,LONG-EZ,AVION,"CASANOVA NUYENS, TOMÁS ANDRÉS",PERSONA NATURAL,RUTAN/C.C.E,RUTAN/C.C.E LONG-EZ
339,321,CCASX,PRIVADO,RUTAN/C.C.E,LONG-EZ,AVION,"NUYENS CAMPO, ANDREA PAULINA",PERSONA NATURAL,RUTAN/C.C.E,RUTAN/C.C.E LONG-EZ
340,322,CCASZ,PRIVADO,DG-FLUGZEUGBAU GMBH,DG-1000S,PLANEADOR,CLUB DE PLANEADORES DE VITACURA,CLUB AEREO,DG-FLUGZEUGBAU GMBH,DG-FLUGZEUGBAU GMBH DG-1000S
341,323,CCATA,COMERCIAL,CANADAIR,CL-600-1A11,AVION,LATRANS AIR SPA,EMPRESA,CANADAIR,CANADAIR CL-600-1A11
342,324,CCATB,COMERCIAL,VIKING AIR LIMITED,DHC-6-400,AVION,BARRICK SERVICIOS MINEROS SPA,EMPRESA,VIKING AIR LIMITED,VIKING AIR LIMITED DHC-6-400
343,325,CCATC,PRIVADO,CESSNA,182T,AVION,"GUTIÉRREZ VARAS, JUAN ARMANDO",PERSONA NATURAL,CESSNA,CESSNA 182T
344,326,CCATD,PRIVADO,RICK HANSEN,HATZ CB1,AVION,"NAVARRETE POBLETE, JORGE EDUARDO",PERSONA NATURAL,RICK HANSEN,RICK HANSEN HATZ CB1
345,327,CCATE,PRIVADO,BELL,505,HELICOPTERO,ARRIENDOS Y EQUIPAMIENTOS AGRICOLAS NALTAGUA SPA,EMPRESA,BELL,BELL 505
346,328,CCATF,COMERCIAL,BELL,205A-1,HELICOPTERO,SERVICIOS DE AVIACIÓN HELILOG LIMITADA,EMPRESA,BELL,BELL 205A-1
347,329,CCATG,COMERCIAL,BELL,407,HELICOPTERO,AEROFLY SERVICIOS SPA,EMPRESA,BELL,BELL 407
348,330,CCATH,COMERCIAL,EUROCOPTER,AS 350 B3,HELICOPTERO,DAP HELICOPTEROS LIMITADA O HELICOPTEROS PIVCEVIC LTDA.,EMPRESA,EUROCOPTER,EUROCOPTER AS 350 B3
349,331,CCATI,COMERCIAL,BAE SYSTEMS,AVRO 146-RJ 100,AVION,AEROVIAS DAP S. A.,OTRO,BAE SYSTEMS,BAE SYSTEMS AVRO 146-RJ 100
350,332,CCATK,PRIVADO,VANS-GKS,RV-14A,AVION,"KNOP PISANO, KLAUS HERMANN",PERSONA NATURAL,VANS-GKS,VANS-GKS RV-14A
351,333,CCATL,COMERCIAL,AIR TRACTOR,AT-802A,AVION,RAUL TOMAS RAMIREZ PRADO TRABAJOS AEREOS E.I.R.L.,OTRO,AIR TRACTOR,AIR TRACTOR AT-802A
352,334,CCATM,PRIVADO,BEECH AIRCRAFT CORPORATION,E55,AVION,SERVITECA Y SERVICIOS AÉREOS RAÚL ENRIQUE ATALA MATHIEU SPA,EMPRESA,BEECHCRAFT,BEECHCRAFT E55
353,335,CCATN,COMERCIAL,BELL,212,HELICOPTERO,PEGASUS SOUTH AMERICA SERVICIOS INTEGRALES DE AVIACION SPA,EMPRESA,BELL,BELL 212
354,336,CCATO,PRIVADO,ROBINSON,R66,HELICOPTERO,RENTAL KING LIMITADA,EMPRESA,ROBINSON,ROBINSON R66
355,337,CCATP,PRIVADO,ROBINSON,R66,HELICOPTERO,AGRINUTZ LIMITADA,EMPRESA,ROBINSON,ROBINSON R66
356,338,CCATQ,PRIVADO,CESSNA,T210N,AVION,"BADEN SILBERSTEIN, SEBASTIÁN DAVID",PERSONA NATURAL,CESSNA,CESSNA T210N
357,338,CCATQ,PRIVADO,CESSNA,T210N,AVION,"VILLASECA NAHMIAS, SERGIO DAVID",PERSONA NATURAL,CESSNA,CESSNA T210N
358,339,CCATS,PRIVADO,GRUMMAN,G-164A,AVION,SERVICIOS AEREOS AGRICOLAS Y FORESTALES LIMITADA,EMPRESA,GRUMMAN,GRUMMAN G-164A
359,340,CCATU,PRIVADO,CESSNA,T182T,AVION,AVIANO SPA,EMPRESA,CESSNA,CESSNA T182T
360,341,CCATV,COMERCIAL,BELL,407,HELICOPTERO,TRANSPORTES Y SERVICIOS AEROMAX XXI SPA,EMPRESA,BELL,BELL 407
361,342,CCATW,PRIVADO,CESSNA,P206D,AVION,WINGS SPA,EMPRESA,CESSNA,CESSNA P206D
362,343,CCATX,COMERCIAL,BELL,206B,HELICOPTERO,CAMPOS DE HIELO SUR SPA,EMPRESA,BELL,BELL 206B
363,344,CCATZ,PRIVADO,SN CENTRAIR,201 B1,PLANEADOR,CLUB DE PLANEADORES DE CONCEPCIÓN,CLUB AEREO,SN CENTRAIR,SN CENTRAIR 201 B1
364,345,CCAUA,PRIVADO,AEROPRAKT LTD.,A-32,AVION,"MATUS FLOODY, CARLOS",PERSONA NATURAL,AEROPRAKT LTD.,AEROPRAKT LTD. A-32
365,346,CCAUC,PRIVADO,STINSON,108,AVION,"ETCHEVERS MALLAGARAY, PABLO XAVIER",PERSONA NATURAL,STINSON,STINSON 108
366,347,CCAUD,PRIVADO,BROWNSTONE TRANSPORTATION LLC,VANS RV-10,AVION,"VELÁSQUEZ ANABALÓN, MAURICIO EDUARDO",PERSONA NATURAL,BROWNSTONE TRANSPORTATION LLC,BROWNSTONE TRANSPORTATION LLC VANS RV-10
367,348,CCAUE,PRIVADO,BRM AERO S.R.O.,BRISTELL S-LSA,AVION,CLUB AÉREO DE SAN FERNANDO,CLUB AEREO,BRM AERO S.R.O.,BRM AERO S.R.O. BRISTELL S-LSA
368,349,CCAUF,PRIVADO,VANS-CAC,RV-8,AVION,CLUB AÉREO DE CONCEPCIÓN,CLUB AEREO,VANS-CAC,VANS-CAC RV-8
369,350,CCAUH,COMERCIAL,EUROCOPTER,AS 350 B3,HELICOPTERO,HABOCK AVIATION CHILE SPA,EMPRESA,EUROCOPTER,EUROCOPTER AS 350 B3
370,351,CCAUK,COMERCIAL,EUROCOPTER,AS 350 B3,HELICOPTERO,HABOCK AVIATION CHILE SPA,EMPRESA,EUROCOPTER,EUROCOPTER AS 350 B3
371,352,CCAUL,PRIVADO,PA-GWS,SEAREY LSX,AVION,"WEIL SOMMER, GERMAN EMILIO",PERSONA NATURAL,PA-GWS,PA-GWS SEAREY LSX
372,353,CCAUM,PRIVADO,ROBINSON,R66,HELICOPTERO,AGRICOLA SUTIL S.A.,EMPRESA,ROBINSON,ROBINSON R66
373,354,CCAUO,COMERCIAL,AGUSTA,AW119 MKII,HELICOPTERO,PEGASUS SOUTH AMERICA SERVICIOS INTEGRALES DE AVIACION SPA,EMPRESA,AGUSTA,AGUSTA AW119 MKII
374,355,CCAUP,COMERCIAL,HELIBRAS,AS 350 B3,HELICOPTERO,TURISMO EL BARRACO LIMITADA,EMPRESA,HELIBRAS,HELIBRAS AS 350 B3
375,356,CCAUS,PRIVADO,VANS-RRD,RV-10,AVION,"RISSETTO DELGADILLO, RENZO",PERSONA NATURAL,VANS-RRD,VANS-RRD RV-10
376,357,CCAUT,COMERCIAL,AGUSTAWESTLAND PHILADELPHIA CORP.,AW119 MKII,HELICOPTERO,LINEA DE AERO-SERVICIOS S.A.,EMPRESA,AGUSTAWESTLAND PHILADELPHIA CORP.,AGUSTAWESTLAND PHILADELPHIA CORP. AW119 MKII
377,358,CCAUV,PRIVADO,BRM AERO S.R.O.,BRISTELL S-LSA,AVION,INSTRUCCION Y TRANSPORTES AEREOS AEROMET SPA,EMPRESA,BRM AERO S.R.O.,BRM AERO S.R.O. BRISTELL S-LSA
378,359,CCAUW,PRIVADO,ROBINSON,R44 II,HELICOPTERO,WELLFORD (CHILE) SPA,EMPRESA,ROBINSON,ROBINSON R44 II
379,360,CCAUY,PRIVADO,CESSNA,172M,AVION,"OLAVE JOHN, HUGO DOMINGO",PERSONA NATURAL,CESSNA,CESSNA 172M
380,361,CCAVA,COMERCIAL,BELL,206B,HELICOPTERO,TRANSPORTES PATAGONAIR SPA,EMPRESA,BELL,BELL 206B
381,362,CCAVB,PRIVADO,SCHEIBE,BERGFALKE II/55,PLANEADOR,CLUB AÉREO DE OSORNO,CLUB AEREO,SCHEIBE,SCHEIBE BERGFALKE II/55
382,363,CCAVC,PRIVADO,CESSNA,150L,AVION,CLUB AEREO NAUTICO ISLA MOCHA,CLUB AEREO,CESSNA,CESSNA 150L
383,364,CCAVD,COMERCIAL,PIPISTREL LSA S.R.L.,VIRUS SW,AVION,AEROINNOVA SPA,EMPRESA,PIPISTREL LSA S.R.L.,PIPISTREL LSA S.R.L. VIRUS SW
384,365,CCAVE,PRIVADO,SCHEMPP-HIRTH,VENTUS-2CM,PLANEADOR,"MARIN CORREA, CARLOS JOSE Y COX DONOSO, JOSE GABRIEL",PERSONA NATURAL,SCHEMPP-HIRTH,SCHEMPP-HIRTH VENTUS-2CM
385,366,CCAVI,PRIVADO,VANS-CAT,RV-8,AVION,"CHAHIN FERREYRA, ANDRÉS ALFREDO",PERSONA NATURAL,VANS-CAT,VANS-CAT RV-8
386,367,CCAVJ,PRIVADO,SCHLEICHER,K 8 B,PLANEADOR,"CORRAL MONSALVE, MARCELO ANTONIO",PERSONA NATURAL,SCHLEICHER,SCHLEICHER K 8 B
387,368,CCAVK,COMERCIAL,ROBINSON,R66,HELICOPTERO,HOTELERA TERRA LUNA S.A.,EMPRESA,ROBINSON,ROBINSON R66
388,369,CCAVM,PRIVADO,AEROPRAKT LTD.,A-32,AVION,"PEREZ RODRIGUEZ, VICTOR ALBERTO",PERSONA NATURAL,AEROPRAKT LTD.,AEROPRAKT LTD. A-32
389,370,CCAVN,PRIVADO,BEECH AIRCRAFT CORPORATION,F33A,AVION,"ALEXANDROFF ARMSTRONG, MICHAEL DOUGLAS",PERSONA NATURAL,BEECHCRAFT,BEECHCRAFT F33A
390,371,CCAVO,PRIVADO,AERONCA,65-TAC-L-3,AVION,"POMÉS LATHROP, CRISTÓBAL",PERSONA NATURAL,AERONCA,AERONCA 65-TAC-L-3
391,372,CCAVP,PRIVADO,ROBINSON,R44 II,HELICOPTERO,AGRÍCOLA SEMINARIO LIMITADA,EMPRESA,ROBINSON,ROBINSON R44 II
392,373,CCAVQ,PRIVADO,ROBINSON,R44 II,HELICOPTERO,PATAGONIA HELICOPTEROS SPA,EMPRESA,ROBINSON,ROBINSON R44 II
393,374,CCAVR,PRIVADO,SCHEMPP-HIRTH,VENTUS-2CM,PLANEADOR,"BAUMGARTEN VON RATHLEF, HARALD",PERSONA NATURAL,SCHEMPP-HIRTH,SCHEMPP-HIRTH VENTUS-2CM
394,375,CCAVS,COMERCIAL,BEECH AIRCRAFT CORPORATION,B100,AVION,AEROSEED SPA,EMPRESA,BEECHCRAFT,BEECHCRAFT B100
395,376,CCAVU,COMERCIAL,BELL,505,HELICOPTERO,SERVICIOS AEREOS LOS COPIHUES SPA,EMPRESA,BELL,BELL 505
396,377,CCAVV,COMERCIAL,BELL,505,HELICOPTERO,COMERCIALIZADORA TRES ROBLES S.A.,EMPRESA,BELL,BELL 505
397,378,CCAVW,PRIVADO,CESSNA,R172K,AVION,"GONZALEZ DIAZ, MARIA SOLEDAD",PERSONA NATURAL,CESSNA,CESSNA R172K
398,379,CCAVX,PRIVADO,MAULE,MT-7-260,AVION,CLUB AÉREO DE TEMUCO,CLUB AEREO,MAULE,MAULE MT-7-260
399,380,CCAVZ,PRIVADO,SCHEIBE,ZUGVOGEL IV-A,PLANEADOR,"ARAVENA HOLCOMB, FRANCISCO Y MUÑOZ JOFRE, MANUEL",PERSONA NATURAL,SCHEIBE,SCHEIBE ZUGVOGEL IV-A
400,381,CCAWA,COMERCIAL,AIRBUS,A320-232,AVION,JETSMART AIRLINES SPA,EMPRESA,AIRBUS,AIRBUS A320-232
401,382,CCAWC,COMERCIAL,AIRBUS,A320-232,AVION,JETSMART AIRLINES SPA,EMPRESA,AIRBUS,AIRBUS A320-232
402,383,CCAWE,COMERCIAL,AIRBUS,A320-232,AVION,JETSMART AIRLINES SPA,EMPRESA,AIRBUS,AIRBUS A320-232
403,384,CCAWJ,COMERCIAL,AIRBUS,A320-271N,AVION,JETSMART AIRLINES SPA,EMPRESA,AIRBUS,AIRBUS A320-271N
404,385,CCAWK,COMERCIAL,AIRBUS,A320-271N,AVION,JETSMART AIRLINES SPA,EMPRESA,AIRBUS,AIRBUS A320-271N
405,386,CCAWL,COMERCIAL,AIRBUS,A320-271N,AVION,JETSMART AIRLINES SPA,EMPRESA,AIRBUS,AIRBUS A320-271N
406,387,CCAWN,COMERCIAL,AIRBUS,A320-271N,AVION,JETSMART AIRLINES SPA,EMPRESA,AIRBUS,AIRBUS A320-271N
407,388,CCAWO,COMERCIAL,AIRBUS,A320-271N,AVION,JETSMART AIRLINES SPA,EMPRESA,AIRBUS,AIRBUS A320-271N
408,389,CCAWQ,COMERCIAL,AIRBUS,A320-271N,AVION,JETSMART AIRLINES SPA,EMPRESA,AIRBUS,AIRBUS A320-271N
409,390,CCAWR,COMERCIAL,AIRBUS,A320-271N,AVION,JETSMART AIRLINES SPA,EMPRESA,AIRBUS,AIRBUS A320-271N
410,391,CCAWS,COMERCIAL,AIRBUS,A321-271NX,AVION,JETSMART AIRLINES SPA,EMPRESA,AIRBUS,AIRBUS A321-271NX
411,392,CCAWT,COMERCIAL,AIRBUS,A321-271NX,AVION,JETSMART AIRLINES SPA,EMPRESA,AIRBUS,AIRBUS A321-271NX
412,393,CCAWU,COMERCIAL,AIRBUS,A321-271NX,AVION,JETSMART AIRLINES SPA,EMPRESA,AIRBUS,AIRBUS A321-271NX
413,394,CCAWV,COMERCIAL,AIRBUS,A320-271N,AVION,JETSMART AIRLINES SPA,EMPRESA,AIRBUS,AIRBUS A320-271N
414,395,CCAWW,COMERCIAL,AIRBUS,A321-271NX,AVION,JETSMART AIRLINES SPA,EMPRESA,AIRBUS,AIRBUS A321-271NX
415,396,CCAWX,COMERCIAL,AIRBUS,A320-271N,AVION,JETSMART AIRLINES SPA,EMPRESA,AIRBUS,AIRBUS A320-271N
416,397,CCAWY,COMERCIAL,AIRBUS,A321-271NX,AVION,JETSMART AIRLINES SPA,EMPRESA,AIRBUS,AIRBUS A321-271NX
417,398,CCAWZ,COMERCIAL,AIRBUS,A320-271N,AVION,JETSMART AIRLINES SPA,EMPRESA,AIRBUS,AIRBUS A320-271N
418,399,CCAXA,COMERCIAL,AIRBUS HELICOPTERS,AS 350 B3,HELICOPTERO,TRANSPORTES Y SERVICIOS AEROMAX XXI SPA,EMPRESA,AIRBUS,AIRBUS AS 350 B3
419,400,CCAXB,PRIVADO,ELA-LIRA,10-ECLIPSE,GIROPL,AEREOTRANSPORTE ARMADAN SPA,EMPRESA,ELA-LIRA,ELA-LIRA 10-ECLIPSE
420,401,CCAXE,COMERCIAL,BRITISH AEROSPACE LTD.,BAE 146-100A,AVION,AEROVIAS DAP S. A.,OTRO,BRITISH AEROSPACE LTD.,BRITISH AEROSPACE LTD. BAE 146-100A
421,402,CCAXF,PRIVADO,FASCINATION,F100,AVION,"WENKE HARNECKER, JORGE REINALDO",PERSONA NATURAL,FASCINATION,FASCINATION F100
422,403,CCAXG,COMERCIAL,MD HELICOPTERS INC.,600N,HELICOPTERO,PLATINUM HELICOPTERS SPA,EMPRESA,MD HELICOPTERS INC.,MD HELICOPTERS INC. 600N
423,404,CCAXH,PRIVADO,ROBINSON,R44,HELICOPTERO,CLUB AÉREO DE TEMUCO,CLUB AEREO,ROBINSON,ROBINSON R44
424,405,CCAXI,PRIVADO,ROBINSON,R44 II,HELICOPTERO,INMOBILIARIA SUR INDOMITO SPA,EMPRESA,ROBINSON,ROBINSON R44 II
425,406,CCAXK,COMERCIAL,EUROCOPTER,AS 350 B3,HELICOPTERO,HABOCK AVIATION CHILE SPA,EMPRESA,EUROCOPTER,EUROCOPTER AS 350 B3
426,407,CCAXL,COMERCIAL,EUROCOPTER,AS 350 B3,HELICOPTERO,HABOCK AVIATION CHILE SPA,EMPRESA,EUROCOPTER,EUROCOPTER AS 350 B3
427,408,CCAXO,PRIVADO,AEROPRAKT LTD.,A-22LS,AVION,"BARIGGI MATJASIC, SEBASTIÁN ORESTE",PERSONA NATURAL,AEROPRAKT LTD.,AEROPRAKT LTD. A-22LS
428,409,CCAXP,PRIVADO,BEECH AIRCRAFT CORPORATION,58,AVION,"ROJO VARAS, SAMUEL EUGENIO",PERSONA NATURAL,BEECHCRAFT,BEECHCRAFT 58
429,410,CCAXS,COMERCIAL,BRITTEN-NORMAN,BN-2B-26,AVION,SOCIEDAD DE SERVICIOS AEREOS Y MARITIMOS ARCHIPIELAGOS LTDA.,EMPRESA,BRITTEN-NORMAN,BRITTEN-NORMAN BN-2B-26
430,411,CCAXV,PRIVADO,AEROPRAKT LTD.,A-22LS,AVION,"BUSCHMANN SCHIRMER, WALTER FRANCISCO ALFREDO",PERSONA NATURAL,AEROPRAKT LTD.,AEROPRAKT LTD. A-22LS
431,412,CCAXW,COMERCIAL,AGUSTA AEROSPACE CORP. PHILADELPHIA,AW119 MKII,HELICOPTERO,PEGASUS SOUTH AMERICA SERVICIOS INTEGRALES DE AVIACION SPA,EMPRESA,AGUSTA AEROSPACE CORP. PHILADELPHIA,AGUSTA AEROSPACE CORP. PHILADELPHIA AW119 MKII
432,413,CCAXX,PRIVADO,STARBALLOONS SPA,OASIS 77,GLOBO,"MILLAS RAPOSO, CHRISTIAN PATRICIO",PERSONA NATURAL,STARBALLOONS SPA,STARBALLOONS SPA OASIS 77
433,414,CCAXY,COMERCIAL,AIRBUS HELICOPTERS,AS 350 B3,HELICOPTERO,SERVICIOS AEREOS KIPREOS S.A.,EMPRESA,AIRBUS,AIRBUS AS 350 B3
434,415,CCAYA,PRIVADO,ROBINSON,R66,HELICOPTERO,AGRÍCOLA FORLI LIMITADA,EMPRESA,ROBINSON,ROBINSON R66
435,416,CCAYB,COMERCIAL,GULFSTREAM AEROSPACE CORPORATION,GV-SP (G550),AVION,AERO ANDINA S.A.,EMPRESA,GULFSTREAM AEROSPACE CORPORATION,GULFSTREAM AEROSPACE CORPORATION GV-SP (G550)
436,417,CCAYD,PRIVADO,CAS VAN S,RV-9A,AVION,CLUB AÉREO DE SANTIAGO,CLUB AEREO,CAS VAN S,CAS VAN S RV-9A
437,418,CCAYE,PRIVADO,CAS VAN S,RV-9A,AVION,CLUB AÉREO DE SANTIAGO,CLUB AEREO,CAS VAN S,CAS VAN S RV-9A
438,419,CCAYG,PRIVADO,PZL BIELSKO,"SZD42-2 ""JANTAR 2B""",PLANEADOR,CLUB DE PLANEADORES DE VALPARAÍSO,CLUB AEREO,PZL BIELSKO,"PZL BIELSKO SZD42-2 ""JANTAR 2B"""
439,420,CCAYH,PRIVADO,STEMME GMBH Y CO. KG,STEMME S 10-V,PLANEADOR,"OHACO PEY, NATALIA",PERSONA NATURAL,STEMME GMBH Y CO. KG,STEMME GMBH Y CO. KG STEMME S 10-V
440,421,CCAYI,COMERCIAL,ROBINSON,R66,HELICOPTERO,AEROFLY SERVICIOS SPA,EMPRESA,ROBINSON,ROBINSON R66
441,422,CCAYJ,PRIVADO,ROBINSON,R44,HELICOPTERO,"SOCIEDAD AGRÍCOLA, GANADERA Y FORESTAL AITUE LIMITADA",EMPRESA,ROBINSON,ROBINSON R44
442,423,CCAYK,COMERCIAL,TECNAM,P2006T,AVION,AEROTEC ARGENTINA S.A.,EMPRESA,TECNAM,TECNAM P2006T
443,424,CCAYL,COMERCIAL,EUROCOPTER,AS355N,HELICOPTERO,HABOCK AVIATION CHILE SPA,EMPRESA,EUROCOPTER,EUROCOPTER AS355N
444,425,CCAYN,COMERCIAL,AIRBUS HELICOPTERS,EC 130 T2,HELICOPTERO,HABOCK AVIATION CHILE SPA,EMPRESA,AIRBUS,AIRBUS EC 130 T2
445,426,CCAYO,PRIVADO,TEXTRON AVIATION INC.,182T,AVION,AERODIN SPA,EMPRESA,TEXTRON AVIATION INC.,TEXTRON AVIATION INC. 182T
446,427,CCAYP,COMERCIAL,ROBINSON,R66,HELICOPTERO,AEROTOSCANA LIMACHE SPA,EMPRESA,ROBINSON,ROBINSON R66
447,428,CCAYQ,PRIVADO,SCHEIBE,BERGFALKE III,PLANEADOR,CLUB DE PLANEADORES DE VALPARAÍSO,CLUB AEREO,SCHEIBE,SCHEIBE BERGFALKE III
448,429,CCAYR,COMERCIAL,CESSNA,550,AVION,SOCIEDAD TRANSPORTE AEROMÉDICO CRÍTICO SPA,EMPRESA,CESSNA,CESSNA 550
449,430,CCAYS,COMERCIAL,BELL,505,HELICOPTERO,SERVICIOS Y ARRIENDOS ROTORTEC SPA,EMPRESA,BELL,BELL 505
450,431,CCAYT,PRIVADO,TEXTRON AVIATION INC.,525C,AVION,AEROLÍNEAS AEROSUR SPA,EMPRESA,TEXTRON AVIATION INC.,TEXTRON AVIATION INC. 525C
451,431,CCAYT,PRIVADO,TEXTRON AVIATION INC.,525C,AVION,AEROLÍNEAS AEROSUR SPA,EMPRESA,TEXTRON AVIATION INC.,TEXTRON AVIATION INC. 525C
452,431,CCAYT,PRIVADO,TEXTRON AVIATION INC.,525C,AVION,AEROLÍNEAS AEROSUR SPA,EMPRESA,TEXTRON AVIATION INC.,TEXTRON AVIATION INC. 525C
453,432,CCAYV,PRIVADO,ROBINSON,R44 II,HELICOPTERO,INMOBILIARIA FINVEST SPA,EMPRESA,ROBINSON,ROBINSON R44 II
454,433,CCAYW,PRIVADO,MESSERSCHMITT-BOLKOW-BLOHM,BO-105M,HELICOPTERO,"KAUFMANN BUNGER, CHRISTOPH",PERSONA NATURAL,MESSERSCHMITT-BOLKOW-BLOHM,MESSERSCHMITT-BOLKOW-BLOHM BO-105M
455,434,CCAYX,COMERCIAL,EVEKTOR AEROTECHNIK A.S.,HARMONY LSA,AVION,STORM FLIGHT CENTER MICROSIMULACION LIMITADA,EMPRESA,EVEKTOR AEROTECHNIK A.S.,EVEKTOR AEROTECHNIK A.S. HARMONY LSA
456,435,CCAYZ,PRIVADO,GROB,G109,PLANEADOR,"MERIZ POHL, ALBERTO LUIS EDUARDO",PERSONA NATURAL,GROB,GROB G109
457,436,CCAZB,PRIVADO,JMB AIRCRAFT-R.S.G.,VL-3EH-916,AVION,"SPAARWATER GILDEMEISTER, ROLAND",EMPRESA,JMB AIRCRAFT-R.S.G.,JMB AIRCRAFT-R.S.G. VL-3EH-916
458,437,CCAZC,COMERCIAL,AIRBUS,A320-251N,AVION,SKY AIRLINE S.A.,EMPRESA,AIRBUS,AIRBUS A320-251N
459,438,CCAZD,COMERCIAL,AIRBUS,A320-251N,AVION,SKY AIRLINE S.A.,EMPRESA,AIRBUS,AIRBUS A320-251N
460,439,CCAZE,COMERCIAL,AIRBUS,A320-251N,AVION,SKY AIRLINE S.A.,EMPRESA,AIRBUS,AIRBUS A320-251N
461,440,CCAZF,COMERCIAL,AIRBUS,A320-251N,AVION,SKY AIRLINE S.A.,EMPRESA,AIRBUS,AIRBUS A320-251N
462,441,CCAZG,COMERCIAL,AIRBUS,A320-251N,AVION,SKY AIRLINE S.A.,EMPRESA,AIRBUS,AIRBUS A320-251N
463,442,CCAZH,COMERCIAL,AIRBUS,A320-251N,AVION,SKY AIRLINE S.A.,EMPRESA,AIRBUS,AIRBUS A320-251N
464,443,CCAZI,COMERCIAL,AIRBUS,A320-251N,AVION,SKY AIRLINE S.A.,EMPRESA,AIRBUS,AIRBUS A320-251N
465,444,CCAZJ,COMERCIAL,AIRBUS,A320-251N,AVION,SKY AIRLINE S.A.,EMPRESA,AIRBUS,AIRBUS A320-251N
466,445,CCAZK,COMERCIAL,AIRBUS,A320-251N,AVION,SKY AIRLINE S.A.,EMPRESA,AIRBUS,AIRBUS A320-251N
467,446,CCAZL,COMERCIAL,AIRBUS,A320-251N,AVION,SKY AIRLINE S.A.,EMPRESA,AIRBUS,AIRBUS A320-251N
468,447,CCAZM,COMERCIAL,AIRBUS,A320-251N,AVION,SKY AIRLINE S.A.,EMPRESA,AIRBUS,AIRBUS A320-251N
469,448,CCAZN,COMERCIAL,AIRBUS,A320-251N,AVION,SKY AIRLINE S.A.,EMPRESA,AIRBUS,AIRBUS A320-251N
470,449,CCAZO,COMERCIAL,AIRBUS,A320-251N,AVION,SKY AIRLINE S.A.,EMPRESA,AIRBUS,AIRBUS A320-251N
471,450,CCAZP,COMERCIAL,AIRBUS,A320-251N,AVION,SKY AIRLINE S.A.,EMPRESA,AIRBUS,AIRBUS A320-251N
472,451,CCAZQ,COMERCIAL,AIRBUS,A320-251N,AVION,SKY AIRLINE S.A.,EMPRESA,AIRBUS,AIRBUS A320-251N
473,452,CCAZR,COMERCIAL,AIRBUS,A320-251N,AVION,SKY AIRLINE S.A.,EMPRESA,AIRBUS,AIRBUS A320-251N
474,453,CCAZS,COMERCIAL,AIRBUS,A320-251N,AVION,SKY AIRLINE S.A.,EMPRESA,AIRBUS,AIRBUS A320-251N
475,454,CCAZT,COMERCIAL,AIRBUS,A320-251N,AVION,SKY AIRLINE S.A.,EMPRESA,AIRBUS,AIRBUS A320-251N
476,455,CCAZU,COMERCIAL,AIRBUS,A320-251N,AVION,SKY AIRLINE S.A.,EMPRESA,AIRBUS,AIRBUS A320-251N
477,456,CCAZV,COMERCIAL,AIRBUS,A320-251N,AVION,SKY AIRLINE S.A.,EMPRESA,AIRBUS,AIRBUS A320-251N
478,457,CCAZZ,PRIVADO,SCHEMPP-HIRTH,VENTUS-2CM,PLANEADOR,"MARIN CORREA, CARLOS JOSE Y REICH CARAFI, TOMAS ALEJANDRO",PERSONA NATURAL,SCHEMPP-HIRTH,SCHEMPP-HIRTH VENTUS-2CM
479,458,CCBAA,COMERCIAL,AIRBUS,A320-233,AVION,TRANSPORTE AEREO S.A.,EMPRESA,AIRBUS,AIRBUS A320-233
480,459,CCBAB,COMERCIAL,AIRBUS,A320-233,AVION,TRANSPORTE AEREO S.A.,EMPRESA,AIRBUS,AIRBUS A320-233
481,460,CCBAC,COMERCIAL,AIRBUS,A320-233,AVION,TRANSPORTE AEREO S.A.,EMPRESA,AIRBUS,AIRBUS A320-233
482,461,CCBAD,COMERCIAL,AIRBUS,A320-233,AVION,TRANSPORTE AEREO S.A.,EMPRESA,AIRBUS,AIRBUS A320-233
483,462,CCBAE,COMERCIAL,AIRBUS,A320-232,AVION,TRANSPORTE AEREO S.A.,EMPRESA,AIRBUS,AIRBUS A320-232
484,463,CCBAF,COMERCIAL,AIRBUS,A320-232,AVION,TRANSPORTE AEREO S.A.,EMPRESA,AIRBUS,AIRBUS A320-232
485,464,CCBAG,COMERCIAL,AIRBUS,A320-232,AVION,TRANSPORTE AEREO S.A.,EMPRESA,AIRBUS,AIRBUS A320-232
486,465,CCBAH,COMERCIAL,AIRBUS,A320-232,AVION,TRANSPORTE AEREO S.A.,EMPRESA,AIRBUS,AIRBUS A320-232
487,466,CCBAI,COMERCIAL,AIRBUS,A320-233,AVION,LATAM AIRLINES GROUP S.A.,EMPRESA,AIRBUS,AIRBUS A320-233
488,467,CCBAJ,COMERCIAL,AIRBUS,A320-232,AVION,TRANSPORTE AEREO S.A.,EMPRESA,AIRBUS,AIRBUS A320-232
489,468,CCBAK,COMERCIAL,AIRBUS,A320-232,AVION,TRANSPORTE AEREO S.A.,EMPRESA,AIRBUS,AIRBUS A320-232
490,469,CCBAL,COMERCIAL,AIRBUS,A320-232,AVION,TRANSPORTE AEREO S.A.,EMPRESA,AIRBUS,AIRBUS A320-232
491,470,CCBAM,COMERCIAL,AIRBUS,A320-232,AVION,TRANSPORTE AEREO S.A.,EMPRESA,AIRBUS,AIRBUS A320-232
492,471,CCBAQ,COMERCIAL,AIRBUS,A320-214,AVION,LATAM AIRLINES GROUP S.A.,EMPRESA,AIRBUS,AIRBUS A320-214
493,472,CCBAR,COMERCIAL,AIRBUS,A320-214,AVION,TRANSPORTE AEREO S.A.,EMPRESA,AIRBUS,AIRBUS A320-214
494,473,CCBAS,COMERCIAL,AIRBUS,A320-214,AVION,TRANSPORTE AEREO S.A.,EMPRESA,AIRBUS,AIRBUS A320-214
495,474,CCBAT,COMERCIAL,AIRBUS,A320-214,AVION,TRANSPORTE AEREO S.A.,EMPRESA,AIRBUS,AIRBUS A320-214
496,475,CCBAU,COMERCIAL,AIRBUS,A320-214,AVION,TRANSPORTE AEREO S.A.,EMPRESA,AIRBUS,AIRBUS A320-214
497,476,CCBAV,COMERCIAL,AIRBUS,A320-214,AVION,TRANSPORTE AEREO S.A.,EMPRESA,AIRBUS,AIRBUS A320-214
498,477,CCBAW,COMERCIAL,AIRBUS,A320-214,AVION,LATAM AIRLINES GROUP S.A.,EMPRESA,AIRBUS,AIRBUS A320-214
499,478,CCBAX,COMERCIAL,AIRBUS,A320-214,AVION,LATAM AIRLINES GROUP S.A.,EMPRESA,AIRBUS,AIRBUS A320-214
500,479,CCBAY,COMERCIAL,AIRBUS,A320-214,AVION,LATAM AIRLINES GROUP S.A.,EMPRESA,AIRBUS,AIRBUS A320-214
501,480,CCBAZ,COMERCIAL,AIRBUS,A320-214,AVION,TRANSPORTE AEREO S.A.,EMPRESA,AIRBUS,AIRBUS A320-214
502,481,CCBBA,COMERCIAL,BOEING,787-8,AVION,LATAM AIRLINES GROUP S.A.,EMPRESA,BOEING,BOEING 787-8
503,482,CCBBB,COMERCIAL,BOEING,787-8,AVION,LATAM AIRLINES GROUP S.A.,EMPRESA,BOEING,BOEING 787-8
504,483,CCBBC,COMERCIAL,BOEING,787-8,AVION,LATAM AIRLINES GROUP S.A.,EMPRESA,BOEING,BOEING 787-8
505,484,CCBBD,COMERCIAL,BOEING,787-8,AVION,LATAM AIRLINES GROUP S.A.,EMPRESA,BOEING,BOEING 787-8
506,485,CCBBE,COMERCIAL,BOEING,787-8,AVION,LATAM AIRLINES GROUP S.A.,EMPRESA,BOEING,BOEING 787-8
507,486,CCBBF,COMERCIAL,BOEING,787-8,AVION,LATAM AIRLINES GROUP S.A.,EMPRESA,BOEING,BOEING 787-8
508,487,CCBBG,COMERCIAL,BOEING,787-8,AVION,LATAM AIRLINES GROUP S.A.,EMPRESA,BOEING,BOEING 787-8
509,488,CCBBH,COMERCIAL,BOEING,787-8,AVION,LATAM AIRLINES GROUP S.A.,EMPRESA,BOEING,BOEING 787-8
510,489,CCBBI,COMERCIAL,BOEING,787-8,AVION,LATAM AIRLINES GROUP S.A.,EMPRESA,BOEING,BOEING 787-8
511,490,CCBBJ,COMERCIAL,BOEING,787-8,AVION,LATAM AIRLINES GROUP S.A.,EMPRESA,BOEING,BOEING 787-8
512,491,CCBCD,COMERCIAL,AIRBUS,A319-112,AVION,LATAM AIRLINES GROUP S.A.,EMPRESA,AIRBUS,AIRBUS A319-112
513,492,CCBDB,COMERCIAL,BOEING,767-316,AVION,LAN CARGO S.A.,EMPRESA,BOEING,BOEING 767-316
514,493,CCBDC,COMERCIAL,BOEING,767-316,AVION,LAN CARGO S.A.,EMPRESA,BOEING,BOEING 767-316
515,494,CCBEA,COMERCIAL,AIRBUS,A321-211,AVION,LATAM AIRLINES GROUP S.A.,EMPRESA,AIRBUS,AIRBUS A321-211
516,495,CCBEB,COMERCIAL,AIRBUS,A321-211,AVION,LATAM AIRLINES GROUP S.A.,EMPRESA,AIRBUS,AIRBUS A321-211
517,496,CCBEC,COMERCIAL,AIRBUS,A321-211,AVION,LATAM AIRLINES GROUP S.A.,EMPRESA,AIRBUS,AIRBUS A321-211
518,497,CCBED,COMERCIAL,AIRBUS,A321-211,AVION,LATAM AIRLINES GROUP S.A.,EMPRESA,AIRBUS,AIRBUS A321-211
519,498,CCBEE,COMERCIAL,AIRBUS,A321-211,AVION,LATAM AIRLINES GROUP S.A.,EMPRESA,AIRBUS,AIRBUS A321-211
520,499,CCBEF,COMERCIAL,AIRBUS,A321-211,AVION,LATAM AIRLINES GROUP S.A.,EMPRESA,AIRBUS,AIRBUS A321-211
521,500,CCBEG,COMERCIAL,AIRBUS,A321-211,AVION,LATAM AIRLINES GROUP S.A.,EMPRESA,AIRBUS,AIRBUS A321-211
522,501,CCBEH,COMERCIAL,AIRBUS,A321-211,AVION,LATAM AIRLINES GROUP S.A.,EMPRESA,AIRBUS,AIRBUS A321-211
523,502,CCBEI,COMERCIAL,AIRBUS,A321-211,AVION,LATAM AIRLINES GROUP S.A.,EMPRESA,AIRBUS,AIRBUS A321-211
524,503,CCBEJ,COMERCIAL,AIRBUS,A321-211,AVION,LATAM AIRLINES GROUP S.A.,EMPRESA,AIRBUS,AIRBUS A321-211
525,504,CCBEK,COMERCIAL,AIRBUS,A321-211,AVION,LATAM AIRLINES GROUP S.A.,EMPRESA,AIRBUS,AIRBUS A321-211
526,505,CCBEL,COMERCIAL,AIRBUS,A321-211,AVION,LATAM AIRLINES GROUP S.A.,EMPRESA,AIRBUS,AIRBUS A321-211
527,506,CCBEM,COMERCIAL,AIRBUS,A321-211,AVION,LATAM AIRLINES GROUP S.A.,EMPRESA,AIRBUS,AIRBUS A321-211
528,507,CCBEN,COMERCIAL,AIRBUS,A321-211,AVION,LATAM AIRLINES GROUP S.A.,EMPRESA,AIRBUS,AIRBUS A321-211
529,508,CCBEO,COMERCIAL,AIRBUS,A321-211,AVION,LATAM AIRLINES GROUP S.A.,EMPRESA,AIRBUS,AIRBUS A321-211
530,509,CCBEP,COMERCIAL,AIRBUS,A321-211,AVION,LATAM AIRLINES GROUP S.A.,EMPRESA,AIRBUS,AIRBUS A321-211
531,510,CCBEQ,COMERCIAL,AIRBUS,A321-211,AVION,LATAM AIRLINES GROUP S.A.,EMPRESA,AIRBUS,AIRBUS A321-211
532,511,CCBER,COMERCIAL,AIRBUS,A321-211,AVION,LATAM AIRLINES GROUP S.A.,EMPRESA,AIRBUS,AIRBUS A321-211
533,512,CCBFA,COMERCIAL,AIRBUS,A320-214,AVION,LATAM AIRLINES GROUP S.A.,EMPRESA,AIRBUS,AIRBUS A320-214
534,513,CCBFB,COMERCIAL,AIRBUS,A320-214,AVION,TRANSPORTE AEREO S.A.,EMPRESA,AIRBUS,AIRBUS A320-214
535,514,CCBFC,COMERCIAL,AIRBUS,A320-214,AVION,TRANSPORTE AEREO S.A.,EMPRESA,AIRBUS,AIRBUS A320-214
536,515,CCBFD,COMERCIAL,AIRBUS,A320-214,AVION,TRANSPORTE AEREO S.A.,EMPRESA,AIRBUS,AIRBUS A320-214
537,516,CCBFE,COMERCIAL,AIRBUS,A320-214,AVION,TRANSPORTE AEREO S.A.,EMPRESA,AIRBUS,AIRBUS A320-214
538,517,CCBFF,COMERCIAL,AIRBUS,A320-214,AVION,TRANSPORTE AEREO S.A.,EMPRESA,AIRBUS,AIRBUS A320-214
539,518,CCBFG,COMERCIAL,AIRBUS,A320-214,AVION,TRANSPORTE AEREO S.A.,EMPRESA,AIRBUS,AIRBUS A320-214
540,519,CCBFH,COMERCIAL,AIRBUS,A320-214,AVION,TRANSPORTE AEREO S.A.,EMPRESA,AIRBUS,AIRBUS A320-214
541,520,CCBFI,COMERCIAL,AIRBUS,A320-214,AVION,TRANSPORTE AEREO S.A.,EMPRESA,AIRBUS,AIRBUS A320-214
542,521,CCBFJ,COMERCIAL,AIRBUS,A320-214,AVION,TRANSPORTE AEREO S.A.,EMPRESA,AIRBUS,AIRBUS A320-214
543,522,CCBFK,COMERCIAL,AIRBUS,A320-214,AVION,TRANSPORTE AEREO S.A.,EMPRESA,AIRBUS,AIRBUS A320-214
544,523,CCBFL,COMERCIAL,AIRBUS,A320-214,AVION,TRANSPORTE AEREO S.A.,EMPRESA,AIRBUS,AIRBUS A320-214
545,524,CCBFM,COMERCIAL,AIRBUS,A320-214,AVION,TRANSPORTE AEREO S.A.,EMPRESA,AIRBUS,AIRBUS A320-214
546,525,CCBFN,COMERCIAL,AIRBUS,A320-214,AVION,TRANSPORTE AEREO S.A.,EMPRESA,AIRBUS,AIRBUS A320-214
547,526,CCBFO,COMERCIAL,AIRBUS,A320-214,AVION,LATAM AIRLINES GROUP S.A.,EMPRESA,AIRBUS,AIRBUS A320-214
548,527,CCBFP,COMERCIAL,AIRBUS,A320-214,AVION,LATAM AIRLINES GROUP S.A.,EMPRESA,AIRBUS,AIRBUS A320-214
549,528,CCBFQ,COMERCIAL,AIRBUS,A320-214,AVION,LATAM AIRLINES GROUP S.A.,EMPRESA,AIRBUS,AIRBUS A320-214
550,529,CCBFR,COMERCIAL,AIRBUS,A320-214,AVION,LATAM AIRLINES GROUP S.A.,EMPRESA,AIRBUS,AIRBUS A320-214
551,530,CCBFS,COMERCIAL,AIRBUS,A320-214,AVION,LATAM AIRLINES GROUP S.A.,EMPRESA,AIRBUS,AIRBUS A320-214
552,531,CCBFT,COMERCIAL,AIRBUS,A320-214,AVION,LATAM AIRLINES GROUP S.A.,EMPRESA,AIRBUS,AIRBUS A320-214
553,532,CCBFU,COMERCIAL,AIRBUS,A320-214,AVION,LATAM AIRLINES GROUP S.A.,EMPRESA,AIRBUS,AIRBUS A320-214
554,533,CCBFV,COMERCIAL,AIRBUS,A320-214,AVION,LATAM AIRLINES GROUP S.A.,EMPRESA,AIRBUS,AIRBUS A320-214
555,534,CCBFW,COMERCIAL,AIRBUS,A320-214,AVION,LATAM AIRLINES GROUP S.A.,EMPRESA,AIRBUS,AIRBUS A320-214
556,535,CCBFX,COMERCIAL,AIRBUS,A320-214,AVION,LATAM AIRLINES GROUP S.A.,EMPRESA,AIRBUS,AIRBUS A320-214
557,536,CCBGA,COMERCIAL,BOEING,787-9,AVION,LATAM AIRLINES GROUP S.A.,EMPRESA,BOEING,BOEING 787-9
558,537,CCBGB,COMERCIAL,BOEING,787-9,AVION,LATAM AIRLINES GROUP S.A.,EMPRESA,BOEING,BOEING 787-9
559,538,CCBGC,COMERCIAL,BOEING,787-9,AVION,LATAM AIRLINES GROUP S.A.,EMPRESA,BOEING,BOEING 787-9
560,539,CCBGD,COMERCIAL,BOEING,787-9,AVION,LATAM AIRLINES GROUP S.A.,EMPRESA,BOEING,BOEING 787-9
561,540,CCBGE,COMERCIAL,BOEING,787-9,AVION,LATAM AIRLINES GROUP S.A.,EMPRESA,BOEING,BOEING 787-9
562,541,CCBGF,COMERCIAL,BOEING,787-9,AVION,LATAM AIRLINES GROUP S.A.,EMPRESA,BOEING,BOEING 787-9
563,542,CCBGG,COMERCIAL,BOEING,787-9,AVION,LATAM AIRLINES GROUP S.A.,EMPRESA,BOEING,BOEING 787-9
564,543,CCBGH,COMERCIAL,BOEING,787-9,AVION,LATAM AIRLINES GROUP S.A.,EMPRESA,BOEING,BOEING 787-9
565,544,CCBGI,COMERCIAL,BOEING,787-9,AVION,LATAM AIRLINES GROUP S.A.,EMPRESA,BOEING,BOEING 787-9
566,545,CCBGJ,COMERCIAL,BOEING,787-9,AVION,LATAM AIRLINES GROUP S.A.,EMPRESA,BOEING,BOEING 787-9
567,546,CCBGK,COMERCIAL,BOEING,787-9,AVION,LATAM AIRLINES GROUP S.A.,EMPRESA,BOEING,BOEING 787-9
568,547,CCBGL,COMERCIAL,BOEING,787-9,AVION,LATAM AIRLINES GROUP S.A.,EMPRESA,BOEING,BOEING 787-9
569,548,CCBGM,COMERCIAL,BOEING,787-9,AVION,LATAM AIRLINES GROUP S.A.,EMPRESA,BOEING,BOEING 787-9
570,549,CCBGN,COMERCIAL,BOEING,787-9,AVION,LATAM AIRLINES GROUP S.A.,EMPRESA,BOEING,BOEING 787-9
571,550,CCBGP,COMERCIAL,BOEING,787-9,AVION,LATAM AIRLINES GROUP S.A.,EMPRESA,BOEING,BOEING 787-9
572,551,CCBGQ,COMERCIAL,BOEING,787-9,AVION,LATAM AIRLINES GROUP S.A.,EMPRESA,BOEING,BOEING 787-9
573,552,CCBGR,COMERCIAL,BOEING,787-9,AVION,LATAM AIRLINES GROUP S.A.,EMPRESA,BOEING,BOEING 787-9
574,553,CCBGS,COMERCIAL,BOEING,787-9,AVION,LATAM AIRLINES GROUP S.A.,EMPRESA,BOEING,BOEING 787-9
575,554,CCBGT,COMERCIAL,BOEING,787-9,AVION,LATAM AIRLINES GROUP S.A.,EMPRESA,BOEING,BOEING 787-9
576,555,CCBGU,COMERCIAL,BOEING,787-9,AVION,LATAM AIRLINES GROUP S.A.,EMPRESA,BOEING,BOEING 787-9
577,556,CCBGV,COMERCIAL,BOEING,787-9,AVION,LATAM AIRLINES GROUP S.A.,EMPRESA,BOEING,BOEING 787-9
578,557,CCBGW,COMERCIAL,BOEING,787-9,AVION,LATAM AIRLINES GROUP S.A.,EMPRESA,BOEING,BOEING 787-9
579,558,CCBGX,COMERCIAL,BOEING,787-9,AVION,LATAM AIRLINES GROUP S.A.,EMPRESA,BOEING,BOEING 787-9
580,559,CCBGY,COMERCIAL,BOEING,787-9,AVION,LATAM AIRLINES GROUP S.A.,EMPRESA,BOEING,BOEING 787-9
581,560,CCBGZ,COMERCIAL,BOEING,787-9,AVION,LATAM AIRLINES GROUP S.A.,EMPRESA,BOEING,BOEING 787-9
582,561,CCBHA,COMERCIAL,AIRBUS,A320-271N,AVION,LATAM AIRLINES GROUP S.A.,EMPRESA,AIRBUS,AIRBUS A320-271N
583,562,CCBHB,COMERCIAL,AIRBUS,A320-271N,AVION,LATAM AIRLINES GROUP S.A.,EMPRESA,AIRBUS,AIRBUS A320-271N
584,563,CCBHC,COMERCIAL,AIRBUS,A320-271N,AVION,LATAM AIRLINES GROUP S.A.,EMPRESA,AIRBUS,AIRBUS A320-271N
585,564,CCBHD,COMERCIAL,AIRBUS,A320-271N,AVION,LATAM AIRLINES GROUP S.A.,EMPRESA,AIRBUS,AIRBUS A320-271N
586,565,CCBHE,COMERCIAL,AIRBUS,A320-271N,AVION,LATAM AIRLINES GROUP S.A.,EMPRESA,AIRBUS,AIRBUS A320-271N
587,566,CCBHF,COMERCIAL,AIRBUS,A320-271N,AVION,LATAM AIRLINES GROUP S.A.,EMPRESA,AIRBUS,AIRBUS A320-271N
588,567,CCBHG,COMERCIAL,AIRBUS,A320-271N,AVION,LATAM AIRLINES GROUP S.A.,EMPRESA,AIRBUS,AIRBUS A320-271N
589,568,CCBHH,COMERCIAL,AIRBUS,A320-271N,AVION,LATAM AIRLINES GROUP S.A.,EMPRESA,AIRBUS,AIRBUS A320-271N
590,569,CCBHI,COMERCIAL,AIRBUS,A320-271N,AVION,LATAM AIRLINES GROUP S.A.,EMPRESA,AIRBUS,AIRBUS A320-271N
591,570,CCBHJ,COMERCIAL,AIRBUS,A320-271N,AVION,LATAM AIRLINES GROUP S.A.,EMPRESA,AIRBUS,AIRBUS A320-271N
592,571,CCBHK,COMERCIAL,AIRBUS,A320-271N,AVION,LATAM AIRLINES GROUP S.A.,EMPRESA,AIRBUS,AIRBUS A320-271N
593,572,CCBHL,COMERCIAL,AIRBUS,A320-271N,AVION,LATAM AIRLINES GROUP S.A.,EMPRESA,AIRBUS,AIRBUS A320-271N
594,573,CCBHM,COMERCIAL,AIRBUS,A320-271N,AVION,LATAM AIRLINES GROUP S.A.,EMPRESA,AIRBUS,AIRBUS A320-271N
595,574,CCBHN,COMERCIAL,AIRBUS,A320-271N,AVION,LATAM AIRLINES GROUP S.A.,EMPRESA,AIRBUS,AIRBUS A320-271N
596,575,CCBHO,COMERCIAL,AIRBUS,A320-271N,AVION,LATAM AIRLINES GROUP S.A.,EMPRESA,AIRBUS,AIRBUS A320-271N
597,576,CCBHP,COMERCIAL,AIRBUS,A320-271N,AVION,LATAM AIRLINES GROUP S.A.,EMPRESA,AIRBUS,AIRBUS A320-271N
598,577,CCBHQ,COMERCIAL,AIRBUS,A320-271N,AVION,LATAM AIRLINES GROUP S.A.,EMPRESA,AIRBUS,AIRBUS A320-271N
599,578,CCBHR,COMERCIAL,AIRBUS,A320-271N,AVION,LATAM AIRLINES GROUP S.A.,EMPRESA,AIRBUS,AIRBUS A320-271N
600,579,CCBHS,COMERCIAL,AIRBUS,A320-271N,AVION,LATAM AIRLINES GROUP S.A.,EMPRESA,AIRBUS,AIRBUS A320-271N
601,580,CCBHU,COMERCIAL,AIRBUS,A320-271N,AVION,LATAM AIRLINES GROUP S.A.,EMPRESA,AIRBUS,AIRBUS A320-271N
602,581,CCBJD,COMERCIAL,AIRBUS,A320-214,AVION,LATAM AIRLINES GROUP S.A.,EMPRESA,AIRBUS,AIRBUS A320-214
603,582,CCBJE,COMERCIAL,AIRBUS,A320-214,AVION,LATAM AIRLINES GROUP S.A.,EMPRESA,AIRBUS,AIRBUS A320-214
604,583,CCBJF,COMERCIAL,AIRBUS,A320-214,AVION,LATAM AIRLINES GROUP S.A.,EMPRESA,AIRBUS,AIRBUS A320-214
605,584,CCBLA,COMERCIAL,AIRBUS,A320-233,AVION,LATAM AIRLINES GROUP S.A.,EMPRESA,AIRBUS,AIRBUS A320-233
606,585,CCBLB,COMERCIAL,AIRBUS,A320-233,AVION,TRANSPORTE AEREO S.A.,EMPRESA,AIRBUS,AIRBUS A320-233
607,586,CCBLE,COMERCIAL,AIRBUS,A320-214,AVION,LATAM AIRLINES GROUP S.A.,EMPRESA,AIRBUS,AIRBUS A320-214
608,587,CCBLG,COMERCIAL,AIRBUS,A320-214,AVION,LATAM AIRLINES GROUP S.A.,EMPRESA,AIRBUS,AIRBUS A320-214
609,588,CCBLH,COMERCIAL,AIRBUS,A320-214,AVION,LATAM AIRLINES GROUP S.A.,EMPRESA,AIRBUS,AIRBUS A320-214
610,589,CCBLI,COMERCIAL,AIRBUS,A320-214,AVION,LATAM AIRLINES GROUP S.A.,EMPRESA,AIRBUS,AIRBUS A320-214
611,590,CCBLJ,COMERCIAL,AIRBUS,A320-214,AVION,LATAM AIRLINES GROUP S.A.,EMPRESA,AIRBUS,AIRBUS A320-214
612,591,CCBLK,COMERCIAL,AIRBUS,A320-214,AVION,LATAM AIRLINES GROUP S.A.,EMPRESA,AIRBUS,AIRBUS A320-214
613,592,CCBLL,COMERCIAL,AIRBUS,A320-214,AVION,LATAM AIRLINES GROUP S.A.,EMPRESA,AIRBUS,AIRBUS A320-214
614,593,CCBLM,COMERCIAL,AIRBUS,A320-214,AVION,LATAM AIRLINES GROUP S.A.,EMPRESA,AIRBUS,AIRBUS A320-214
615,594,CCBLN,COMERCIAL,AIRBUS,A320-214,AVION,LATAM AIRLINES GROUP S.A.,EMPRESA,AIRBUS,AIRBUS A320-214
616,595,CCBLO,COMERCIAL,AIRBUS,A320-214,AVION,LATAM AIRLINES GROUP S.A.,EMPRESA,AIRBUS,AIRBUS A320-214
617,596,CCBLP,COMERCIAL,AIRBUS,A320-214,AVION,LATAM AIRLINES GROUP S.A.,EMPRESA,AIRBUS,AIRBUS A320-214
618,597,CCBMA,COMERCIAL,BOEING,787-9,AVION,LATAM AIRLINES GROUP S.A.,EMPRESA,BOEING,BOEING 787-9
619,598,CCBMB,COMERCIAL,BOEING,787-9,AVION,LATAM AIRLINES GROUP S.A.,EMPRESA,BOEING,BOEING 787-9
620,599,CCCAA,PRIVADO,PIPER,PA-25-150,AVION,LINEA AEREA DE FUMIGACIONES AGUAS NEGRAS S.A.,EMPRESA,PIPER,PIPER PA-25-150
621,600,CCCAF,PRIVADO,CESSNA,172D,AVION,"BOPP DEL CANTO, PABLO JORGE ANDRÉS",PERSONA NATURAL,CESSNA,CESSNA 172D
622,601,CCCAG,PRIVADO,CESSNA,150B,AVION,CLUB AÉREO DE LOS ÁNGELES,CLUB AEREO,CESSNA,CESSNA 150B
623,602,CCCAJ,COMERCIAL,CESSNA,337H,AVION,AEROSEED SPA,EMPRESA,CESSNA,CESSNA 337H
624,603,CCCAK,COMERCIAL,BEECHCRAFT CORP.,95-A55,AVION,SERVICIOS AEREOS RAUL ATALA E.I.R.L.,OTRO,BEECHCRAFT,BEECHCRAFT 95-A55
625,604,CCCAM,COMERCIAL,CESSNA,402,AVION,LINEA AEREA ERNESTO HEIN Y CIA. LTDA.,EMPRESA,CESSNA,CESSNA 402
626,605,CCCAN,PRIVADO,GRUMMAN,G-164B,AVION,LINEA AEREA DE FUMIGACIONES AGUAS NEGRAS S.A.,EMPRESA,GRUMMAN,GRUMMAN G-164B
627,606,CCCAO,COMERCIAL,PIPER,PA-31T,AVION,TRANSPORTES AÉREOS SAN RAFAEL LIMITADA,EMPRESA,PIPER,PIPER PA-31T
628,607,CCCAR,PRIVADO,CESSNA,R172K,AVION,"ARANZASTI MARTINEZ, RAMON FERNANDO Y FIGUEROA BITTNER, ALEJANDRO EVARISTO",PERSONA NATURAL,CESSNA,CESSNA R172K
629,608,CCCAS,PRIVADO,CESSNA,172C,AVION,SOCIEDAD DE ASESORÍA E INVERSIONES COUSIÑO LIMITADA,EMPRESA,CESSNA,CESSNA 172C
630,609,CCCAT,PRIVADO,GRUMMAN,G-164B,AVION,CFC CAPITAL S.A.,EMPRESA,GRUMMAN,GRUMMAN G-164B
631,610,CCCAU,PRIVADO,ROBINSON,R44 II,HELICOPTERO,"ERAZO PEREZ, LUIS ALBERTO Y DEL FAVERO VALDES, PEDRO PABLO",PERSONA NATURAL,ROBINSON,ROBINSON R44 II
632,611,CCCAZ,PRIVADO,CESSNA,T210M,AVION,"SOTO DEBEUF, GONZALO",PERSONA NATURAL,CESSNA,CESSNA T210M
633,612,CCCBA,COMERCIAL,EUROCOPTER,EC 120 B,HELICOPTERO,SERVICIOS Y ARRIENDOS ROTORTEC SPA,EMPRESA,EUROCOPTER,EUROCOPTER EC 120 B
634,613,CCCBB,COMERCIAL,GARLICK,UH-1H,HELICOPTERO,SOCIEDAD AERO FLIGHT SERVICES S.A.,EMPRESA,GARLICK,GARLICK UH-1H
635,614,CCCBE,COMERCIAL,MESSERSCHMITT-BOLKOW-BLOHM,BO-105C,HELICOPTERO,"SOCIEDAD DE INVERSIONES, ASESORIA Y COMERCIALIZACION AERONAUTICA LTDA.",EMPRESA,MESSERSCHMITT-BOLKOW-BLOHM,MESSERSCHMITT-BOLKOW-BLOHM BO-105C
636,615,CCCBF,COMERCIAL,HUGHES,369D,HELICOPTERO,HELICOPTEROS ANDES S.A.,EMPRESA,HUGHES,HUGHES 369D
637,616,CCCBI,PRIVADO,BELL,407,HELICOPTERO,INVERSIONES AEREAS ANDES LIMITADA,EMPRESA,BELL,BELL 407
638,617,CCCBK,PRIVADO,CESSNA,150A,AVION,"LACOSTE RIQUELME, RODRIGO Y GALILEA SOLA, ALBERTO",PERSONA NATURAL,CESSNA,CESSNA 150A
639,618,CCCBM,COMERCIAL,HUGHES,369D,HELICOPTERO,HELICOPTEROS ANDES S.A.,EMPRESA,HUGHES,HUGHES 369D
640,619,CCCBN,COMERCIAL,CESSNA,310D,AVION,"CARRASCO OJEDA, RAMON ALEJANDRO",PERSONA NATURAL,CESSNA,CESSNA 310D
641,620,CCCBP,COMERCIAL,FAIRCHILD,F27A,AVION,TRANSPORTES AEREOS NORTE-SUR Y CIA. LTDA.,EMPRESA,FAIRCHILD,FAIRCHILD F27A
642,621,CCCBR,COMERCIAL,FAIRCHILD,F27A,AVION,TRANSPORTES AEREOS NORTE-SUR Y CIA. LTDA.,EMPRESA,FAIRCHILD,FAIRCHILD F27A
643,622,CCCBV,PRIVADO,ROBINSON,R44 II,HELICOPTERO,HELI CPV SPA,EMPRESA,ROBINSON,ROBINSON R44 II
644,623,CCCBX,COMERCIAL,CESSNA,401A,AVION,"SERVICIO AEREO EJECUTIVO ""SAE"" LTDA.",EMPRESA,CESSNA,CESSNA 401A
645,624,CCCBY,COMERCIAL,GARLICK,UH-1H,HELICOPTERO,SOCIEDAD AERO FLIGHT SERVICES S.A.,EMPRESA,GARLICK,GARLICK UH-1H
646,625,CCCCA,COMERCIAL,EUROCOPTER,EC135T1,HELICOPTERO,DAP HELICOPTEROS ARGENTINA S.A.,EMPRESA,EUROCOPTER,EUROCOPTER EC135T1
647,626,CCCCC,COMERCIAL,PIPER,PA-31T,AVION,SEBASTIAN KAMAL ALFARO GARY SERVICIOS AEREOS INTEGRALES COASTLINE E.I.R.L.,OTRO,PIPER,PIPER PA-31T
648,627,CCCCD,PRIVADO,BELL,407,HELICOPTERO,AGRICOLA GEOAGRO LIMITADA,EMPRESA,BELL,BELL 407
649,628,CCCCE,COMERCIAL,SOUTHWEST FLORIDA AVIATION,UH-1H,HELICOPTERO,INVERSIONES AÉREAS PATAGONIA LIMITADA,EMPRESA,SOUTHWEST FLORIDA AVIATION,SOUTHWEST FLORIDA AVIATION UH-1H
650,629,CCCCL,COMERCIAL,CESSNA,A188B,AVION,ALAS AGRICOLAS S.A.,EMPRESA,CESSNA,CESSNA A188B
651,630,CCCCN,COMERCIAL,BELL,206B,HELICOPTERO,TRANSPORTES PATAGONAIR SPA,EMPRESA,BELL,BELL 206B
652,631,CCCCO,PRIVADO,CESSNA,172M,AVION,AEROHALCÓN FOTOGRAFÍA LIMITADA,EMPRESA,CESSNA,CESSNA 172M
653,632,CCCCP,PRIVADO,PIPER,PA-28-235,AVION,CLUB DEPORTIVO AÉREO CÓNDORES DE CHILE,CLUB AEREO,PIPER,PIPER PA-28-235
654,633,CCCCQ,COMERCIAL,CESSNA,310K,AVION,LINEA AEREA TAXPA LIMITADA,EMPRESA,CESSNA,CESSNA 310K
655,634,CCCCS,PRIVADO,CESSNA,172A,AVION,CLUB DE DEPORTES AÉREOS AEROCLUB CORDILLERA,CLUB AEREO,CESSNA,CESSNA 172A
656,635,CCCCT,COMERCIAL,CESSNA,310,AVION,LINEA AEREA TAXPA LIMITADA,EMPRESA,CESSNA,CESSNA 310
657,636,CCCCU,PRIVADO,BEECH AIRCRAFT CORPORATION,C23,AVION,IHCNA SPA,EMPRESA,BEECHCRAFT,BEECHCRAFT C23
658,637,CCCCV,COMERCIAL,PIPER,PA-25-235,AVION,ALAS AGRICOLAS S.A.,EMPRESA,PIPER,PIPER PA-25-235
659,638,CCCCY,COMERCIAL,FAIRCHILD,FH-1100,HELICOPTERO,"LINEA AEREA DE HELICOPTEROS ""HELICOPSERVICES CHILE LIMITADA""",EMPRESA,FAIRCHILD,FAIRCHILD FH-1100
660,639,CCCDA,PRIVADO,PIPER,PA-18A-135,AVION,"EPPLE IDE, GERMAN Y WETZEL BAGOLINI, PABLO",PERSONA NATURAL,PIPER,PIPER PA-18A-135
661,640,CCCDC,COMERCIAL,CESSNA,A188B,AVION,IBEROCHILENA DE AVIACION LIMITADA,EMPRESA,CESSNA,CESSNA A188B
662,641,CCCDD,COMERCIAL,PIPER,PA-31,AVION,AEROLÍNEAS TRANSPORTE ARAUCANÍA LIMITADA,EMPRESA,PIPER,PIPER PA-31
663,642,CCCDF,COMERCIAL,EUROCOPTER,SE3130,HELICOPTERO,HELICÓPTEROS DEL PACÍFICO LIMITADA,EMPRESA,EUROCOPTER,EUROCOPTER SE3130
664,643,CCCDG,PRIVADO,CESSNA,R172K,AVION,SERVICIOS Y APLICACIONES DE INFORMÁTICA EN SALUD SPA,EMPRESA,CESSNA,CESSNA R172K
665,644,CCCDJ,PRIVADO,CESSNA,A188B,AVION,FUMIGACIONES AEREAS RAFAEL REYES LIMITADA,EMPRESA,CESSNA,CESSNA A188B
666,645,CCCDK,COMERCIAL,CESSNA,402C,AVION,TRANSPORTES AEREOS COYHAIQUE LIMITADA,EMPRESA,CESSNA,CESSNA 402C
667,646,CCCDN,COMERCIAL,HELIBRAS,AS-350B3,HELICOPTERO,SOCIEDAD DE SERVICIOS AEREOS VIÑA LIMITADA,EMPRESA,HELIBRAS,HELIBRAS AS-350B3
668,647,CCCDQ,COMERCIAL,CESSNA,310C,AVION,LINEA AEREA ERNESTO HEIN Y CIA. LTDA.,EMPRESA,CESSNA,CESSNA 310C
669,648,CCCDR,COMERCIAL,CESSNA,208B,AVION,SERVICIOS AEREOS PEWEN S.A.,EMPRESA,CESSNA,CESSNA 208B
670,649,CCCDS,PRIVADO,CESSNA,172R,AVION,"NUÑEZ RIQUELME, HUGO MARIO",PERSONA NATURAL,CESSNA,CESSNA 172R
671,650,CCCDW,COMERCIAL,BEECH AIRCRAFT CORPORATION,65-80,AVION,TRANSPORTES AEREOS ISLA ROBINSON CRUSOE LIMITADA,EMPRESA,BEECHCRAFT,BEECHCRAFT 65-80
672,651,CCCDY,PRIVADO,BEECHCRAFT CORP.,200,AVION,SOCIEDAD DE TRANSPORTE AEREO MOVI AIR SPA,EMPRESA,BEECHCRAFT,BEECHCRAFT 200
673,652,CCCDZ,PRIVADO,CESSNA,R172K,AVION,SANTIAGO ANDRÉS FERNÁNDEZ COURT,OTRO,CESSNA,CESSNA R172K
674,653,CCCEC,COMERCIAL,AERO COMMANDER,680FL(P),AVION,AEROPUELCHE S.A.,EMPRESA,AERO COMMANDER,AERO COMMANDER 680FL(P)
675,654,CCCEE,COMERCIAL,EUROCOPTER,EC 130 B4,HELICOPTERO,SERVICIOS Y ARRIENDOS ROTORTEC SPA,EMPRESA,EUROCOPTER,EUROCOPTER EC 130 B4
676,655,CCCEI,PRIVADO,CESSNA,421C,AVION,INVERSIONES A Y V LIMITADA,EMPRESA,CESSNA,CESSNA 421C
677,656,CCCER,PRIVADO,ROBINSON,R44 II,HELICOPTERO,"ESPINOSA RAMELLI, FRANCISCO JAVIER",PERSONA NATURAL,ROBINSON,ROBINSON R44 II
678,657,CCCES,PRIVADO,CESSNA,T206H,AVION,AGRICOLA EL TORO LIMITADA,EMPRESA,CESSNA,CESSNA T206H
679,658,CCCET,PRIVADO,CESSNA,210M,AVION,SOCIEDAD DE SERVICIOS AEREOS VIÑA LIMITADA,EMPRESA,CESSNA,CESSNA 210M
680,659,CCCEW,COMERCIAL,HELIBRAS,AS-350B3,HELICOPTERO,SOCIEDAD AEREA HOLVOET CIA. LIMITADA,EMPRESA,HELIBRAS,HELIBRAS AS-350B3
681,660,CCCEZ,COMERCIAL,PIPER,PA-31,AVION,SERVICIOS AEREOS RAUL ATALA E.I.R.L.,OTRO,PIPER,PIPER PA-31
682,661,CCCFA,PRIVADO,BOEING AIRPLANE COMPANY,A75N1,AVION,"CAMPOS GONZÁLEZ, SERGIO GERMÁN ALEJANDRO",PERSONA NATURAL,BOEING AIRPLANE COMPANY,BOEING AIRPLANE COMPANY A75N1
683,662,CCCFB,COMERCIAL,CESSNA,337H,AVION,"ROUSSET, DIDIER HENRI",PERSONA NATURAL,CESSNA,CESSNA 337H
684,663,CCCFF,COMERCIAL,CESSNA,402C,AVION,INVERSIONES AÉREAS PATAGONIA LIMITADA,EMPRESA,CESSNA,CESSNA 402C
685,664,CCCFG,COMERCIAL,HAWKER BEECHCRAFT CORP.,B200GT,AVION,AEREOSERVICIOS CONIMEX LIMITADA,EMPRESA,BEECHCRAFT,BEECHCRAFT B200GT
686,665,CCCFI,COMERCIAL,CESSNA,310,AVION,LINEA AEREA TAXPA LIMITADA,EMPRESA,CESSNA,CESSNA 310
687,666,CCCFL,PRIVADO,CESSNA,T310R,AVION,INVERSIONES INMOBILIARIAS LIMITADA,EMPRESA,CESSNA,CESSNA T310R
688,667,CCCFN,COMERCIAL,DEHAVILLAND,DHC-6-300,AVION,INVERSIONES AÉREAS PATAGONIA LIMITADA,EMPRESA,DEHAVILLAND,DEHAVILLAND DHC-6-300
689,668,CCCFP,COMERCIAL,PIPER,PA-31T,AVION,SOCIEDAD TRANSPORTE AEROMÉDICO CRÍTICO SPA,EMPRESA,PIPER,PIPER PA-31T
690,669,CCCFT,COMERCIAL,EUROCOPTER,AS 350 B2,HELICOPTERO,SERVICIOS AEREOS KIPREOS S.A.,EMPRESA,EUROCOPTER,EUROCOPTER AS 350 B2
691,670,CCCFW,COMERCIAL,GULFSTREAM AEROSPACE CORPORATION,500-S,AVION,SEBASTIAN KAMAL ALFARO GARY SERVICIOS AEREOS INTEGRALES COASTLINE E.I.R.L.,OTRO,GULFSTREAM AEROSPACE CORPORATION,GULFSTREAM AEROSPACE CORPORATION 500-S
692,671,CCCFZ,PRIVADO,GRUMMAN,G-164A,AVION,CFC CAPITAL S.A.,EMPRESA,GRUMMAN,GRUMMAN G-164A
693,672,CCCGB,COMERCIAL,CESSNA,337H,AVION,AEROSEED SPA,EMPRESA,CESSNA,CESSNA 337H
694,673,CCCGD,PRIVADO,CESSNA,150B,AVION,CLUB AEROCLUB METROPOLITANO,CLUB AEREO,CESSNA,CESSNA 150B
695,674,CCCGF,PRIVADO,PIPER,PA-18-150,AVION,CLUB AÉREO DE TEMUCO,CLUB AEREO,PIPER,PIPER PA-18-150
696,675,CCCGG,PRIVADO,PIPER,PA-18-150,AVION,CLUB DE PLANEADORES DE VALPARAÍSO,CLUB AEREO,PIPER,PIPER PA-18-150
697,676,CCCGP,COMERCIAL,CAMERON BALLOONS LTD.,DP-90,DIRIGIBLE,SERVICIOS AEREOS SOUTHSHIPS S.A.,EMPRESA,CAMERON BALLOONS LTD.,CAMERON BALLOONS LTD. DP-90
698,677,CCCGQ,COMERCIAL,CESSNA,337H,AVION,"ROUSSET, DIDIER HENRI",PERSONA NATURAL,CESSNA,CESSNA 337H
699,678,CCCGU,PRIVADO,CAMERON BALLOONS LTD.,V-77,GLOBO,FUNDACION AERONAUTICA DEPORTIVA,OTRO,CAMERON BALLOONS LTD.,CAMERON BALLOONS LTD. V-77
700,679,CCCGV,PRIVADO,CESSNA,172M,AVION,CLUB AÉREO ADOLFO MENADIER,CLUB AEREO,CESSNA,CESSNA 172M
701,680,CCCGW,COMERCIAL,CAMERON BALLOONS LTD.,V-77,GLOBO,AEROTEC S.A.,EMPRESA,CAMERON BALLOONS LTD.,CAMERON BALLOONS LTD. V-77
702,681,CCCGZ,COMERCIAL,CESSNA,TP206A,AVION,"GONZALEZ GONZALEZ, MOISES RENE",PERSONA NATURAL,CESSNA,CESSNA TP206A
703,682,CCCHA,PRIVADO,CAMERON BALLOONS LTD.,V-77,GLOBO,FUNDACION AERONAUTICA DEPORTIVA,OTRO,CAMERON BALLOONS LTD.,CAMERON BALLOONS LTD. V-77
704,683,CCCHB,PRIVADO,AGUSTAWESTLAND PHILADELPHIA CORP.,A109AII,HELICOPTERO,"INGENIERIA Y MOVIMIENTO DE TIERRAS ""SABREC S.A.""",EMPRESA,AGUSTAWESTLAND PHILADELPHIA CORP.,AGUSTAWESTLAND PHILADELPHIA CORP. A109AII
705,684,CCCHC,PRIVADO,AIR TRACTOR,AT-301,AVION,SERVICIOS AÉREOS ACONCAGUA LIMITADA,EMPRESA,AIR TRACTOR,AIR TRACTOR AT-301
706,685,CCCHD,COMERCIAL,CESSNA,402C,AVION,FLOTA AEREA TEMUCO LTDA.,EMPRESA,CESSNA,CESSNA 402C
707,686,CCCHI,COMERCIAL,PIPER,PA-23-250,AVION,"PIZARRO ESPINOSA, RAUL",PERSONA NATURAL,PIPER,PIPER PA-23-250
708,687,CCCHM,COMERCIAL,EUROCOPTER,BO-105 CB-4,HELICOPTERO,AEROVIAS DAP S. A.,OTRO,EUROCOPTER,EUROCOPTER BO-105 CB-4
709,688,CCCHN,COMERCIAL,EUROCOPTER,BO-105 CB-4,HELICOPTERO,AEROVIAS DAP S. A.,OTRO,EUROCOPTER,EUROCOPTER BO-105 CB-4
710,689,CCCHO,COMERCIAL,PIPER,PA-25-235,AVION,AEROFUMIGACIONES SAM S.A.,EMPRESA,PIPER,PIPER PA-25-235
711,690,CCCHP,PRIVADO,CESSNA,A188B,AVION,NUEVA FRONTERA SPA,EMPRESA,CESSNA,CESSNA A188B
712,691,CCCHQ,COMERCIAL,EUROCOPTER,BO-105 CB-4,HELICOPTERO,DAP HELICOPTEROS LIMITADA O HELICOPTEROS PIVCEVIC LTDA.,EMPRESA,EUROCOPTER,EUROCOPTER BO-105 CB-4
713,692,CCCHR,COMERCIAL,EUROCOPTER,BO-105 CB-4,HELICOPTERO,DAP HELICOPTEROS LIMITADA O HELICOPTEROS PIVCEVIC LTDA.,EMPRESA,EUROCOPTER,EUROCOPTER BO-105 CB-4
714,693,CCCHT,COMERCIAL,CESSNA,U206G,AVION,TRANSPORTES AEREOS COYHAIQUE LIMITADA,EMPRESA,CESSNA,CESSNA U206G
715,694,CCCHU,PRIVADO,LOCKHEED AIRCRAFT CORPORATION,SP-2H,AVION,SERVICIOS Y TRANSPORTES AEREOS HELIWORKS LIMITADA,EMPRESA,LOCKHEED AIRCRAFT CORPORATION,LOCKHEED AIRCRAFT CORPORATION SP-2H
716,695,CCCHV,COMERCIAL,DEHAVILLAND,DHC-6-300,AVION,AEROVIAS DAP S. A.,OTRO,DEHAVILLAND,DEHAVILLAND DHC-6-300
717,696,CCCHW,PRIVADO,CESSNA,402,AVION,"HEIN BAHAMONDE, SIXTO ERNESTO",PERSONA NATURAL,CESSNA,CESSNA 402
718,697,CCCHX,COMERCIAL,CESSNA,404,AVION,PETREL AEROLINEAS AUSTRAL S.A.,EMPRESA,CESSNA,CESSNA 404
719,698,CCCHY,PRIVADO,CESSNA,T337H,AVION,SOCIEDAD DE TRANSPORTE AEREO MOVI AIR SPA,EMPRESA,CESSNA,CESSNA T337H
720,699,CCCHZ,PRIVADO,CESSNA,310Q,AVION,GEOINFORMACION Y ASESORIAS EN TEMAS AERONAUTICOS ASOCIADOS LIMITADA,EMPRESA,CESSNA,CESSNA 310Q
721,700,CCCIF,PRIVADO,CESSNA,182Q,AVION,"SCHWENCKE WERNER, ARTURO ALBERTO",PERSONA NATURAL,CESSNA,CESSNA 182Q
722,701,CCCIG,PRIVADO,CESSNA,172C,AVION,"ARRUE CANALES, JORGE A.; PEREYRA DEKOVIC, ADRIAN A. Y ERPEL GODOY, ERIK A.",PERSONA NATURAL,CESSNA,CESSNA 172C
723,702,CCCII,COMERCIAL,AIR TRACTOR,AT-802,AVION,PEGASUS SOUTH AMERICA SERVICIOS INTEGRALES DE AVIACION SPA,EMPRESA,AIR TRACTOR,AIR TRACTOR AT-802
724,703,CCCIL,COMERCIAL,PIPER,PA-31-350,AVION,LINEA AEREA ICARO SERVICE S.A.,EMPRESA,PIPER,PIPER PA-31-350
725,704,CCCIM,COMERCIAL,CESSNA,152,AVION,MEGAPARTS S.A.,EMPRESA,CESSNA,CESSNA 152
726,705,CCCIP,COMERCIAL,AIR TRACTOR,AT-802A,AVION,PEGASUS SOUTH AMERICA SERVICIOS INTEGRALES DE AVIACION SPA,EMPRESA,AIR TRACTOR,AIR TRACTOR AT-802A
727,706,CCCIQ,COMERCIAL,BELL,205A-1,HELICOPTERO,SERVICIOS DE AVIACIÓN HELILOG LIMITADA,EMPRESA,BELL,BELL 205A-1
728,707,CCCIT,PRIVADO,CESSNA,R172K,AVION,"TIJOUX RAMÍREZ, JOSÉ ALBERTO",PERSONA NATURAL,CESSNA,CESSNA R172K
729,708,CCCIW,PRIVADO,PIPER,PA-31T,AVION,M2B AVIATION SPA,EMPRESA,PIPER,PIPER PA-31T
730,709,CCCIY,COMERCIAL,BELL,212,HELICOPTERO,PEGASUS SOUTH AMERICA SERVICIOS INTEGRALES DE AVIACION SPA,EMPRESA,BELL,BELL 212
731,710,CCCJC,COMERCIAL,AEROSPATIALE,SA.316B,HELICOPTERO,LINEA DE AERO-SERVICIOS S.A.,EMPRESA,AEROSPATIALE,AEROSPATIALE SA.316B
732,711,CCCJE,COMERCIAL,FAIRCHILD,F27-J,AVION,TRANSPORTES AEREOS NORTE-SUR Y CIA. LTDA.,EMPRESA,FAIRCHILD,FAIRCHILD F27-J
733,712,CCCJF,COMERCIAL,FAIRCHILD,F27-J,AVION,TRANSPORTES AEREOS COYHAIQUE LIMITADA,EMPRESA,FAIRCHILD,FAIRCHILD F27-J
734,713,CCCJG,COMERCIAL,AEROSPATIALE,SA.315B,HELICOPTERO,LINEA DE AERO-SERVICIOS S.A.,EMPRESA,AEROSPATIALE,AEROSPATIALE SA.315B
735,714,CCCJL,PRIVADO,PIPER,PA-39,AVION,"BOLIVAR MONTALVO, JOSÉ RAÚL",PERSONA NATURAL,PIPER,PIPER PA-39
736,715,CCCJM,COMERCIAL,EUROCOPTER,EC 130 B4,HELICOPTERO,SERVICIOS DE AERONAVEGACION E INVERSIONES PORTOFINO LIMITADA,EMPRESA,EUROCOPTER,EUROCOPTER EC 130 B4
737,716,CCCKA,COMERCIAL,AEROSPATIALE,SA.315B,HELICOPTERO,HELICOPTEROS ANDES S.A.,EMPRESA,AEROSPATIALE,AEROSPATIALE SA.315B
738,717,CCCKF,PRIVADO,CIRRUS,SR20,AVION,RENTAL PLANE SPA,EMPRESA,CIRRUS,CIRRUS SR20
739,718,CCCKH,COMERCIAL,CESSNA,337H,AVION,AEROSEED SPA,EMPRESA,CESSNA,CESSNA 337H
740,719,CCCKI,COMERCIAL,GARLICK,UH-1D,HELICOPTERO,HELICOPTEROS DEL PACIFICO ARGENTINA S.A.,EMPRESA,GARLICK,GARLICK UH-1D
741,720,CCCKJ,COMERCIAL,AEROSPATIALE,SA.315B,HELICOPTERO,HELICOPTEROS ANDES S.A.,EMPRESA,AEROSPATIALE,AEROSPATIALE SA.315B
742,721,CCCKK,PRIVADO,CESSNA,172C,AVION,"CENTRO DE EX CADETES Y OFICIALES DE LA FUERZA AEREA DE CHILE ""ÁGUILAS BLANCAS""",OTRO,CESSNA,CESSNA 172C
743,722,CCCKO,COMERCIAL,CESSNA,177,AVION,"PAUL RETAMAL, JUAN CARLOS",PERSONA NATURAL,CESSNA,CESSNA 177
744,723,CCCKP,COMERCIAL,GARLICK,UH-1D,HELICOPTERO,HELICÓPTEROS DEL PACÍFICO LIMITADA,EMPRESA,GARLICK,GARLICK UH-1D
745,724,CCCKS,PRIVADO,CESSNA,210K,AVION,CLUB AÉREO DE TEMUCO,CLUB AEREO,CESSNA,CESSNA 210K
746,725,CCCKT,PRIVADO,CESSNA,337H,AVION,CFC CAPITAL S.A.,EMPRESA,CESSNA,CESSNA 337H
747,726,CCCKU,PRIVADO,CESSNA,172,AVION,CLUB AÉREO ALAS DEL DESIERTO,CLUB AEREO,CESSNA,CESSNA 172
748,727,CCCKY,COMERCIAL,CESSNA,337A,AVION,AERONAVIA LIMITADA,EMPRESA,CESSNA,CESSNA 337A
749,728,CCCLA,COMERCIAL,PZL MIELEC,PZL M18A,AVION,LINEA DE AERO-SERVICIOS S.A.,EMPRESA,PZL MIELEC,PZL MIELEC PZL M18A
750,729,CCCLC,COMERCIAL,CESSNA,550,AVION,SOCIEDAD TRANSPORTE AEROMÉDICO CRÍTICO SPA,EMPRESA,CESSNA,CESSNA 550
751,730,CCCLH,COMERCIAL,EUROCOPTER,AS-350BA,HELICOPTERO,EXPLORAIR SPA,EMPRESA,EUROCOPTER,EUROCOPTER AS-350BA
752,731,CCCLN,PRIVADO,CESSNA,172G,AVION,"VIDELA CONTRERAS, RICARDO ANTONIO Y YOPPI, EZEQUIEL MATIAS",PERSONA NATURAL,CESSNA,CESSNA 172G
753,732,CCCLR,COMERCIAL,PZL MIELEC,PZL M18,AVION,"SERVICIOS AEREOS, AGRICOLAS Y FORESTALES LIMITADA",EMPRESA,PZL MIELEC,PZL MIELEC PZL M18
754,733,CCCLT,COMERCIAL,"CONSTRUCCIONES AERONAUTICAS, S.A. (CASA)",C-212-A10,AVION,AEROVIAS DAP S. A.,OTRO,"CONSTRUCCIONES AERONAUTICAS, S.A. (CASA)","CONSTRUCCIONES AERONAUTICAS, S.A. (CASA) C-212-A10"
755,734,CCCLY,COMERCIAL,BEECHCRAFT CORP.,100,AVION,AEROVIAS DAP S. A.,OTRO,BEECHCRAFT,BEECHCRAFT 100
756,735,CCCMB,PRIVADO,CESSNA,320E,AVION,"HEIN BAHAMONDE, SIXTO ERNESTO",PERSONA NATURAL,CESSNA,CESSNA 320E
757,736,CCCMC,PRIVADO,PIPER,PA-23-250,AVION,RG AERO SPA,EMPRESA,PIPER,PIPER PA-23-250
758,737,CCCMD,PRIVADO,CESSNA,172S,AVION,INDUSTRIAL E INVERSIONES SANTA GEMITA SPA,EMPRESA,CESSNA,CESSNA 172S
759,738,CCCMG,COMERCIAL,AEROSPATIALE,SA.316B,HELICOPTERO,ALFA HELICOPTEROS S.A.,EMPRESA,AEROSPATIALE,AEROSPATIALE SA.316B
760,739,CCCMI,PRIVADO,CESSNA,152,AVION,INDUSTRIAL E INVERSIONES SANTA GEMITA SPA,EMPRESA,CESSNA,CESSNA 152
761,740,CCCMJ,COMERCIAL,BELL,UH-1B,HELICOPTERO,INVERSIONES CIRRUS S.A.,EMPRESA,BELL,BELL UH-1B
762,741,CCCMK,COMERCIAL,BELL,204,HELICOPTERO,INVERSIONES CIRRUS S.A.,EMPRESA,BELL,BELL 204
763,742,CCCMM,COMERCIAL,PIPER,PA-31,AVION,SERVICIOS AEREOS RAUL ATALA E.I.R.L.,OTRO,PIPER,PIPER PA-31
764,743,CCCMN,COMERCIAL,PZL MIELEC,PZL M18,AVION,ALAS AGRICOLAS S.A.,EMPRESA,PZL MIELEC,PZL MIELEC PZL M18
765,744,CCCMO,COMERCIAL,PZL MIELEC,PZL M18,AVION,ALAS AGRICOLAS S.A.,EMPRESA,PZL MIELEC,PZL MIELEC PZL M18
766,745,CCCMP,COMERCIAL,CESSNA,172P,AVION,"PAUL RETAMAL, JUAN CARLOS",PERSONA NATURAL,CESSNA,CESSNA 172P
767,746,CCCMQ,COMERCIAL,PZL MIELEC,PZL M18,AVION,ALAS AGRICOLAS S.A.,EMPRESA,PZL MIELEC,PZL MIELEC PZL M18
768,747,CCCMR,PRIVADO,CESSNA,402B,AVION,"HEIN BAHAMONDE, SIXTO ERNESTO",PERSONA NATURAL,CESSNA,CESSNA 402B
769,748,CCCMS,COMERCIAL,LEARJET INC.,45,AVION,INVERSIONES Y RENTAS LOS CEDROS LIMITADA,EMPRESA,LEARJET INC.,LEARJET INC. 45
770,749,CCCMU,COMERCIAL,BEECH AIRCRAFT CORPORATION,95-B55,AVION,SERVICIOS AEREOS RAUL ATALA E.I.R.L.,OTRO,BEECHCRAFT,BEECHCRAFT 95-B55
771,750,CCCMV,COMERCIAL,AEROSPATIALE,AS355F2,HELICOPTERO,DAP HELICOPTEROS LIMITADA O HELICOPTEROS PIVCEVIC LTDA.,EMPRESA,AEROSPATIALE,AEROSPATIALE AS355F2
772,751,CCCMW,COMERCIAL,PIPER,PA-25-260,AVION,LINEA AEREA DE FUMIGACIONES AERO SANTA CRUZ LIMITADA,EMPRESA,PIPER,PIPER PA-25-260
773,752,CCCMX,COMERCIAL,PZL MIELEC,PZL M18,AVION,ALAS AGRICOLAS S.A.,EMPRESA,PZL MIELEC,PZL MIELEC PZL M18
774,753,CCCNC,PRIVADO,BELL,206B,HELICOPTERO,AGRICOLA EL TORO LIMITADA,EMPRESA,BELL,BELL 206B
775,754,CCCND,COMERCIAL,PZL MIELEC,PZL M18,AVION,ALAS AGRICOLAS S.A.,EMPRESA,PZL MIELEC,PZL MIELEC PZL M18
776,755,CCCNN,COMERCIAL,CESSNA,172N,AVION,AEROVIMATH SPA,EMPRESA,CESSNA,CESSNA 172N
777,756,CCCNO,COMERCIAL,BELL,222,HELICOPTERO,LINEA DE AERO-SERVICIOS S.A.,EMPRESA,BELL,BELL 222
778,757,CCCNP,PRIVADO,HAWKER BEECHCRAFT CORP.,C90GTI,AVION,AIR JA SPA,EMPRESA,BEECHCRAFT,BEECHCRAFT C90GTI
779,758,CCCNR,COMERCIAL,BELL,206L,HELICOPTERO,M2B AVIATION SPA,EMPRESA,BELL,BELL 206L
780,759,CCCNT,COMERCIAL,AIR TRACTOR,AT-802,AVION,PEGASUS SOUTH AMERICA SERVICIOS INTEGRALES DE AVIACION SPA,EMPRESA,AIR TRACTOR,AIR TRACTOR AT-802
781,760,CCCNY,PRIVADO,CESSNA,152,AVION,CLUB AÉREO DEL PERSONAL DEL EJÉRCITO,CLUB AEREO,CESSNA,CESSNA 152
782,761,CCCNZ,COMERCIAL,PIPER,PA-25-260,AVION,LINEA AEREA DE FUMIGACIONES AERO SANTA CRUZ LIMITADA,EMPRESA,PIPER,PIPER PA-25-260
783,762,CCCOB,COMERCIAL,BEECH AIRCRAFT CORPORATION,95-B55,AVION,SERVICIOS AEREOS INTEGRADOS HANGAR UNO LIMITADA,EMPRESA,BEECHCRAFT,BEECHCRAFT 95-B55
784,763,CCCOC,PRIVADO,PIPER,PA-18A-150,AVION,"SCHILLING FERRARI, IVAN ANDRES",PERSONA NATURAL,PIPER,PIPER PA-18A-150
785,764,CCCOD,COMERCIAL,AIRBUS,A320-233,AVION,TRANSPORTE AEREO S.A.,EMPRESA,AIRBUS,AIRBUS A320-233
786,765,CCCOE,COMERCIAL,AIRBUS,A320-233,AVION,TRANSPORTE AEREO S.A.,EMPRESA,AIRBUS,AIRBUS A320-233
787,766,CCCOF,COMERCIAL,AIRBUS,A320-233,AVION,TRANSPORTE AEREO S.A.,EMPRESA,AIRBUS,AIRBUS A320-233
788,767,CCCOG,COMERCIAL,AIRBUS,A320-233,AVION,LATAM AIRLINES GROUP S.A.,EMPRESA,AIRBUS,AIRBUS A320-233
789,768,CCCOH,COMERCIAL,AIRBUS,A320-233,AVION,LATAM AIRLINES GROUP S.A.,EMPRESA,AIRBUS,AIRBUS A320-233
790,769,CCCOI,COMERCIAL,AIRBUS,A320-233,AVION,TRANSPORTE AEREO S.A.,EMPRESA,AIRBUS,AIRBUS A320-233
791,770,CCCOK,COMERCIAL,AIRBUS,A320-233,AVION,LATAM AIRLINES GROUP S.A.,EMPRESA,AIRBUS,AIRBUS A320-233
792,771,CCCOL,COMERCIAL,AIRBUS,A320-233,AVION,LATAM AIRLINES GROUP S.A.,EMPRESA,AIRBUS,AIRBUS A320-233
793,772,CCCOO,COMERCIAL,AIRBUS,A320-233,AVION,TRANSPORTE AEREO S.A.,EMPRESA,AIRBUS,AIRBUS A320-233
794,773,CCCOP,COMERCIAL,AIRBUS,A320-233,AVION,TRANSPORTE AEREO S.A.,EMPRESA,AIRBUS,AIRBUS A320-233
795,774,CCCOQ,COMERCIAL,AIRBUS,A320-233,AVION,TRANSPORTE AEREO S.A.,EMPRESA,AIRBUS,AIRBUS A320-233
796,775,CCCOS,COMERCIAL,PIPER,PA-25-260,AVION,LINEA AEREA DE FUMIGACIONES AERO SANTA CRUZ LIMITADA,EMPRESA,PIPER,PIPER PA-25-260
797,776,CCCOU,COMERCIAL,AIRBUS,A319-132,AVION,LATAM AIRLINES GROUP S.A.,EMPRESA,AIRBUS,AIRBUS A319-132
798,776,CCCOU,COMERCIAL,AIRBUS,A319-132,AVION,TRANSPORTE AEREO S.A.,EMPRESA,AIRBUS,AIRBUS A319-132
799,777,CCCOV,COMERCIAL,CESSNA,402C,AVION,AEROVIAS DAP S. A.,OTRO,CESSNA,CESSNA 402C
800,778,CCCOX,COMERCIAL,AIRBUS,A319-132,AVION,LATAM AIRLINES GROUP S.A.,EMPRESA,AIRBUS,AIRBUS A319-132
801,779,CCCOY,COMERCIAL,AIRBUS,A319-132,AVION,LATAM AIRLINES GROUP S.A.,EMPRESA,AIRBUS,AIRBUS A319-132
802,780,CCCOZ,COMERCIAL,AIRBUS,A319-132,AVION,LATAM AIRLINES GROUP S.A.,EMPRESA,AIRBUS,AIRBUS A319-132
803,781,CCCPA,COMERCIAL,BELL,206B,HELICOPTERO,PATAGONIA COPTERS SPA,EMPRESA,BELL,BELL 206B
804,782,CCCPF,COMERCIAL,AIRBUS,A319-132,AVION,LATAM AIRLINES GROUP S.A.,EMPRESA,AIRBUS,AIRBUS A319-132
805,783,CCCPH,COMERCIAL,BELL,206B,HELICOPTERO,PUBLICITARIA PUBLI G SPA,EMPRESA,BELL,BELL 206B
806,784,CCCPI,COMERCIAL,AIRBUS,A319-132,AVION,LATAM AIRLINES GROUP S.A.,EMPRESA,AIRBUS,AIRBUS A319-132
807,785,CCCPJ,COMERCIAL,AIRBUS,A319-132,AVION,LATAM AIRLINES GROUP S.A.,EMPRESA,AIRBUS,AIRBUS A319-132
808,786,CCCPL,COMERCIAL,AIRBUS,A319-132,AVION,LATAM AIRLINES GROUP S.A.,EMPRESA,AIRBUS,AIRBUS A319-132
809,787,CCCPM,COMERCIAL,AIRBUS,A319-132,AVION,LATAM AIRLINES GROUP S.A.,EMPRESA,AIRBUS,AIRBUS A319-132
810,788,CCCPN,PRIVADO,PIPER,PA-31,AVION,SERVICIOS AÉREOS PUERTO MONTT SPA,EMPRESA,PIPER,PIPER PA-31
811,789,CCCPO,COMERCIAL,AIRBUS,A319-132,AVION,LATAM AIRLINES GROUP S.A.,EMPRESA,AIRBUS,AIRBUS A319-132
812,790,CCCPP,PRIVADO,EUROCOPTER,EC 130 B4,HELICOPTERO,M2B AVIATION SPA,EMPRESA,EUROCOPTER,EUROCOPTER EC 130 B4
813,791,CCCPQ,COMERCIAL,AIRBUS,A319-132,AVION,LATAM AIRLINES GROUP S.A.,EMPRESA,AIRBUS,AIRBUS A319-132
814,792,CCCPR,COMERCIAL,PIPER,PA-31T2,AVION,LINEA DE AERO-SERVICIOS S.A.,EMPRESA,PIPER,PIPER PA-31T2
815,793,CCCPS,COMERCIAL,CESSNA,750,AVION,INVERSIONES PUNTA BRAVA S.A.,EMPRESA,CESSNA,CESSNA 750
816,794,CCCPT,COMERCIAL,GARLICK,UH-1D,HELICOPTERO,HELICOPTEROS DEL PACIFICO ARGENTINA S.A.,EMPRESA,GARLICK,GARLICK UH-1D
817,795,CCCPU,COMERCIAL,GARLICK,UH-1D,HELICOPTERO,HELICÓPTEROS DEL PACÍFICO LIMITADA,EMPRESA,GARLICK,GARLICK UH-1D
818,796,CCCPZ,COMERCIAL,GARLICK,UH-1D,HELICOPTERO,HELICOPTEROS DEL PACIFICO ARGENTINA S.A.,EMPRESA,GARLICK,GARLICK UH-1D
819,797,CCCQK,COMERCIAL,AIRBUS,A319-132,AVION,LATAM AIRLINES GROUP S.A.,EMPRESA,AIRBUS,AIRBUS A319-132
820,798,CCCQL,COMERCIAL,AIRBUS,A319-132,AVION,LATAM AIRLINES GROUP S.A.,EMPRESA,AIRBUS,AIRBUS A319-132
821,799,CCCQM,COMERCIAL,AIRBUS,A320-233,AVION,LATAM AIRLINES GROUP S.A.,EMPRESA,AIRBUS,AIRBUS A320-233
822,800,CCCQN,COMERCIAL,AIRBUS,A320-233,AVION,TRANSPORTE AEREO S.A.,EMPRESA,AIRBUS,AIRBUS A320-233
823,801,CCCQO,COMERCIAL,AIRBUS,A320-233,AVION,TRANSPORTE AEREO S.A.,EMPRESA,AIRBUS,AIRBUS A320-233
824,802,CCCQP,COMERCIAL,AIRBUS,A320-233,AVION,TRANSPORTE AEREO S.A.,EMPRESA,AIRBUS,AIRBUS A320-233
825,803,CCCQZ,COMERCIAL,CESSNA,172E,AVION,AEROTRUST TRABAJOS AÉREOS LIMITADA,EMPRESA,CESSNA,CESSNA 172E
826,804,CCCRB,COMERCIAL,BELL,212,HELICOPTERO,SERVICIOS DE AVIACIÓN HELILOG LIMITADA,EMPRESA,BELL,BELL 212
827,805,CCCRE,PRIVADO,PIPER,PA-34-200T,AVION,RG AERO SPA,EMPRESA,PIPER,PIPER PA-34-200T
828,806,CCCRF,COMERCIAL,GRUMMAN,G-164B,AVION,LINEA AEREA DE FUMIGACIONES AERO SANTA CRUZ LIMITADA,EMPRESA,GRUMMAN,GRUMMAN G-164B
829,807,CCCRJ,COMERCIAL,CESSNA,A188B,AVION,COMPAÑIA AEREA JARAMILLO Y ECHENIQUE LIMITADA,EMPRESA,CESSNA,CESSNA A188B
830,808,CCCRL,COMERCIAL,SCHWEIZER,G164A,AVION,TRANSPORTES AEREOS ANDINOS LIMITADA,EMPRESA,SCHWEIZER,SCHWEIZER G164A
831,809,CCCRM,COMERCIAL,PIPER,PA-38-112,AVION,SERVICIOS AEREOS ROMEOMIKE LIMITADA,EMPRESA,PIPER,PIPER PA-38-112
832,810,CCCRN,COMERCIAL,PIPER,PA-31,AVION,TRANSPORTES AÉREOS SAN RAFAEL LIMITADA,EMPRESA,PIPER,PIPER PA-31
833,811,CCCRO,COMERCIAL,AEROSPATIALE,SA.316B,HELICOPTERO,"INVERSIONES CIRRUS S.A. Y GUTIERREZ MANZI, EUGENIO MAURICIO",EMPRESA,AEROSPATIALE,AEROSPATIALE SA.316B
834,812,CCCRS,COMERCIAL,PIPER,PA-28-140,AVION,SERVICIOS AEREOS ROMEOMIKE LIMITADA,EMPRESA,PIPER,PIPER PA-28-140
835,813,CCCRZ,COMERCIAL,PIPER,PA-38-112,AVION,SERVICIOS AEREOS ROMEOMIKE LIMITADA,EMPRESA,PIPER,PIPER PA-38-112
836,814,CCCSB,COMERCIAL,BELL,206L-1,HELICOPTERO,INSTRUCCION Y TRANSPORTES AEREOS AEROMET S.A,EMPRESA,BELL,BELL 206L-1
837,815,CCCSF,COMERCIAL,BOEING,737-222,AVION,LINEAS AEREAS CHILENAS S.A.,EMPRESA,BOEING,BOEING 737-222
838,816,CCCSG,COMERCIAL,EUROCOPTER,EC 130 B4,HELICOPTERO,SOCIEDAD COMERCIAL BLACK HELICOPTERS SPA,EMPRESA,EUROCOPTER,EUROCOPTER EC 130 B4
839,817,CCCSM,COMERCIAL,CESSNA,188B,AVION,AEROFUMIGACIONES SAM S.A.,EMPRESA,CESSNA,CESSNA 188B
840,818,CCCSN,PRIVADO,ROBINSON,R44,HELICOPTERO,"MOMBERG BORQUEZ, LUIS ALBERTO",PERSONA NATURAL,ROBINSON,ROBINSON R44
841,819,CCCSU,COMERCIAL,EUROCOPTER,AS 350 B3,HELICOPTERO,TRANSPORTES AEREOS PUMA SPA,EMPRESA,EUROCOPTER,EUROCOPTER AS 350 B3
842,820,CCCTK,COMERCIAL,BOEING,737-230A,AVION,AEROVIAS DAP S. A.,OTRO,BOEING,BOEING 737-230A
843,821,CCCTN,PRIVADO,BEECHCRAFT CORP.,77,AVION,"CISNEROS LEIVA, MAURICIO ALEJANDRO",PERSONA NATURAL,BEECHCRAFT,BEECHCRAFT 77
844,822,CCCTS,COMERCIAL,CESSNA,208B,AVION,SERVICIOS AEREOS PEWEN S.A.,EMPRESA,CESSNA,CESSNA 208B
845,823,CCCUE,PRIVADO,EUROCOPTER,EC 130 B4,HELICOPTERO,"PHILLIPS GARRETÓN, MANUEL J.; BUCHI BASTIDAS, MARÍA A. Y URRUTIA, MARÍA E.",PERSONA NATURAL,EUROCOPTER,EUROCOPTER EC 130 B4
846,824,CCCUK,PRIVADO,CESSNA,172,AVION,"CUBILLOS VENEGAS, LUIS FRANCISCO",PERSONA NATURAL,CESSNA,CESSNA 172
847,825,CCCUP,PRIVADO,EUROCOPTER,EC 130 B4,HELICOPTERO,YELCHO INMOBILIARIA LIMITADA,EMPRESA,EUROCOPTER,EUROCOPTER EC 130 B4
848,826,CCCVJ,COMERCIAL,PIPER,PA-31-350,AVION,AEROLÍNEAS TRANSPORTE ARAUCANÍA LIMITADA,EMPRESA,PIPER,PIPER PA-31-350
849,827,CCCVT,COMERCIAL,RAYTHEON,C90A,AVION,TRANSPORTES AÉREOS SAN RAFAEL LIMITADA,EMPRESA,RAYTHEON,RAYTHEON C90A
850,828,CCCVX,PRIVADO,PIPER,PA-34-200T,AVION,SERVICIOS Y TRANSPORTES AEREOS HELIWORKS LIMITADA,EMPRESA,PIPER,PIPER PA-34-200T
851,829,CCCWA,COMERCIAL,MESSERSCHMITT-BOLKOW-BLOHM,BO-105LS A-3,HELICOPTERO,VOLCANO HELICOPTEROS SPA,EMPRESA,MESSERSCHMITT-BOLKOW-BLOHM,MESSERSCHMITT-BOLKOW-BLOHM BO-105LS A-3
852,830,CCCWB,COMERCIAL,PIPER,PA-31-325,AVION,INVERSIONES AÉREAS PATAGONIA LIMITADA,EMPRESA,PIPER,PIPER PA-31-325
853,831,CCCWC,COMERCIAL,DORNIER,228-202K,AVION,AEROCARDAL LIMITADA,EMPRESA,DORNIER,DORNIER 228-202K
854,832,CCCWF,COMERCIAL,BOEING,767-316,AVION,LATAM AIRLINES GROUP S.A.,EMPRESA,BOEING,BOEING 767-316
855,833,CCCWI,COMERCIAL,MESSERSCHMITT-BOLKOW-BLOHM,BO-105CB-2,HELICOPTERO,DAP HELICOPTEROS LIMITADA O HELICOPTEROS PIVCEVIC LTDA.,EMPRESA,MESSERSCHMITT-BOLKOW-BLOHM,MESSERSCHMITT-BOLKOW-BLOHM BO-105CB-2
856,834,CCCWJ,PRIVADO,PIPER,PA-38-112,AVION,CLUB DE DEPORTES AÉREOS AEROCLUB CORDILLERA,CLUB AEREO,PIPER,PIPER PA-38-112
857,835,CCCWK,COMERCIAL,GULFSTREAM AEROSPACE LP,GULFSTREAM G150,AVION,AEROCARDAL LIMITADA,EMPRESA,GULFSTREAM AEROSPACE LP,GULFSTREAM AEROSPACE LP GULFSTREAM G150
858,836,CCCWL,COMERCIAL,SOUTHWEST FLORIDA AVIATION,UH-1B,HELICOPTERO,INVERSIONES AÉREAS PATAGONIA LIMITADA,EMPRESA,SOUTHWEST FLORIDA AVIATION,SOUTHWEST FLORIDA AVIATION UH-1B
859,837,CCCWM,COMERCIAL,SOUTHWEST FLORIDA AVIATION,UH-1H,HELICOPTERO,INVERSIONES AÉREAS PATAGONIA LIMITADA,EMPRESA,SOUTHWEST FLORIDA AVIATION,SOUTHWEST FLORIDA AVIATION UH-1H
860,838,CCCWO,COMERCIAL,SOUTHWEST FLORIDA AVIATION,SW204HP,HELICOPTERO,INVERSIONES AÉREAS PATAGONIA LIMITADA,EMPRESA,SOUTHWEST FLORIDA AVIATION,SOUTHWEST FLORIDA AVIATION SW204HP
861,839,CCCWQ,PRIVADO,CIRRUS,SR22,AVION,"MEERSOHN FERRER, MARCOS Y AVILA ESPINOZA, DAVID",PERSONA NATURAL,CIRRUS,CIRRUS SR22
862,840,CCCWR,COMERCIAL,CESSNA,172M,AVION,SERVICIOS AEREOS Y FOTOGRAFICOS AERO DATA LIMITADA,EMPRESA,CESSNA,CESSNA 172M
863,841,CCCWS,PRIVADO,MESSERSCHMITT-BOLKOW-BLOHM,BO-105LS A-3,HELICOPTERO,"KAUFMANN BUNGER, CHRISTOPH",PERSONA NATURAL,MESSERSCHMITT-BOLKOW-BLOHM,MESSERSCHMITT-BOLKOW-BLOHM BO-105LS A-3
864,842,CCCWV,COMERCIAL,BOEING,767-316,AVION,LATAM AIRLINES GROUP S.A.,EMPRESA,BOEING,BOEING 767-316
865,843,CCCWX,COMERCIAL,DORNIER,228-101,AVION,AEROCARDAL LIMITADA,EMPRESA,DORNIER,DORNIER 228-101
866,844,CCCWY,COMERCIAL,BOEING,767-316,AVION,LATAM AIRLINES PERU S.A.,EMPRESA,BOEING,BOEING 767-316
867,845,CCCXA,COMERCIAL,PIPER,PA-18A-135,AVION,LINEA AEREA TAXPA LIMITADA,EMPRESA,PIPER,PIPER PA-18A-135
868,846,CCCXB,COMERCIAL,PIPER,PA-25-260,AVION,LINEA AEREA DE FUMIGACIONES AERO SANTA CRUZ LIMITADA,EMPRESA,PIPER,PIPER PA-25-260
869,847,CCCXC,COMERCIAL,BOEING,767-316,AVION,LATAM AIRLINES GROUP S.A.,EMPRESA,BOEING,BOEING 767-316
870,848,CCCXD,COMERCIAL,BOEING,767-316,AVION,LAN CARGO S.A.,EMPRESA,BOEING,BOEING 767-316
871,849,CCCXE,COMERCIAL,BOEING,767-316,AVION,LAN CARGO S.A.,EMPRESA,BOEING,BOEING 767-316
872,850,CCCXF,COMERCIAL,BOEING,767-316,AVION,LAN CARGO S.A.,EMPRESA,BOEING,BOEING 767-316
873,851,CCCXG,COMERCIAL,BOEING,767-316,AVION,LATAM AIRLINES GROUP S.A.,EMPRESA,BOEING,BOEING 767-316
874,852,CCCXH,COMERCIAL,BOEING,767-316,AVION,LATAM AIRLINES GROUP S.A.,EMPRESA,BOEING,BOEING 767-316
875,853,CCCXI,COMERCIAL,BOEING,767-316,AVION,LATAM AIRLINES GROUP S.A.,EMPRESA,BOEING,BOEING 767-316
876,854,CCCXJ,COMERCIAL,BOEING,767-316,AVION,LATAM AIRLINES GROUP S.A.,EMPRESA,BOEING,BOEING 767-316
877,855,CCCXK,COMERCIAL,BOEING,767-316,AVION,LAN CARGO S.A.,EMPRESA,BOEING,BOEING 767-316
878,856,CCCXN,PRIVADO,BEECH AIRCRAFT CORPORATION,95-B55,AVION,SOCIEDAD DE TRANSPORTE AEREO MOVI AIR SPA,EMPRESA,BEECHCRAFT,BEECHCRAFT 95-B55
879,857,CCCXO,PRIVADO,CAMERON BALLOONS LTD.,C-80,GLOBO,FUNDACION AERONAUTICA DEPORTIVA,OTRO,CAMERON BALLOONS LTD.,CAMERON BALLOONS LTD. C-80
880,858,CCCXT,COMERCIAL,BELL,407,HELICOPTERO,TRANSPORTES Y SERVICIOS AEROMAX XXI SPA,EMPRESA,BELL,BELL 407
881,859,CCCXZ,COMERCIAL,HDP,UH-1D,HELICOPTERO,SERVICIOS AEREOS KIPREOS S.A.,EMPRESA,HDP,HDP UH-1D
882,860,CCCYB,COMERCIAL,PIPER,PA-31T,AVION,SOCIEDAD TRANSPORTE AEROMÉDICO CRÍTICO SPA,EMPRESA,PIPER,PIPER PA-31T
883,861,CCCYG,COMERCIAL,CESSNA,172M,AVION,SERVICIOS AEREOS Y FOTOGRAFICOS AERO DATA LIMITADA,EMPRESA,CESSNA,CESSNA 172M
884,862,CCCYH,PRIVADO,MESSERSCHMITT-BOLKOW-BLOHM,BO-105LS A-3,HELICOPTERO,"AVAYU W., MARCELA, SYLVIA Y JEANETTE; Y AVAYU G., JAVIERA, LEON Y BENJAMIN",PERSONA NATURAL,MESSERSCHMITT-BOLKOW-BLOHM,MESSERSCHMITT-BOLKOW-BLOHM BO-105LS A-3
885,863,CCCYI,COMERCIAL,AIRBUS,A319-132,AVION,LATAM AIRLINES GROUP S.A.,EMPRESA,AIRBUS,AIRBUS A319-132
886,864,CCCYJ,COMERCIAL,AIRBUS,A319-132,AVION,LATAM AIRLINES GROUP S.A.,EMPRESA,AIRBUS,AIRBUS A319-132
887,865,CCCYL,COMERCIAL,AIRBUS,A319-132,AVION,LATAM AIRLINES GROUP S.A.,EMPRESA,AIRBUS,AIRBUS A319-132
888,866,CCCYP,PRIVADO,CESSNA,150A,AVION,CLUB AÉREO ADOLFO MENADIER,CLUB AEREO,CESSNA,CESSNA 150A
889,867,CCCYT,COMERCIAL,PIPER,PA-31T,AVION,LINEA DE AERO-SERVICIOS S.A.,EMPRESA,PIPER,PIPER PA-31T
890,868,CCCYV,COMERCIAL,EUROCOPTER,AS-350B3,HELICOPTERO,TRANSPORTES Y SERVICIOS AEROMAX XXI SPA,EMPRESA,EUROCOPTER,EUROCOPTER AS-350B3
891,869,CCCZK,COMERCIAL,BOEING,737-236,AVION,AEROLINEA PRINCIPAL CHILE S.A.,EMPRESA,BOEING,BOEING 737-236
892,870,CCCZP,COMERCIAL,BRITISH AEROSPACE PLC,BAE.146-200,AVION,AEROVIAS DAP S. A.,OTRO,BRITISH AEROSPACE PLC,BRITISH AEROSPACE PLC BAE.146-200
893,871,CCCZZ,COMERCIAL,BOEING,767-38EF,AVION,LAN CARGO S.A.,EMPRESA,BOEING,BOEING 767-38EF
894,872,CCDAA,PRIVADO,BEECHCRAFT CORP.,B200,AVION,DIRECCION GENERAL DE AERONAUTICA CIVIL,OTRO,BEECHCRAFT,BEECHCRAFT B200
895,873,CCDAB,PRIVADO,ROBINSON,R44 II,HELICOPTERO,"RAZETO MIGLIARO, PEDRO CONSTANTINO",PERSONA NATURAL,ROBINSON,ROBINSON R44 II
896,874,CCDAC,PRIVADO,CESSNA,650,AVION,DIRECCION GENERAL DE AERONAUTICA CIVIL,OTRO,CESSNA,CESSNA 650
897,875,CCDAD,COMERCIAL,ROBINSON,R44 II,HELICOPTERO,TRANSPORTES AEREOS ALPHA PAPA SPA,EMPRESA,ROBINSON,ROBINSON R44 II
898,876,CCDAE,COMERCIAL,PILATUS AIRCRAFT LTD.,PC-24,AVION,AVIASUR AIRCRAFT MANAGEMENT SPA,EMPRESA,PILATUS AIRCRAFT LTD.,PILATUS AIRCRAFT LTD. PC-24
899,877,CCDAF,PRIVADO,ROBINSON,R44 II,HELICOPTERO,ERIMAR SPA,EMPRESA,ROBINSON,ROBINSON R44 II
900,878,CCDAG,COMERCIAL,TEXTRON AVIATION INC.,B200GT,AVION,SERVICIOS AEREOS MAR DEL SUR SPA,EMPRESA,TEXTRON AVIATION INC.,TEXTRON AVIATION INC. B200GT
901,879,CCDAH,COMERCIAL,AEROPRAKT LTD.,A-32,AVION,FLY PRO TRAINING SPA,EMPRESA,AEROPRAKT LTD.,AEROPRAKT LTD. A-32
902,880,CCDAI,COMERCIAL,PIPISTREL ITALIA S.R.L.,ALPHA TRAINER,AVION,AEROINNOVA SPA,EMPRESA,PIPISTREL ITALIA S.R.L.,PIPISTREL ITALIA S.R.L. ALPHA TRAINER
903,881,CCDAJ,PRIVADO,BELL,206L-4,HELICOPTERO,AGRICOLA SANTA GRACIELA SPA,EMPRESA,BELL,BELL 206L-4
904,882,CCDAK,COMERCIAL,BELL,206B,HELICOPTERO,SERVICIOS AERONÁUTICOS ALERCE LIMITADA,EMPRESA,BELL,BELL 206B
905,883,CCDAL,COMERCIAL,AIRBUS HELICOPTERS DEUTSCHLAND GMBH,EC135 T3H,HELICOPTERO,HELI TRANSPORTES Y SERVICIOS SPA,EMPRESA,AIRBUS,AIRBUS EC135 T3H
906,884,CCDAM,COMERCIAL,HELIBRAS,AS 350 B3,HELICOPTERO,PUBLICITARIA PUBLI G SPA,EMPRESA,HELIBRAS,HELIBRAS AS 350 B3
907,885,CCDAO,COMERCIAL,BRM AERO S.R.O.,BRISTELL S-LSA,AVION,FLY PRO TRAINING SPA,EMPRESA,BRM AERO S.R.O.,BRM AERO S.R.O. BRISTELL S-LSA
908,886,CCDAP,COMERCIAL,PIPER,PA-31,AVION,SERVICIOS AÉREOS PUERTO MONTT SPA,EMPRESA,PIPER,PIPER PA-31
909,887,CCDAQ,PRIVADO,VELOCITY INC.,VELOCITY SERG 173,AVION,SOCIEDAD DE INVERSIONES SAN NICOLAS SPA,EMPRESA,VELOCITY INC.,VELOCITY INC. VELOCITY SERG 173
910,888,CCDAR,COMERCIAL,EVEKTOR AEROTECHNIK A.S.,HARMONY LSA,AVION,STORM FLIGHT CENTER MICROSIMULACION LIMITADA,EMPRESA,EVEKTOR AEROTECHNIK A.S.,EVEKTOR AEROTECHNIK A.S. HARMONY LSA
911,889,CCDAS,PRIVADO,ZENITH-GIRO,STOL CH 701,AVION,"ESPINOZA CAMPOS, JOSÉ EDUARDO",PERSONA NATURAL,ZENITH-GIRO,ZENITH-GIRO STOL CH 701
912,890,CCDAT,COMERCIAL,AEROSPATIALE,AS 350 B2,HELICOPTERO,HABOCK AVIATION CHILE SPA,EMPRESA,AEROSPATIALE,AEROSPATIALE AS 350 B2
913,891,CCDAU,COMERCIAL,AIRBUS HELICOPTERS,AS 350 B3,HELICOPTERO,ECOCOPTER S.A.,EMPRESA,AIRBUS,AIRBUS AS 350 B3
914,892,CCDAX,COMERCIAL,BRM AERO S.R.O.,BRISTELL S-LSA,AVION,CENTRO DE INSTRUCCIÓN AERONÁUTICA ALTAVIA SPA,EMPRESA,BRM AERO S.R.O.,BRM AERO S.R.O. BRISTELL S-LSA
915,893,CCDAY,PRIVADO,CESSNA,182P,AVION,"HOPPE DAIBER, ANDRES JOAQUIN",PERSONA NATURAL,CESSNA,CESSNA 182P
916,894,CCDAZ,COMERCIAL,TEXTRON AVIATION INC.,525C,AVION,EMPRESA DE TRANSPORTES AEREOS LOS BOLDOS DE VILLARRICA SPA,EMPRESA,TEXTRON AVIATION INC.,TEXTRON AVIATION INC. 525C
917,895,CCDBA,COMERCIAL,AGUSTA SPA,A109E,HELICOPTERO,AEROCARDAL LIMITADA,EMPRESA,AGUSTA SPA,AGUSTA SPA A109E
918,896,CCDBB,COMERCIAL,CESSNA,208B,AVION,SUSTENTACION S.A.,EMPRESA,CESSNA,CESSNA 208B
919,897,CCDBD,COMERCIAL,AIRBUS,A320-251N,AVION,SKY AIRLINE S.A.,EMPRESA,AIRBUS,AIRBUS A320-251N
920,898,CCDBE,COMERCIAL,AIRBUS,A320-251N,AVION,SKY AIRLINE S.A.,EMPRESA,AIRBUS,AIRBUS A320-251N
921,899,CCDBF,COMERCIAL,AIRBUS,A320-251N,AVION,SKY AIRLINE S.A.,EMPRESA,AIRBUS,AIRBUS A320-251N
922,900,CCDBH,COMERCIAL,AIRBUS,A320-251N,AVION,SKY AIRLINE S.A.,EMPRESA,AIRBUS,AIRBUS A320-251N
923,901,CCDBI,PRIVADO,ROBINSON,R44 II,HELICOPTERO,EXPORTADORA SANTA BARBARA SPA,EMPRESA,ROBINSON,ROBINSON R44 II
924,902,CCDBJ,COMERCIAL,AIRBUS,A320-251N,AVION,SKY AIRLINE S.A.,EMPRESA,AIRBUS,AIRBUS A320-251N
925,903,CCDBL,COMERCIAL,AIRBUS,A320-251N,AVION,SKY AIRLINE S.A.,EMPRESA,AIRBUS,AIRBUS A320-251N
926,904,CCDBM,PRIVADO,TEXTRON AVIATION INC.,C90GTI,AVION,TRANSPORTES Y SERVICIOS AÉREOS ARCOIRIS SPA,EMPRESA,TEXTRON AVIATION INC.,TEXTRON AVIATION INC. C90GTI
927,905,CCDBN,COMERCIAL,AIRBUS,A320-251N,AVION,SKY AIRLINE S.A.,EMPRESA,AIRBUS,AIRBUS A320-251N
928,906,CCDBO,COMERCIAL,AIRBUS,A320-251N,AVION,SKY AIRLINE S.A.,EMPRESA,AIRBUS,AIRBUS A320-251N
929,907,CCDBP,COMERCIAL,AIRBUS,A320-251N,AVION,SKY AIRLINE S.A.,EMPRESA,AIRBUS,AIRBUS A320-251N
930,908,CCDBS,PRIVADO,TL ULTRALIGHT S.R.O.,TL STREAM,AVION,COMERCIALIZADORA Y PUBLICITARIA GOBI SPA,EMPRESA,TL ULTRALIGHT S.R.O.,TL ULTRALIGHT S.R.O. TL STREAM
931,909,CCDBT,PRIVADO,TEXTRON AVIATION INC.,182T,AVION,"TRUCCO FUENZALIDA, RAIMUNDO",PERSONA NATURAL,TEXTRON AVIATION INC.,TEXTRON AVIATION INC. 182T
932,910,CCDBU,PRIVADO,LEONARDO SPA HELICOPTERS,A109S,HELICOPTERO,"MATTE CAPDEVILA, ELIODORO",PERSONA NATURAL,LEONARDO SPA HELICOPTERS,LEONARDO SPA HELICOPTERS A109S
933,911,CCDBY,PRIVADO,BEECH AIRCRAFT CORPORATION,C23,AVION,CLUB AEREO DE CURACAUTIN,CLUB AEREO,BEECHCRAFT,BEECHCRAFT C23
934,912,CCDBZ,PRIVADO,ROBINSON,R44 II,HELICOPTERO,TRANSPORTES AEREOS Y PROYECTOS CAÑAL BAJO LIMITADA,EMPRESA,ROBINSON,ROBINSON R44 II
935,913,CCDCA,COMERCIAL,AIRBUS,A321-251NX,AVION,SKY AIRLINE S.A.,EMPRESA,AIRBUS,AIRBUS A321-251NX
936,914,CCDCB,COMERCIAL,AIRBUS,A321-251NX,AVION,SKY AIRLINE S.A.,EMPRESA,AIRBUS,AIRBUS A321-251NX
937,915,CCDCC,COMERCIAL,AIRBUS,A321-251NX,AVION,SKY AIRLINE S.A.,EMPRESA,AIRBUS,AIRBUS A321-251NX
938,916,CCDCD,COMERCIAL,AIRBUS,A321-251NX,AVION,SKY AIRLINE S.A.,EMPRESA,AIRBUS,AIRBUS A321-251NX
939,917,CCDCE,COMERCIAL,AIRBUS,A321-251NX,AVION,SKY AIRLINE S.A.,EMPRESA,AIRBUS,AIRBUS A321-251NX
940,918,CCDCF,COMERCIAL,AIRBUS,A321-251NX,AVION,SKY AIRLINE S.A.,EMPRESA,AIRBUS,AIRBUS A321-251NX
941,919,CCDCG,COMERCIAL,AIRBUS,A321-251NX,AVION,SKY AIRLINE S.A.,EMPRESA,AIRBUS,AIRBUS A321-251NX
942,920,CCDCH,PRIVADO,AEROPRAKT LTD.,A-22LS,AVION,"NAVARRETE POBLETE, JORGE EDUARDO",PERSONA NATURAL,AEROPRAKT LTD.,AEROPRAKT LTD. A-22LS
943,921,CCDCK,PRIVADO,ROBINSON,R66,HELICOPTERO,AMALFI LIMITADA,EMPRESA,ROBINSON,ROBINSON R66
944,922,CCDCL,COMERCIAL,BELL,212,HELICOPTERO,SERVICIOS DE AVIACIÓN HELILOG LIMITADA,EMPRESA,BELL,BELL 212
945,923,CCDCN,PRIVADO,CESSNA,R172K,AVION,CLUB AÉREO DE TALCA,CLUB AEREO,CESSNA,CESSNA R172K
946,924,CCDCO,COMERCIAL,CESSNA,A188B,AVION,ANDREJ KONSTANTIN OSTOJIC ARRIETA SERVICIOS AERONAUTICOS E.I.R.L.,OTRO,CESSNA,CESSNA A188B
947,925,CCDCP,COMERCIAL,PIPISTREL ITALIA S.R.L.,ALPHA TRAINER,AVION,AEROINNOVA SPA,EMPRESA,PIPISTREL ITALIA S.R.L.,PIPISTREL ITALIA S.R.L. ALPHA TRAINER
948,926,CCDCS,PRIVADO,ROBINSON,R66,HELICOPTERO,"ARNOLDS REYES, CRISTIAN",PERSONA NATURAL,ROBINSON,ROBINSON R66
949,927,CCDCT,PRIVADO,CESSNA,210B,AVION,AERO REGIONAL SPA,EMPRESA,CESSNA,CESSNA 210B
950,928,CCDCU,COMERCIAL,BAE SYSTEMS,AVRO 146/RJ100,AVION,AEROVIAS DAP S. A.,OTRO,BAE SYSTEMS,BAE SYSTEMS AVRO 146/RJ100
951,929,CCDCV,COMERCIAL,BAE SYSTEMS,BAE 146-200QT,AVION,AEROVIAS DAP S. A.,OTRO,BAE SYSTEMS,BAE SYSTEMS BAE 146-200QT
952,930,CCDCW,COMERCIAL,BAE SYSTEMS,BAE146-200-11QT,AVION,AEROVIAS DAP S. A.,OTRO,BAE SYSTEMS,BAE SYSTEMS BAE146-200-11QT
953,931,CCDCY,PRIVADO,MYD FLUGZEUGBAU GMBH Y CO.KG,JS-MD 3,PLANEADOR,"OHACO ADAM, JEAN PIERRE",PERSONA NATURAL,MYD FLUGZEUGBAU GMBH Y CO.KG,MYD FLUGZEUGBAU GMBH Y CO.KG JS-MD 3
954,932,CCDCZ,COMERCIAL,CESSNA,560XL,AVION,AVIASUR AIRCRAFT MANAGEMENT SPA,EMPRESA,CESSNA,CESSNA 560XL
955,932,CCDCZ,COMERCIAL,CESSNA,560XL,AVION,AVIASUR AIRCRAFT MANAGEMENT SPA,EMPRESA,CESSNA,CESSNA 560XL
956,933,CCDDE,PRIVADO,"CONSOLIDATED AERONAUTICS, INC.",LA-4-200,AVION,"ROSSEL VARGAS, BENJAMIN ALAN",PERSONA NATURAL,"CONSOLIDATED AERONAUTICS, INC.","CONSOLIDATED AERONAUTICS, INC. LA-4-200"
957,934,CCDDF,COMERCIAL,TECNAM,P2002 SIERRA MKII,AVION,MEGAPARTS S.A.,EMPRESA,TECNAM,TECNAM P2002 SIERRA MKII
958,935,CCDDG,COMERCIAL,TECNAM,P2002 SIERRA MKII,AVION,MEGAPARTS S.A.,EMPRESA,TECNAM,TECNAM P2002 SIERRA MKII
959,936,CCDDH,COMERCIAL,TECNAM,P2002 SIERRA MKII,AVION,MEGAPARTS S.A.,EMPRESA,TECNAM,TECNAM P2002 SIERRA MKII
960,937,CCDDK,COMERCIAL,AGUSTA SPA,A119,HELICOPTERO,PEGASUS SOUTH AMERICA SERVICIOS INTEGRALES DE AVIACION SPA,EMPRESA,AGUSTA SPA,AGUSTA SPA A119
961,938,CCDDL,PRIVADO,ROBINSON,R44 II,HELICOPTERO,TRANSPORTES TORREON LIMITADA,EMPRESA,ROBINSON,ROBINSON R44 II
962,939,CCDDM,PRIVADO,VANS AIRCRAFT INC.,RV-12IS,AVION,CLUB AÉREO DE VALPARAÍSO Y VIÑA DEL MAR,CLUB AEREO,VANS AIRCRAFT INC.,VANS AIRCRAFT INC. RV-12IS
963,940,CCDDO,COMERCIAL,AIRBUS HELICOPTERS,EC 130 T2,HELICOPTERO,AEROSERVICIOS DEVON SPA,EMPRESA,AIRBUS,AIRBUS EC 130 T2
964,941,CCDDP,COMERCIAL,BELL,212,HELICOPTERO,PEGASUS SOUTH AMERICA SERVICIOS INTEGRALES DE AVIACION SPA,EMPRESA,BELL,BELL 212
965,942,CCDDS,PRIVADO,STARBALLOONS,OASIS 77,GLOBO,"RIOS POLANCO, PABLO ENOS",PERSONA NATURAL,STARBALLOONS,STARBALLOONS OASIS 77
966,943,CCDDT,PRIVADO,ROBINSON,R66,HELICOPTERO,PACÍFICA HELICÓPTEROS LIMITADA,EMPRESA,ROBINSON,ROBINSON R66
967,944,CCDDU,COMERCIAL,TEXTRON AVIATION INC.,208B,AVION,INVERSIONES AÉREAS PATAGONIA LIMITADA,EMPRESA,TEXTRON AVIATION INC.,TEXTRON AVIATION INC. 208B
968,945,CCDDW,PRIVADO,ELA-LIRA,10-ECLIPSE,GIROPL,REPRESENTACIONES E IMPORTACIONES SELMAR LIMITADA,EMPRESA,ELA-LIRA,ELA-LIRA 10-ECLIPSE
969,946,CCDDX,PRIVADO,ELA-LIRA,10-ECLIPSE,GIROPL,AEREOTRANSPORTE ARMADAN SPA,EMPRESA,ELA-LIRA,ELA-LIRA 10-ECLIPSE
970,946,CCDDX,PRIVADO,ELA-LIRA,10-ECLIPSE,GIROPL,CERRO LAGUNA SPA,EMPRESA,ELA-LIRA,ELA-LIRA 10-ECLIPSE
971,947,CCDDZ,COMERCIAL,CESSNA,550,AVION,AEROVIAS DAP S. A.,OTRO,CESSNA,CESSNA 550
972,948,CCDEA,PRIVADO,JOHN CHET KAFFORD,ACRO SPORT II,AVION,CLUB AEREO NAUTICO ISLA MOCHA,CLUB AEREO,JOHN CHET KAFFORD,JOHN CHET KAFFORD ACRO SPORT II
973,949,CCDEB,COMERCIAL,BEECH AIRCRAFT CORPORATION,E90,AVION,SOCIEDAD TRANSPORTE AEROMÉDICO CRÍTICO SPA,EMPRESA,BEECHCRAFT,BEECHCRAFT E90
974,950,CCDEC,COMERCIAL,HELIBRAS,AS 350 B2,HELICOPTERO,SERVICIOS DE AVIACIÓN HELILOG LIMITADA,EMPRESA,HELIBRAS,HELIBRAS AS 350 B2
975,951,CCDEE,PRIVADO,SCHEIBE,SF27A,PLANEADOR,INVERSIONES RODRIGO SPA,EMPRESA,SCHEIBE,SCHEIBE SF27A
976,952,CCDEF,PRIVADO,SCHEIBE,BERGFALKE III,PLANEADOR,INVERSIONES RODRIGO SPA,EMPRESA,SCHEIBE,SCHEIBE BERGFALKE III
977,953,CCDEG,PRIVADO,SCHEIBE,BERGFALKE IV,PLANEADOR,"SCHILLING FERRARI, IVAN ANDRES",PERSONA NATURAL,SCHEIBE,SCHEIBE BERGFALKE IV
978,954,CCDEI,PRIVADO,SCHEIBE,BERGFALKE III,PLANEADOR,ILICH ELMO SAN MARTÍN HERNÁNDEZ,OTRO,SCHEIBE,SCHEIBE BERGFALKE III
979,955,CCDEJ,COMERCIAL,LEONARDO SPA HELICOPTERS,A109S,HELICOPTERO,SERVICIOS AEREOS MAR DEL SUR SPA,EMPRESA,LEONARDO SPA HELICOPTERS,LEONARDO SPA HELICOPTERS A109S
980,956,CCDEK,PRIVADO,"CHRISTEN INDUSTRIES, INC.",A-1,AVION,"LYON LYON, JUAN ROBERTO",PERSONA NATURAL,"CHRISTEN INDUSTRIES, INC.","CHRISTEN INDUSTRIES, INC. A-1"
981,957,CCDEL,COMERCIAL,BELL,212,HELICOPTERO,SERVICIOS DE AVIACIÓN HELILOG LIMITADA,EMPRESA,BELL,BELL 212
982,958,CCDEM,COMERCIAL,CESSNA,337G,AVION,HABOCK AVIATION CHILE SPA,EMPRESA,CESSNA,CESSNA 337G
983,959,CCDEN,COMERCIAL,CESSNA,337G,AVION,HABOCK AVIATION CHILE SPA,EMPRESA,CESSNA,CESSNA 337G
984,960,CCDEO,COMERCIAL,VULCANAIR S.P.A.,P.68 OBSERVER2,AVION,HABOCK AVIATION CHILE SPA,EMPRESA,VULCANAIR S.P.A.,VULCANAIR S.P.A. P.68 OBSERVER2
985,961,CCDEP,COMERCIAL,VULCANAIR S.P.A.,P.68TC OBSERVER,AVION,HABOCK AVIATION CHILE SPA,EMPRESA,VULCANAIR S.P.A.,VULCANAIR S.P.A. P.68TC OBSERVER
986,962,CCDEQ,COMERCIAL,AIR TRACTOR,AT-802,AVION,RAUL TOMAS RAMIREZ PRADO TRABAJOS AEREOS E.I.R.L.,OTRO,AIR TRACTOR,AIR TRACTOR AT-802
987,963,CCDER,COMERCIAL,AIR TRACTOR,AT-802,AVION,HELICÓPTEROS DEL PACÍFICO LIMITADA,EMPRESA,AIR TRACTOR,AIR TRACTOR AT-802
988,964,CCDET,COMERCIAL,EUROCOPTER,AS 350 B2,HELICOPTERO,PUBLICITARIA PUBLI G SPA,EMPRESA,EUROCOPTER,EUROCOPTER AS 350 B2
989,965,CCDEW,PRIVADO,CESSNA,172L,AVION,CLUB AÉREO DE QUILLOTA,CLUB AEREO,CESSNA,CESSNA 172L
990,966,CCDEX,PRIVADO,PIPER,PA-44-180,AVION,DIRECCION GENERAL DE AERONAUTICA CIVIL,OTRO,PIPER,PIPER PA-44-180
991,967,CCDEY,PRIVADO,AEROPRAKT LTD.,A-22LS,AVION,"PAEZ FUCHSLOCHER, ÁLVARO EDUARDO",PERSONA NATURAL,AEROPRAKT LTD.,AEROPRAKT LTD. A-22LS
992,968,CCDEZ,PRIVADO,BEECH AIRCRAFT CORPORATION,F33A,AVION,"CORBELLA SOZA, ANTONIO",PERSONA NATURAL,BEECHCRAFT,BEECHCRAFT F33A
993,969,CCDFA,PRIVADO,SLING AIRCRAFT-ARF,SLING 4 TSI,AVION,ECONORTE SPA,EMPRESA,SLING AIRCRAFT-ARF,SLING AIRCRAFT-ARF SLING 4 TSI
994,970,CCDFB,PRIVADO,CESSNA,150M,AVION,CLUB AÉREO COMODORO ARTURO MERINO BENÍTEZ,CLUB AEREO,CESSNA,CESSNA 150M
995,971,CCDFC,PRIVADO,CESSNA,172G,AVION,CLUB AÉREO DE CURICÓ,CLUB AEREO,CESSNA,CESSNA 172G
996,972,CCDFD,COMERCIAL,AIR TRACTOR,AT-802A,AVION,PEGASUS SOUTH AMERICA SERVICIOS INTEGRALES DE AVIACION SPA,EMPRESA,AIR TRACTOR,AIR TRACTOR AT-802A
997,973,CCDFE,COMERCIAL,AIR TRACTOR,AT-802A,AVION,RAUL TOMAS RAMIREZ PRADO TRABAJOS AEREOS E.I.R.L.,OTRO,AIR TRACTOR,AIR TRACTOR AT-802A
998,974,CCDFF,PRIVADO,CESSNA,T182T,AVION,AGRIMAQ SPA,EMPRESA,CESSNA,CESSNA T182T
999,975,CCDFG,PRIVADO,ROBINSON,R66,HELICOPTERO,MAC SPA,EMPRESA,ROBINSON,ROBINSON R66
1000,976,CCDFH,PRIVADO,ROBINSON,R66,HELICOPTERO,AGRÍCOLA Y GANADERA EL CORRAL LIMITADA,EMPRESA,ROBINSON,ROBINSON R66
1001,977,CCDFI,PRIVADO,ROBINSON,R44 II,HELICOPTERO,AGRICOLA TIMAMAU S.A.,EMPRESA,ROBINSON,ROBINSON R44 II
1002,978,CCDFJ,PRIVADO,ROBINSON,R44,HELICOPTERO,PENTAGRO SERVICIOS SPA,EMPRESA,ROBINSON,ROBINSON R44
1003,979,CCDFK,PRIVADO,ROBINSON,R66,HELICOPTERO,MAURICIO MUÑOZ Y COMPAÑIA LIMITADA,EMPRESA,ROBINSON,ROBINSON R66
1004,980,CCDFL,PRIVADO,ROBINSON,R66,HELICOPTERO,FORESTAL LEÓN LIMITADA,EMPRESA,ROBINSON,ROBINSON R66
1005,981,CCDFM,PRIVADO,ROBINSON,R44,HELICOPTERO,MACA SERVICIOS LIMITADA,EMPRESA,ROBINSON,ROBINSON R44
1006,982,CCDFN,PRIVADO,MAULE AIR INC.,M-7-260C,AVION,"BRISEÑO STRICK, JORGE HUGO",PERSONA NATURAL,MAULE AIR INC.,MAULE AIR INC. M-7-260C
1007,982,CCDFN,PRIVADO,MAULE AIR INC.,M-7-260C,AVION,"DIAZ FERNANDEZ, GUSTAVO ADOLFO",PERSONA NATURAL,MAULE AIR INC.,MAULE AIR INC. M-7-260C
1008,983,CCDFO,COMERCIAL,AIR TRACTOR,AT-802,AVION,SAAMA AVIACION SPA,EMPRESA,AIR TRACTOR,AIR TRACTOR AT-802
1009,984,CCDFQ,PRIVADO,ROLLANDEN SCHNEIDER FLUGZEUGBAU GMBH,LS1-D,PLANEADOR,CLUB AÉREO DE OSORNO,CLUB AEREO,ROLLANDEN SCHNEIDER FLUGZEUGBAU GMBH,ROLLANDEN SCHNEIDER FLUGZEUGBAU GMBH LS1-D
1010,985,CCDFR,COMERCIAL,BEECH AIRCRAFT CORPORATION,200,AVION,SOCIEDAD TRANSPORTE AEROMÉDICO CRÍTICO SPA,EMPRESA,BEECHCRAFT,BEECHCRAFT 200
1011,986,CCDFS,PRIVADO,JABIRU-MPA,J-430,AVION,"PINOCHET AUBELE, MATÍAS",PERSONA NATURAL,JABIRU-MPA,JABIRU-MPA J-430
1012,987,CCDFT,PRIVADO,AEROPRAKT LTD.,A-32,AVION,"COLLAO OEHRENS, ALEJANDRO LIVIO",PERSONA NATURAL,AEROPRAKT LTD.,AEROPRAKT LTD. A-32
1013,988,CCDFU,PRIVADO,ROBINSON,R44 II,HELICOPTERO,AGRÍCOLA BIOENERGÍA LIMITADA,EMPRESA,ROBINSON,ROBINSON R44 II
1014,989,CCDFV,COMERCIAL,PIPISTREL ITALIA S.R.L.,ALPHA TRAINER,AVION,AEROINNOVA SPA,EMPRESA,PIPISTREL ITALIA S.R.L.,PIPISTREL ITALIA S.R.L. ALPHA TRAINER
1015,990,CCDFX,PRIVADO,ROBINSON,R44 II,HELICOPTERO,AEROSERVICIOS HELIPAX SPA,EMPRESA,ROBINSON,ROBINSON R44 II
1016,991,CCDFZ,PRIVADO,ROBINSON,R44,HELICOPTERO,"MOMBERG BORQUEZ, LUIS ALBERTO",PERSONA NATURAL,ROBINSON,ROBINSON R44
1017,992,CCDGA,PRIVADO,CESSNA,550,AVION,DIRECCION GENERAL DE AERONAUTICA CIVIL,OTRO,CESSNA,CESSNA 550
1018,993,CCDGB,PRIVADO,ROBINSON,R44 II,HELICOPTERO,"CHERRY JR, ALBERT WILLIAM",PERSONA NATURAL,ROBINSON,ROBINSON R44 II
1019,994,CCDGE,COMERCIAL,AIRBUS HELICOPTERS DEUTSCHLAND GMBH,MBB-BK 117 D-2,HELICOPTERO,ECOCOPTER S.A.,EMPRESA,AIRBUS,AIRBUS MBB-BK 117 D-2
1020,995,CCDGF,PRIVADO,STARBALLOONS-CMR,OASIS 77,GLOBO,"MONTERO SEGUEL, CRISTIAN JARED",PERSONA NATURAL,STARBALLOONS-CMR,STARBALLOONS-CMR OASIS 77
1021,996,CCDGH,PRIVADO,ROBINSON,R44 II,HELICOPTERO,BREIT DOS LIMITADA,EMPRESA,ROBINSON,ROBINSON R44 II
1022,997,CCDGJ,COMERCIAL,BELL,412,HELICOPTERO,PEGASUS SOUTH AMERICA SERVICIOS INTEGRALES DE AVIACION SPA,EMPRESA,BELL,BELL 412
1023,998,CCDGK,COMERCIAL,BELL,505,HELICOPTERO,BDP COPTERS SPA,EMPRESA,BELL,BELL 505
1024,999,CCDGN,COMERCIAL,BELL,505,HELICOPTERO,TRANSPORTES SAN FELIPE DOS S.A.,EMPRESA,BELL,BELL 505
1025,1000,CCDGO,PRIVADO,BELL,505,HELICOPTERO,INVERSIONES RÍO HONDO LIMITADA,EMPRESA,BELL,BELL 505
1026,1001,CCDGP,COMERCIAL,BELL,412,HELICOPTERO,HELICÓPTEROS DEL PACÍFICO LIMITADA,EMPRESA,BELL,BELL 412
1027,1002,CCDGR,PRIVADO,BALONY KUBICEK SPOL. S.R.O.,BB45N,GLOBO,FUNDACION AERONAUTICA DEPORTIVA,OTRO,BALONY KUBICEK SPOL. S.R.O.,BALONY KUBICEK SPOL. S.R.O. BB45N
1028,1003,CCDGT,PRIVADO,JUST AIRCRAFT BARRIE,JA-35 SUPER STOL XL,AVION,CARLOS EMILIO BARRIE ORELLANA,OTRO,JUST AIRCRAFT BARRIE,JUST AIRCRAFT BARRIE JA-35 SUPER STOL XL
1029,1004,CCDGV,PRIVADO,ROBINSON,R66,HELICOPTERO,"MONTES BASEDEN, AURELIO OLEGARIO",PERSONA NATURAL,ROBINSON,ROBINSON R66
1030,1005,CCDGW,PRIVADO,MESSERSCHMITT-BOLKOW-BLOHM,BO 105S,HELICOPTERO,"KAUFMANN BUNGER, CHRISTOPH",PERSONA NATURAL,MESSERSCHMITT-BOLKOW-BLOHM,MESSERSCHMITT-BOLKOW-BLOHM BO 105S
1031,1006,CCDGX,COMERCIAL,AGUSTA,A119,HELICOPTERO,PEGASUS SOUTH AMERICA SERVICIOS INTEGRALES DE AVIACION SPA,EMPRESA,AGUSTA,AGUSTA A119
1032,1007,CCDGY,PRIVADO,ELA-LIRA,10-ECLIPSE EVO,GIROPL,AEREOTRANSPORTE ARMADAN SPA,EMPRESA,ELA-LIRA,ELA-LIRA 10-ECLIPSE EVO
1033,1008,CCDGZ,PRIVADO,ELA-LIRA,10-ECLIPSE EVO,GIROPL,AEREOTRANSPORTE ARMADAN SPA,EMPRESA,ELA-LIRA,ELA-LIRA 10-ECLIPSE EVO
1034,1009,CCDHA,PRIVADO,AEROPRAKT LTD.,A-22LS,AVION,"CASANOVA GARCES, CLAUDIO",PERSONA NATURAL,AEROPRAKT LTD.,AEROPRAKT LTD. A-22LS
1035,1010,CCDHB,COMERCIAL,GUIMBAL,CABRI G2,HELICOPTERO,AEROMÁS SPA,EMPRESA,GUIMBAL,GUIMBAL CABRI G2
1036,1011,CCDHC,PRIVADO,AEROPRAKT LTD.,A-22LS,AVION,"COLLAO DIETERT, JAVIER",PERSONA NATURAL,AEROPRAKT LTD.,AEROPRAKT LTD. A-22LS
1037,1011,CCDHC,PRIVADO,AEROPRAKT LTD.,A-22LS,AVION,"COLLAO JUST, JAVIER ALFONSO",PERSONA NATURAL,AEROPRAKT LTD.,AEROPRAKT LTD. A-22LS
1038,1011,CCDHC,PRIVADO,AEROPRAKT LTD.,A-22LS,AVION,"DIETERT MLADINIC, ROSMARIE KARINA",PERSONA NATURAL,AEROPRAKT LTD.,AEROPRAKT LTD. A-22LS
1039,1012,CCDHD,COMERCIAL,"EXTRA, FLUGZEUGPRODUKTIONS-UND VERTRIEBS-GMBH",EA 300/L,AVION,DAFERA SPA,EMPRESA,"EXTRA, FLUGZEUGPRODUKTIONS-UND VERTRIEBS-GMBH","EXTRA, FLUGZEUGPRODUKTIONS-UND VERTRIEBS-GMBH EA 300/L"
1040,1013,CCDHF,PRIVADO,MESSERSCHMITT-BOLKOW-BLOHM,BO-105C,HELICOPTERO,PATAGONIA COPTERS SPA,EMPRESA,MESSERSCHMITT-BOLKOW-BLOHM,MESSERSCHMITT-BOLKOW-BLOHM BO-105C
1041,1014,CCDHG,COMERCIAL,BELL,412,HELICOPTERO,HELICÓPTEROS DEL PACÍFICO LIMITADA,EMPRESA,BELL,BELL 412
1042,1015,CCDHH,COMERCIAL,BELL,412,HELICOPTERO,HELICÓPTEROS DEL PACÍFICO LIMITADA,EMPRESA,BELL,BELL 412
1043,1016,CCDHI,PRIVADO,TEXTRON AVIATION INC.,B300,AVION,SOCIEDAD QUIMICA Y MINERA DE CHILE S.A.,EMPRESA,TEXTRON AVIATION INC.,TEXTRON AVIATION INC. B300
1044,1017,CCDHJ,PRIVADO,EXTRA FLUGZEUGBAU,EA 300/L,AVION,"CALVO LANTE DELLA-ROVERE, ANDRÉS",PERSONA NATURAL,EXTRA FLUGZEUGBAU,EXTRA FLUGZEUGBAU EA 300/L
1045,1018,CCDHK,COMERCIAL,AIRBUS HELICOPTERS,AS 350 B3,HELICOPTERO,ECOCOPTER S.A.,EMPRESA,AIRBUS,AIRBUS AS 350 B3
1046,1019,CCDHL,COMERCIAL,AIRBUS HELICOPTERS,AS 350 B3,HELICOPTERO,ECOCOPTER S.A.,EMPRESA,AIRBUS,AIRBUS AS 350 B3
1047,1020,CCDHM,COMERCIAL,AIRBUS HELICOPTERS,AS 350 B3,HELICOPTERO,ECOCOPTER S.A.,EMPRESA,AIRBUS,AIRBUS AS 350 B3
1048,1021,CCDHN,PRIVADO,EXTRA FLUGZEUGBAU,EA 300/L,AVION,"RUBESKA BALBOA, RENE ROBERTO",PERSONA NATURAL,EXTRA FLUGZEUGBAU,EXTRA FLUGZEUGBAU EA 300/L
1049,1022,CCDHO,COMERCIAL,DIAMOND AIRCRAFT INDUSTRIES,DA20-C1,AVION,FLY WITH US SPA,EMPRESA,DIAMOND AIRCRAFT INDUSTRIES,DIAMOND AIRCRAFT INDUSTRIES DA20-C1
1050,1023,CCDHP,COMERCIAL,DIAMOND AIRCRAFT INDUSTRIES,DA20-C1,AVION,FLY WITH US SPA,EMPRESA,DIAMOND AIRCRAFT INDUSTRIES,DIAMOND AIRCRAFT INDUSTRIES DA20-C1
1051,1024,CCDHQ,PRIVADO,AEROPRAKT LTD.,A-22LS,AVION,"SAAVEDRA DE LA FUENTE, PATRICIO LUCIANO",PERSONA NATURAL,AEROPRAKT LTD.,AEROPRAKT LTD. A-22LS
1052,1025,CCDHR,PRIVADO,AEROPRAKT LTD.,A-22LS,AVION,TRABAJOS DE AVIACIÓN E INVERSIONES ALEJANDRO RÍOS CASTILLO E.I.R.L.,OTRO,AEROPRAKT LTD.,AEROPRAKT LTD. A-22LS
1053,1026,CCDHS,COMERCIAL,BAE SYSTEMS,AVRO 146-RJ 100,AVION,AEROVIAS DAP S. A.,OTRO,BAE SYSTEMS,BAE SYSTEMS AVRO 146-RJ 100
1054,1027,CCDHT,COMERCIAL,BOMBARDIER INC.,DHC-8-402,AVION,AEROVIAS DAP S. A.,OTRO,BOMBARDIER INC.,BOMBARDIER INC. DHC-8-402
1055,1028,CCDHU,COMERCIAL,BAE SYSTEMS,AVRO 146-RJ100,AVION,AEROVIAS DAP S. A.,OTRO,BAE SYSTEMS,BAE SYSTEMS AVRO 146-RJ100
1056,1029,CCDHV,PRIVADO,KUBICEK FACTORY S.R.O.,BB51Z,GLOBO,PRODUCCIONES METATRON SPA,EMPRESA,KUBICEK FACTORY S.R.O.,KUBICEK FACTORY S.R.O. BB51Z
1057,1030,CCDHW,PRIVADO,ROBINSON,R44 II,HELICOPTERO,MANUEL ALEJANDRO MARTÍNEZ AGUILAR,OTRO,ROBINSON,ROBINSON R44 II
1058,1031,CCDHX,PRIVADO,STARBALLOONS-CMR,OASIS 77,GLOBO,"MILLAS RAPOSO, CHRISTIAN PATRICIO",PERSONA NATURAL,STARBALLOONS-CMR,STARBALLOONS-CMR OASIS 77
1059,1032,CCDHY,PRIVADO,STARBALLOONS-CMR,OASIS 77,GLOBO,"ROSAS CONDELL, LEONARDO FRANCISCO",PERSONA NATURAL,STARBALLOONS-CMR,STARBALLOONS-CMR OASIS 77
1060,1033,CCDHZ,COMERCIAL,AIRBUS HELICOPTERS,AS 350 B3,HELICOPTERO,SERVICIOS Y ARRIENDOS ROTORTEC SPA,EMPRESA,AIRBUS,AIRBUS AS 350 B3
1061,1034,CCDIA,COMERCIAL,AIRBUS,A320-271N,AVION,JETSMART AIRLINES SPA,EMPRESA,AIRBUS,AIRBUS A320-271N
1062,1035,CCDIB,COMERCIAL,AIRBUS,A321-271NX,AVION,JETSMART AIRLINES SPA,EMPRESA,AIRBUS,AIRBUS A321-271NX
1063,1036,CCDIC,COMERCIAL,AIRBUS,A321-271NX,AVION,JETSMART AIRLINES SPA,EMPRESA,AIRBUS,AIRBUS A321-271NX
1064,1037,CCDID,COMERCIAL,AIRBUS,A320-271N,AVION,JETSMART AIRLINES SPA,EMPRESA,AIRBUS,AIRBUS A320-271N
1065,1038,CCDIE,COMERCIAL,AIRBUS,A321-271NX,AVION,JETSMART AIRLINES SPA,EMPRESA,AIRBUS,AIRBUS A321-271NX
1066,1039,CCDIF,COMERCIAL,AIRBUS,A321-271NX,AVION,JETSMART AIRLINES SPA,EMPRESA,AIRBUS,AIRBUS A321-271NX
1067,1040,CCDIG,COMERCIAL,AIRBUS,A320-271N,AVION,JETSMART AIRLINES SPA,EMPRESA,AIRBUS,AIRBUS A320-271N
1068,1041,CCDIH,COMERCIAL,AIRBUS,A320-271N,AVION,JETSMART AIRLINES SPA,EMPRESA,AIRBUS,AIRBUS A320-271N
1069,1042,CCDII,COMERCIAL,AIRBUS,A320-271N,AVION,JETSMART AIRLINES SPA,EMPRESA,AIRBUS,AIRBUS A320-271N
1070,1043,CCDIJ,COMERCIAL,AIRBUS,A320-271N,AVION,JETSMART AIRLINES SPA,EMPRESA,AIRBUS,AIRBUS A320-271N
1071,1044,CCDIK,COMERCIAL,AIRBUS,A320-271N,AVION,JETSMART AIRLINES SPA,EMPRESA,AIRBUS,AIRBUS A320-271N
1072,1045,CCDIL,COMERCIAL,AIRBUS,A320-271N,AVION,JETSMART AIRLINES SPA,EMPRESA,AIRBUS,AIRBUS A320-271N
1073,1046,CCDIM,COMERCIAL,AIRBUS,A320-271N,AVION,JETSMART AIRLINES SPA,EMPRESA,AIRBUS,AIRBUS A320-271N
1074,1047,CCDIN,COMERCIAL,AIRBUS,A320-271N,AVION,JETSMART AIRLINES SPA,EMPRESA,AIRBUS,AIRBUS A320-271N
1075,1048,CCDIO,COMERCIAL,AIRBUS,A320-271N,AVION,JETSMART AIRLINES SPA,EMPRESA,AIRBUS,AIRBUS A320-271N
1076,1049,CCDIP,COMERCIAL,AIRBUS,A320-271N,AVION,JETSMART AIRLINES SPA,EMPRESA,AIRBUS,AIRBUS A320-271N
1077,1050,CCDIQ,COMERCIAL,AIRBUS,A321-271NX,AVION,JETSMART AIRLINES SPA,EMPRESA,AIRBUS,AIRBUS A321-271NX
1078,1051,CCDIR,COMERCIAL,AIRBUS,A320-271N,AVION,JETSMART AIRLINES SPA,EMPRESA,AIRBUS,AIRBUS A320-271N
1079,1052,CCDIS,COMERCIAL,AIRBUS,A321-271NX,AVION,JETSMART AIRLINES SPA,EMPRESA,AIRBUS,AIRBUS A321-271NX
1080,1053,CCDIT,COMERCIAL,AIRBUS,A320-271N,AVION,JETSMART AIRLINES SPA,EMPRESA,AIRBUS,AIRBUS A320-271N
1081,1054,CCDIU,COMERCIAL,AIRBUS,A320-271N,AVION,JETSMART AIRLINES SPA,EMPRESA,AIRBUS,AIRBUS A320-271N
1082,1055,CCDIV,COMERCIAL,AIRBUS,A320-271N,AVION,JETSMART AIRLINES SPA,EMPRESA,AIRBUS,AIRBUS A320-271N
1083,1056,CCDIW,COMERCIAL,AIRBUS,A320-271N,AVION,JETSMART AIRLINES SPA,EMPRESA,AIRBUS,AIRBUS A320-271N
1084,1057,CCDIX,COMERCIAL,AIRBUS,A320-271N,AVION,JETSMART AIRLINES SPA,EMPRESA,AIRBUS,AIRBUS A320-271N
1085,1058,CCDIY,COMERCIAL,AIRBUS,A321-271NX,AVION,JETSMART AIRLINES SPA,EMPRESA,AIRBUS,AIRBUS A321-271NX
1086,1059,CCDJA,COMERCIAL,AIRBUS HELICOPTERS,AS 350 B3,HELICOPTERO,GREEN-GO HELI TOURS SPA,EMPRESA,AIRBUS,AIRBUS AS 350 B3
1087,1060,CCDJB,COMERCIAL,VULCANAIR S.P.A.,P.68 OBSERVER 2,AVION,PEGASUS SOUTH AMERICA SERVICIOS INTEGRALES DE AVIACION SPA,EMPRESA,VULCANAIR S.P.A.,VULCANAIR S.P.A. P.68 OBSERVER 2
1088,1061,CCDJC,PRIVADO,BEECH AIRCRAFT CORPORATION,C23,AVION,CLUB AEREO DE CURACAUTIN,CLUB AEREO,BEECHCRAFT,BEECHCRAFT C23
1089,1062,CCDJD,PRIVADO,CESSNA,182T,AVION,"DIEGUEZ MANFREDINI, JUAN JOSE",PERSONA NATURAL,CESSNA,CESSNA 182T
1090,1063,CCDJF,COMERCIAL,VANS AIRCRAFT INC.,RV-12IS,AVION,DAFERA SPA,EMPRESA,VANS AIRCRAFT INC.,VANS AIRCRAFT INC. RV-12IS
1091,1064,CCDJG,COMERCIAL,VANS AIRCRAFT INC.,RV-12IS,AVION,DAFERA SPA,EMPRESA,VANS AIRCRAFT INC.,VANS AIRCRAFT INC. RV-12IS
1092,1065,CCDJH,COMERCIAL,"AIRCRAFT INDUSTRIES, A.S.",L 410 UVP-E20,AVION,INVERSIONES AÉREAS PATAGONIA LIMITADA,EMPRESA,"AIRCRAFT INDUSTRIES, A.S.","AIRCRAFT INDUSTRIES, A.S. L 410 UVP-E20"
1093,1066,CCDJJ,PRIVADO,RICHARD SMITH,CHRISTEN EAGLE II,AVION,"CASANOVA ESPARZA, CRISTIAN JOSE",EMPRESA,RICHARD SMITH,RICHARD SMITH CHRISTEN EAGLE II
1094,1067,CCDJK,PRIVADO,DIAMOND AIRCRAFT INDUSTRIES,DA20-C1,AVION,CLUB AÉREO DE SANTIAGO,CLUB AEREO,DIAMOND AIRCRAFT INDUSTRIES,DIAMOND AIRCRAFT INDUSTRIES DA20-C1
1095,1068,CCDJL,COMERCIAL,TECNAM,P2006T,AVION,AIR ANDES CHILE SPA,EMPRESA,TECNAM,TECNAM P2006T
1096,1069,CCDJN,PRIVADO,AEROPRAKT LTD.,A-22LS,AVION,INVERSIONES LAGO RANCO LIMITADA,EMPRESA,AEROPRAKT LTD.,AEROPRAKT LTD. A-22LS
1097,1070,CCDJO,PRIVADO,AEROPRAKT LTD.,A-22LS,AVION,"SAAVEDRA DE LA FUENTE, PATRICIO LUCIANO",PERSONA NATURAL,AEROPRAKT LTD.,AEROPRAKT LTD. A-22LS
1098,1071,CCDJP,COMERCIAL,LEONARDO SPA HELICOPTERS,A109S,HELICOPTERO,SERVICIOS AEREOS PORTOSEGURO SPA,EMPRESA,LEONARDO SPA HELICOPTERS,LEONARDO SPA HELICOPTERS A109S
1099,1072,CCDJQ,COMERCIAL,PIPER,PA-31-350,AVION,SERVICIOS AÉREOS PUERTO MONTT SPA,EMPRESA,PIPER,PIPER PA-31-350
1100,1073,CCDJS,COMERCIAL,EUROCOPTER DEUTSCHLAND GMBH,EC135 T2+,HELICOPTERO,ECOCOPTER S.A.,EMPRESA,EUROCOPTER DEUTSCHLAND GMBH,EUROCOPTER DEUTSCHLAND GMBH EC135 T2+
1101,1074,CCDJT,COMERCIAL,EUROCOPTER DEUTSCHLAND GMBH,EC135 T2+,HELICOPTERO,ECOCOPTER S.A.,EMPRESA,EUROCOPTER DEUTSCHLAND GMBH,EUROCOPTER DEUTSCHLAND GMBH EC135 T2+
1102,1075,CCDJU,COMERCIAL,THRUSH AIRCRAFT,S2R-T660,AVION,AIR ANDES CHILE SPA,EMPRESA,THRUSH AIRCRAFT,THRUSH AIRCRAFT S2R-T660
1103,1076,CCDJV,PRIVADO,CESSNA,A150L,AVION,FEMAQ TRANSPORTE Y MAQUINARIA SPA,EMPRESA,CESSNA,CESSNA A150L
1104,1077,CCDJY,COMERCIAL,ROBINSON,R66,HELICOPTERO,AIR FLOW SPA,EMPRESA,ROBINSON,ROBINSON R66
1105,1078,CCDJZ,COMERCIAL,AIRBUS HELICOPTERS DEUTSCHLAND GMBH,MBB-BK117 D-3,HELICOPTERO,ECOCOPTER S.A.,EMPRESA,AIRBUS,AIRBUS MBB-BK117 D-3
1106,1079,CCDKB,COMERCIAL,AGUSTA SPA,A119,HELICOPTERO,PEGASUS SOUTH AMERICA SERVICIOS INTEGRALES DE AVIACION SPA,EMPRESA,AGUSTA SPA,AGUSTA SPA A119
1107,1080,CCDKC,COMERCIAL,AGUSTA SPA,A119,HELICOPTERO,PEGASUS SOUTH AMERICA SERVICIOS INTEGRALES DE AVIACION SPA,EMPRESA,AGUSTA SPA,AGUSTA SPA A119
1108,1081,CCDKD,COMERCIAL,TECNAM,P2006T,AVION,MEGAPARTS S.A.,EMPRESA,TECNAM,TECNAM P2006T
1109,1082,CCDKE,COMERCIAL,AEROSPATIALE,AS 355 F2,HELICOPTERO,EXPLORAIR SPA,EMPRESA,AEROSPATIALE,AEROSPATIALE AS 355 F2
1110,1083,CCDKF,COMERCIAL,GIPPSLAND AERONAUTICS PTY LTD.,GA8 TC-320,AVION,AEROSERVICIOS TOQUI LIMITADA,EMPRESA,GIPPSLAND AERONAUTICS PTY LTD.,GIPPSLAND AERONAUTICS PTY LTD. GA8 TC-320
1111,1084,CCDKG,PRIVADO,ROBINSON,R44 II,HELICOPTERO,"MOMBERG BORQUEZ, JORGE ALFREDO",PERSONA NATURAL,ROBINSON,ROBINSON R44 II
1112,1085,CCDKH,PRIVADO,SPORTAVIA-PUTZER GMBH AND CO. KG,SF 25 C,PLANEADOR,"SCHILLING FERRARI, IVAN ANDRES",PERSONA NATURAL,SPORTAVIA-PUTZER GMBH AND CO. KG,SPORTAVIA-PUTZER GMBH AND CO. KG SF 25 C
1113,1086,CCDKI,COMERCIAL,CESSNA,208B,AVION,SERVICIOS AEREOS PEWEN S.A.,EMPRESA,CESSNA,CESSNA 208B
1114,1087,CCDKL,COMERCIAL,EUROCOPTER,EC 130 B4,HELICOPTERO,DAP HELICOPTEROS LIMITADA O HELICOPTEROS PIVCEVIC LTDA.,EMPRESA,EUROCOPTER,EUROCOPTER EC 130 B4
1115,1088,CCDKM,COMERCIAL,GIPPSLAND AERONAUTICS PTY LTD.,GA8,AVION,AEROSERVICIOS TOQUI LIMITADA,EMPRESA,GIPPSLAND AERONAUTICS PTY LTD.,GIPPSLAND AERONAUTICS PTY LTD. GA8
1116,1089,CCDKN,COMERCIAL,BEECH AIRCRAFT CORPORATION,B200C,AVION,LINEA DE AERO-SERVICIOS S.A.,EMPRESA,BEECHCRAFT,BEECHCRAFT B200C
1117,1090,CCDKO,PRIVADO,AEROPRAKT LTD.,A-32,AVION,"PUSCHEL SCHNEIDER, EDUARDO",PERSONA NATURAL,AEROPRAKT LTD.,AEROPRAKT LTD. A-32
1118,1091,CCDKP,PRIVADO,SCHEMPP-HIRTH,VENTUS-2A,PLANEADOR,"VIDAL URBINA, RENÉ ALBERTO",PERSONA NATURAL,SCHEMPP-HIRTH,SCHEMPP-HIRTH VENTUS-2A
1119,1092,CCDKR,PRIVADO,SCHEMPP-HIRTH,DUO DISCUS,PLANEADOR,CLUB DE PLANEADORES DE SANTIAGO,CLUB AEREO,SCHEMPP-HIRTH,SCHEMPP-HIRTH DUO DISCUS
1120,1093,CCDKS,PRIVADO,FLYING LEGEND-SS,TUCANO-R,AVION,SKYTEAM SPA,EMPRESA,FLYING LEGEND-SS,FLYING LEGEND-SS TUCANO-R
1121,1094,CCDKT,PRIVADO,AEROPRAKT LTD.,A-22LS,AVION,"MAIRA KAST, CRISTÓBAL",PERSONA NATURAL,AEROPRAKT LTD.,AEROPRAKT LTD. A-22LS
1122,1095,CCDKU,COMERCIAL,"EMBRAER EXECUTIVE  AIRCRAFT, INC.",EMB-505,AVION,INVERSIONES LAC S.A.,EMPRESA,"EMBRAER EXECUTIVE  AIRCRAFT, INC.","EMBRAER EXECUTIVE  AIRCRAFT, INC. EMB-505"
1123,1096,CCDKV,PRIVADO,AVIAT,A-1,AVION,"KOENIG PIFFAUT, CHRISTOPHER IAN",PERSONA NATURAL,AVIAT,AVIAT A-1
1124,1097,CCDKX,COMERCIAL,AIR TRACTOR,AT-802A,AVION,NUEVA FRONTERA SPA,EMPRESA,AIR TRACTOR,AIR TRACTOR AT-802A
1125,1098,CCDKY,PRIVADO,ROBINSON,R44 II,HELICOPTERO,AGRÍCOLA AILLÍN SPA,EMPRESA,ROBINSON,ROBINSON R44 II
1126,1099,CCDKZ,COMERCIAL,AIR TRACTOR,AT-802A,AVION,SAAMA AVIACION SPA,EMPRESA,AIR TRACTOR,AIR TRACTOR AT-802A
1127,1100,CCDLA,PRIVADO,PIPER,PA-28-236,AVION,DIRECCION GENERAL DE AERONAUTICA CIVIL,OTRO,PIPER,PIPER PA-28-236
1128,1101,CCDLB,PRIVADO,PIPER,PA-28-236,AVION,DIRECCION GENERAL DE AERONAUTICA CIVIL,OTRO,PIPER,PIPER PA-28-236
1129,1102,CCDLC,PRIVADO,CESSNA,TU206B,AVION,"HALOUM, MUHAMAD",PERSONA NATURAL,CESSNA,CESSNA TU206B
1130,1103,CCDLD,COMERCIAL,EUROCOPTER,AS 350 B2,HELICOPTERO,HOTELERA TERRA LUNA S.A.,EMPRESA,EUROCOPTER,EUROCOPTER AS 350 B2
1131,1104,CCDLE,COMERCIAL,BELL,412,HELICOPTERO,HELICÓPTEROS DEL PACÍFICO LIMITADA,EMPRESA,BELL,BELL 412
1132,1105,CCDLG,PRIVADO,ROBINSON,R66,HELICOPTERO,AGRÍCOLA RADEMACHER Y COMPAÑÍA LIMITADA,EMPRESA,ROBINSON,ROBINSON R66
1133,1106,CCDLH,COMERCIAL,CESSNA,T188C,AVION,ANDREJ KONSTANTIN OSTOJIC ARRIETA SERVICIOS AERONAUTICOS E.I.R.L.,OTRO,CESSNA,CESSNA T188C
1134,1107,CCDLI,COMERCIAL,"AIRCRAFT INDUSTRIES, A.S.",L 410 NG,AVION,AEROCARDAL LIMITADA,EMPRESA,"AIRCRAFT INDUSTRIES, A.S.","AIRCRAFT INDUSTRIES, A.S. L 410 NG"
1135,1108,CCDLJ,PRIVADO,ELA-LIRA,10-ECLIPSE EVO,GIROPL,CERRO LAGUNA SPA,EMPRESA,ELA-LIRA,ELA-LIRA 10-ECLIPSE EVO
1136,1109,CCDLK,COMERCIAL,CESSNA,172R,AVION,AEROTRUST TRABAJOS AÉREOS LIMITADA,EMPRESA,CESSNA,CESSNA 172R
1137,1110,CCDLL,COMERCIAL,GATES LEARJET CORPORATION,35A,AVION,SOCIEDAD TRANSPORTE AEROMÉDICO CRÍTICO SPA,EMPRESA,GATES LEARJET CORPORATION,GATES LEARJET CORPORATION 35A
1138,1111,CCDLN,COMERCIAL,VANS AIRCRAFT INC.,RV-12IS,AVION,R2 AVIATION SPA,EMPRESA,VANS AIRCRAFT INC.,VANS AIRCRAFT INC. RV-12IS
1139,1112,CCDLO,PRIVADO,AVIAT AIRCRAFT INC.,A-1B,AVION,"MEYER ROSENBERG, FREDY ENRIQUE",PERSONA NATURAL,AVIAT AIRCRAFT INC.,AVIAT AIRCRAFT INC. A-1B
1140,1113,CCDLP,PRIVADO,VULCANAIR S.P.A.,P.68C,AVION,ABM SPA,EMPRESA,VULCANAIR S.P.A.,VULCANAIR S.P.A. P.68C
1141,1114,CCDLQ,PRIVADO,LET,L-33 SÓLO,PLANEADOR,CLUB DE PLANEADORES DE SANTIAGO,CLUB AEREO,LET,LET L-33 SÓLO
1142,1115,CCDLR,PRIVADO,LET,L-33 SÓLO,PLANEADOR,CLUB DE PLANEADORES DE SANTIAGO,CLUB AEREO,LET,LET L-33 SÓLO
1143,1116,CCDLS,COMERCIAL,DIAMOND AIRCRAFT INDUSTRIES,DA20-C1,AVION,FLY WITH US SPA,EMPRESA,DIAMOND AIRCRAFT INDUSTRIES,DIAMOND AIRCRAFT INDUSTRIES DA20-C1
1144,1117,CCDLT,PRIVADO,VANS-CAS,RV-10,AVION,CLUB AÉREO DE SANTIAGO,CLUB AEREO,VANS-CAS,VANS-CAS RV-10
1145,1118,CCDLU,COMERCIAL,THRUSH AIRCRAFT,S2R-T660,AVION,AIR ANDES CHILE SPA,EMPRESA,THRUSH AIRCRAFT,THRUSH AIRCRAFT S2R-T660
1146,1119,CCDLV,COMERCIAL,TECNAM,P2006T,AVION,AIR ANDES CHILE SPA,EMPRESA,TECNAM,TECNAM P2006T
1147,1120,CCDLW,PRIVADO,AIR TRACTOR,AT-802A,AVION,CORPORACION NACIONAL FORESTAL,OTRO,AIR TRACTOR,AIR TRACTOR AT-802A
1148,1121,CCDLY,PRIVADO,BELL TEXTRON CANADA LTD.,429,HELICOPTERO,A. G. SERVICIOS SPA,EMPRESA,BELL TEXTRON CANADA LTD.,BELL TEXTRON CANADA LTD. 429
1149,1122,CCDLZ,PRIVADO,AEROPRAKT LTD.,A-22LS,AVION,RENTAL PLANE SPA,EMPRESA,AEROPRAKT LTD.,AEROPRAKT LTD. A-22LS
1150,1123,CCDMA,COMERCIAL,AIR TRACTOR,AT-802A,AVION,SAAMA AVIACION SPA,EMPRESA,AIR TRACTOR,AIR TRACTOR AT-802A
1151,1124,CCDMH,PRIVADO,SLING AIRCRAFT-ARF,SLING 4 HW,AVION,"ROVIRA FORNAZZARI, ALEXIS JAVIER",PERSONA NATURAL,SLING AIRCRAFT-ARF,SLING AIRCRAFT-ARF SLING 4 HW
1152,1125,CCDMI,PRIVADO,BELL,505,HELICOPTERO,CONSTRUCTORA TRICAM SPA,EMPRESA,BELL,BELL 505
1153,1126,CCDMJ,COMERCIAL,TECNAM,P2002 SIERRA MKII,AVION,MEGAPARTS S.A.,EMPRESA,TECNAM,TECNAM P2002 SIERRA MKII
1154,1127,CCDMK,COMERCIAL,TECNAM,P92 ECHO MKII,AVION,MEGAPARTS S.A.,EMPRESA,TECNAM,TECNAM P92 ECHO MKII
1155,1128,CCDML,PRIVADO,AEROPRAKT LTD.,A-22LS,AVION,SKY BLUE CHILE SPA,EMPRESA,AEROPRAKT LTD.,AEROPRAKT LTD. A-22LS
1156,1129,CCDMM,COMERCIAL,BELL,505,HELICOPTERO,AEROLÍNEAS AEROSUR SPA,EMPRESA,BELL,BELL 505
1157,1130,CCDMO,PRIVADO,ROBINSON,R44 II,HELICOPTERO,EAGLE COPTERS SOUTH AMERICA S.A.,EMPRESA,ROBINSON,ROBINSON R44 II
1158,1131,CCDMP,PRIVADO,AEROPRAKT LTD.,A-22LS,AVION,"PRADO RUIZ-TAGLE, MARIO JOSÉ",PERSONA NATURAL,AEROPRAKT LTD.,AEROPRAKT LTD. A-22LS
1159,1132,CCDMQ,PRIVADO,GOLFIER BALLOONS CL,NR 24 2200,GLOBO,"ARÉVALO GARCÍA, NICOLÁS IGNACIO",PERSONA NATURAL,GOLFIER BALLOONS CL,GOLFIER BALLOONS CL NR 24 2200
1160,1133,CCDMR,PRIVADO,ROBINSON,R66,HELICOPTERO,WELLFORD (CHILE) SPA,EMPRESA,ROBINSON,ROBINSON R66
1161,1134,CCDMS,PRIVADO,ROBINSON,R66,HELICOPTERO,"JELINCIC DEL CAMPO, SERGIO LUCAS ANIBAL",PERSONA NATURAL,ROBINSON,ROBINSON R66
1162,1135,CCDMT,PRIVADO,ROBINSON,R66,HELICOPTERO,MAR AND MAR AVIATION SPA,EMPRESA,ROBINSON,ROBINSON R66
1163,1136,CCDMU,PRIVADO,ROBINSON,R66,HELICOPTERO,SOCIEDAD COMERCIAL DOÑA ISIDORA SPA,EMPRESA,ROBINSON,ROBINSON R66
1164,1137,CCDMW,PRIVADO,ROBINSON,R66,HELICOPTERO,INVERSIONES Y SERVICIOS EDUARDO ENGLER BOCK E.I.R.L.,OTRO,ROBINSON,ROBINSON R66
1165,1138,CCDMX,PRIVADO,CESSNA,150L,AVION,CLUB AÉREO DE CASTRO,CLUB AEREO,CESSNA,CESSNA 150L
1166,1139,CCDMY,PRIVADO,CESSNA,172G,AVION,CLUB AÉREO DE CASTRO,CLUB AEREO,CESSNA,CESSNA 172G
1167,1140,CCDMZ,COMERCIAL,PIPER,PA-31T2,AVION,SOCIEDAD TRANSPORTE AEROMÉDICO CRÍTICO SPA,EMPRESA,PIPER,PIPER PA-31T2
1168,1141,CCDNL,PRIVADO,PARADISE,P-1 SLSA,AVION,CLUB AÉREO NAVAL,CLUB AEREO,PARADISE,PARADISE P-1 SLSA
1169,1142,CCDNM,PRIVADO,PIPISTREL,TAURUS 503,AVION,COMERCIALIZADORA Y PUBLICITARIA GOBI SPA,EMPRESA,PIPISTREL,PIPISTREL TAURUS 503
1170,1143,CCDNN,PRIVADO,VANS AIRCRAFT INC.,RV-12IS,AVION,CLUB AÉREO DE VALPARAÍSO Y VIÑA DEL MAR,CLUB AEREO,VANS AIRCRAFT INC.,VANS AIRCRAFT INC. RV-12IS
1171,1144,CCDNP,COMERCIAL,AGUSTA SPA,A109E,HELICOPTERO,LINEA DE AERO-SERVICIOS S.A.,EMPRESA,AGUSTA SPA,AGUSTA SPA A109E
1172,1145,CCDNQ,PRIVADO,PIPER,PA-28R-201T,AVION,AGRÍCOLA SAN IGNACIO S.A.,EMPRESA,PIPER,PIPER PA-28R-201T
1173,1146,CCDNR,PRIVADO,AEROPRAKT LTD.,A-22LS,AVION,"GUZMÁN PÉREZ, RODRIGO",PERSONA NATURAL,AEROPRAKT LTD.,AEROPRAKT LTD. A-22LS
1174,1147,CCDNS,COMERCIAL,AIR TRACTOR,AT-802,AVION,HELICÓPTEROS DEL PACÍFICO LIMITADA,EMPRESA,AIR TRACTOR,AIR TRACTOR AT-802
1175,1148,CCDNT,COMERCIAL,BELL,412,HELICOPTERO,HELICÓPTEROS DEL PACÍFICO LIMITADA,EMPRESA,BELL,BELL 412
1176,1149,CCDNU,COMERCIAL,BOEING,737-8EH,AVION,NG SERVICIOS AÉREOS SPA,EMPRESA,BOEING,BOEING 737-8EH
1177,1150,CCDNV,PRIVADO,PIPER,PA-34-220T,AVION,DIRECCION GENERAL DE AERONAUTICA CIVIL,OTRO,PIPER,PIPER PA-34-220T
1178,1151,CCDNY,PRIVADO,PARADISE USA LLC,P-1 SLSA,AVION,CLUB AÉREO NAVAL,CLUB AEREO,PARADISE USA LLC,PARADISE USA LLC P-1 SLSA
1179,1152,CCDNZ,COMERCIAL,GUIMBAL,CABRI G2,HELICOPTERO,EXPLORAIR SPA,EMPRESA,GUIMBAL,GUIMBAL CABRI G2
1180,1153,CCDOH,COMERCIAL,AIRBUS,A321-271NX,AVION,JETSMART AIRLINES SPA,EMPRESA,AIRBUS,AIRBUS A321-271NX
1181,1154,CCDOI,COMERCIAL,AIRBUS,A321-271NX,AVION,JETSMART AIRLINES SPA,EMPRESA,AIRBUS,AIRBUS A321-271NX
1182,1155,CCDOJ,COMERCIAL,AIRBUS,A321-271NX,AVION,JETSMART AIRLINES SPA,EMPRESA,AIRBUS,AIRBUS A321-271NX
1183,1156,CCDPA,COMERCIAL,"AIRCRAFT INDUSTRIES, A.S.",L 410 NG,AVION,AEROCARDAL LIMITADA,EMPRESA,"AIRCRAFT INDUSTRIES, A.S.","AIRCRAFT INDUSTRIES, A.S. L 410 NG"
1184,1157,CCDPB,COMERCIAL,"AIRCRAFT INDUSTRIES, A.S.",L 410 NG,AVION,AEROCARDAL LIMITADA,EMPRESA,"AIRCRAFT INDUSTRIES, A.S.","AIRCRAFT INDUSTRIES, A.S. L 410 NG"
1185,1158,CCDPC,PRIVADO,PIPER,PA-28RT-201T,AVION,"CREMASCHI BARRIGA, JUAN PABLO",PERSONA NATURAL,PIPER,PIPER PA-28RT-201T
1186,1159,CCDPD,COMERCIAL,BAE SYSTEMS,AVRO 146-RJ100,AVION,AEROVIAS DAP S. A.,OTRO,BAE SYSTEMS,BAE SYSTEMS AVRO 146-RJ100
1187,1160,CCDPE,COMERCIAL,BAE SYSTEMS,AVRO 146-RJ100,AVION,AEROVIAS DAP S. A.,OTRO,BAE SYSTEMS,BAE SYSTEMS AVRO 146-RJ100
1188,1161,CCDPF,COMERCIAL,AIRBUS HELICOPTERS,EC 130 T2,HELICOPTERO,SERVICIOS Y ARRIENDOS ROTORTEC SPA,EMPRESA,AIRBUS,AIRBUS EC 130 T2
1189,1162,CCDPG,PRIVADO,TECNAM,P92 ECHO MKII,AVION,CLUB AÉREO DE RANCAGUA,CLUB AEREO,TECNAM,TECNAM P92 ECHO MKII
1190,1163,CCDPI,COMERCIAL,AIR TRACTOR,AT-802A,AVION,SAAMA AVIACION SPA,EMPRESA,AIR TRACTOR,AIR TRACTOR AT-802A
1191,1164,CCDRG,PRIVADO,TEXTRON AVIATION INC.,182T,AVION,"GARIB NAZAL, RICARDO ELIAS",PERSONA NATURAL,TEXTRON AVIATION INC.,TEXTRON AVIATION INC. 182T
1192,1165,CCDRS,COMERCIAL,PILATUS AIRCRAFT LTD.,PC-24,AVION,AEROCARDAL LIMITADA,EMPRESA,PILATUS AIRCRAFT LTD.,PILATUS AIRCRAFT LTD. PC-24
1193,1166,CCDSN,COMERCIAL,BEECH AIRCRAFT CORPORATION,E90,AVION,SERVICIOS AÉREOS PUERTO MONTT SPA,EMPRESA,BEECHCRAFT,BEECHCRAFT E90
1194,1167,CCDSR,COMERCIAL,BEECH AIRCRAFT CORPORATION,C90,AVION,SERVICIOS AÉREOS PUERTO MONTT SPA,EMPRESA,BEECHCRAFT,BEECHCRAFT C90
1195,1168,CCDTV,PRIVADO,TEXTRON AVIATION INC.,182T,AVION,NOVOFISH S.A.,EMPRESA,TEXTRON AVIATION INC.,TEXTRON AVIATION INC. 182T
1196,1169,CCDVR,PRIVADO,BELL,429,HELICOPTERO,SKY WINGS SPA,EMPRESA,BELL,BELL 429
1197,1170,CCJET,PRIVADO,SONEX-HSR,JSX2,AVION,"SANTIBAÑEZ RUIZ, HERNAN ROBERTO",PERSONA NATURAL,SONEX-HSR,SONEX-HSR JSX2
1198,1171,CCK11,PRIVADO,BLANIK,L-13A,PLANEADOR,CLUB DE PLANEADORES DE VITACURA,CLUB AEREO,BLANIK,BLANIK L-13A
1199,1172,CCK14,PRIVADO,PILATUS AIRCRAFT LTD.,B4-PC11AF,PLANEADOR,CLUB DE PLANEADORES DE SANTIAGO,CLUB AEREO,PILATUS AIRCRAFT LTD.,PILATUS AIRCRAFT LTD. B4-PC11AF
1200,1173,CCK15,PRIVADO,PILATUS AIRCRAFT LTD.,B4,PLANEADOR,CLUB DE PLANEADORES DE VITACURA,CLUB AEREO,PILATUS AIRCRAFT LTD.,PILATUS AIRCRAFT LTD. B4
1201,1174,CCK16,PRIVADO,PILATUS AIRCRAFT LTD.,B4,PLANEADOR,CLUB DE PLANEADORES DE VITACURA,CLUB AEREO,PILATUS AIRCRAFT LTD.,PILATUS AIRCRAFT LTD. B4
1202,1175,CCK19,PRIVADO,SCHEMPP-HIRTH,JANUS B,PLANEADOR,CLUB DE PLANEADORES DE SANTIAGO,CLUB AEREO,SCHEMPP-HIRTH,SCHEMPP-HIRTH JANUS B
1203,1176,CCK1Q,PRIVADO,SCHEIBE,BERGFALKE-II/55,PLANEADOR,CLUB DE PLANEADORES DE VALPARAÍSO,CLUB AEREO,SCHEIBE,SCHEIBE BERGFALKE-II/55
1204,1177,CCK1W,PRIVADO,PILATUS AIRCRAFT LTD.,B4-PC11,PLANEADOR,CLUB DE PLANEADORES DE VITACURA,CLUB AEREO,PILATUS AIRCRAFT LTD.,PILATUS AIRCRAFT LTD. B4-PC11
1205,1178,CCK23,PRIVADO,SCHEMPP-HIRTH,MINI-NIMBUS B,PLANEADOR,CLUB DE PLANEADORES DE SANTIAGO,CLUB AEREO,SCHEMPP-HIRTH,SCHEMPP-HIRTH MINI-NIMBUS B
1206,1179,CCK4Q,PRIVADO,PILATUS AIRCRAFT LTD.,B4-PC11AF,PLANEADOR,CLUB DE PLANEADORES DE VALPARAÍSO,CLUB AEREO,PILATUS AIRCRAFT LTD.,PILATUS AIRCRAFT LTD. B4-PC11AF
1207,1180,CCKAD,PRIVADO,CESSNA,172P,AVION,CLUB AÉREO DE LOS ANDES,CLUB AEREO,CESSNA,CESSNA 172P
1208,1181,CCKAJ,PRIVADO,CESSNA,U206G,AVION,CLUB AÉREO DE LOS ANDES,CLUB AEREO,CESSNA,CESSNA U206G
1209,1182,CCKCC,PRIVADO,CESSNA,182L,AVION,CLUB AÉREO DE CURICÓ,CLUB AEREO,CESSNA,CESSNA 182L
1210,1183,CCKCE,PRIVADO,CESSNA,152,AVION,CLUB AÉREO DE CURICÓ,CLUB AEREO,CESSNA,CESSNA 152
1211,1184,CCKCF,PRIVADO,CESSNA,152,AVION,CLUB AÉREO DE CURICÓ,CLUB AEREO,CESSNA,CESSNA 152
1212,1185,CCKCG,PRIVADO,PIPER,PA-18,AVION,"BARTOLOME CECCHI, ANGEL ALBERTO",PERSONA NATURAL,PIPER,PIPER PA-18
1213,1186,CCKDA,PRIVADO,CESSNA,172,AVION,CLUB AÉREO ADOLFO MENADIER,CLUB AEREO,CESSNA,CESSNA 172
1214,1187,CCKDB,PRIVADO,PIPER,PA-18,AVION,"FUENTES PALMA, DAVID YVO",PERSONA NATURAL,PIPER,PIPER PA-18
1215,1188,CCKDF,PRIVADO,CESSNA,172B,AVION,CLUB AÉREO ADOLFO MENADIER,CLUB AEREO,CESSNA,CESSNA 172B
1216,1189,CCKEA,PRIVADO,CESSNA,150K,AVION,CLUB AÉREO DE CURACAVÍ,CLUB AEREO,CESSNA,CESSNA 150K
1217,1190,CCKEB,PRIVADO,CESSNA,172B,AVION,CLUB AÉREO DE SAN FERNANDO,CLUB AEREO,CESSNA,CESSNA 172B
1218,1191,CCKED,PRIVADO,CESSNA,210F,AVION,CLUB AÉREO DE SAN FERNANDO,CLUB AEREO,CESSNA,CESSNA 210F
1219,1192,CCKEF,PRIVADO,CESSNA,150K,AVION,CLUB AÉREO DE SAN FERNANDO,CLUB AEREO,CESSNA,CESSNA 150K
1220,1193,CCKFA,PRIVADO,CESSNA,150F,AVION,CLUB AÉREO SAN FELIPE,CLUB AEREO,CESSNA,CESSNA 150F
1221,1194,CCKFB,PRIVADO,PIPER,PA-28-160,AVION,CLUB AÉREO SAN FELIPE,CLUB AEREO,PIPER,PIPER PA-28-160
1222,1195,CCKFD,PRIVADO,CESSNA,172I,AVION,CLUB AÉREO SAN FELIPE,CLUB AEREO,CESSNA,CESSNA 172I
1223,1196,CCKID,PRIVADO,PIPER,PA-28-236,AVION,CLUB AÉREO DEL PERSONAL DEL EJÉRCITO,CLUB AEREO,PIPER,PIPER PA-28-236
1224,1197,CCKIE,PRIVADO,PIPER,PA-28-236,AVION,"PRAMBS TERÁN, HUGO ERIC RODRIGO Y PRAMBS TERÁN, RICARDO ENRIQUE IGNACIO",PERSONA NATURAL,PIPER,PIPER PA-28-236
1225,1198,CCKIF,PRIVADO,PIPER,PA-28-236,AVION,CLUB AÉREO DEL PERSONAL DEL EJÉRCITO,CLUB AEREO,PIPER,PIPER PA-28-236
1226,1199,CCKIH,PRIVADO,PIPER,PA-28-236,AVION,CLUB AÉREO DEL PERSONAL DEL EJÉRCITO,CLUB AEREO,PIPER,PIPER PA-28-236
1227,1200,CCKIJ,PRIVADO,CESSNA,152,AVION,MEGAPARTS S.A.,EMPRESA,CESSNA,CESSNA 152
1228,1201,CCKIK,PRIVADO,CESSNA,152,AVION,CLUB AÉREO DEL PERSONAL DEL EJÉRCITO,CLUB AEREO,CESSNA,CESSNA 152
1229,1202,CCKIS,PRIVADO,PIPER,PA-32R-301,AVION,AERODIN SPA,EMPRESA,PIPER,PIPER PA-32R-301
1230,1203,CCKIU,COMERCIAL,PIPER,PA-31,AVION,SERVICIOS AÉREOS PUERTO MONTT SPA,EMPRESA,PIPER,PIPER PA-31
1231,1204,CCKIZ,PRIVADO,CESSNA,152,AVION,CLUB AÉREO DEL PERSONAL DEL EJÉRCITO,CLUB AEREO,CESSNA,CESSNA 152
1232,1205,CCKJA,PRIVADO,CESSNA,150G,AVION,CLUB AÉREO DE LINARES,CLUB AEREO,CESSNA,CESSNA 150G
1233,1206,CCKJB,PRIVADO,CESSNA,182A,AVION,CLUB AÉREO DE QUILLOTA,CLUB AEREO,CESSNA,CESSNA 182A
1234,1207,CCKJF,PRIVADO,CESSNA,150L,AVION,CLUB AÉREO DE QUILLOTA,CLUB AEREO,CESSNA,CESSNA 150L
1235,1208,CCKKD,PRIVADO,CESSNA,182Q,AVION,"SCHORR SEPÚLVEDA, RICARDO JORGE",PERSONA NATURAL,CESSNA,CESSNA 182Q
1236,1209,CCKKG,COMERCIAL,PIPER,PA-31,AVION,SOCIEDAD TRANSPORTE AEROMÉDICO CRÍTICO SPA,EMPRESA,PIPER,PIPER PA-31
1237,1210,CCKKM,PRIVADO,CESSNA,182Q,AVION,CLUB AÉREO NAVAL,CLUB AEREO,CESSNA,CESSNA 182Q
1238,1211,CCKKN,PRIVADO,CESSNA,182Q,AVION,"BERNUCCI ALVARADO, JUAN JOSE",PERSONA NATURAL,CESSNA,CESSNA 182Q
1239,1212,CCKKO,PRIVADO,CESSNA,182Q,AVION,"HORNAUER HUGHES, ALEJANDRO",PERSONA NATURAL,CESSNA,CESSNA 182Q
1240,1213,CCKLA,PRIVADO,CESSNA,150H,AVION,CLUB AÉREO DE LA SERENA,CLUB AEREO,CESSNA,CESSNA 150H
1241,1214,CCKLB,PRIVADO,CESSNA,172F,AVION,CLUB AÉREO DE LA SERENA,CLUB AEREO,CESSNA,CESSNA 172F
1242,1215,CCKLC,PRIVADO,CESSNA,182G,AVION,CLUB UNIVERSITARIO DE AVIACIÓN,CLUB AEREO,CESSNA,CESSNA 182G
1243,1216,CCKMB,PRIVADO,CESSNA,150,AVION,CLUB AÉREO MELIPILLA,CLUB AEREO,CESSNA,CESSNA 150
1244,1217,CCKMC,PRIVADO,CESSNA,170B,AVION,CLUB AÉREO MELIPILLA,CLUB AEREO,CESSNA,CESSNA 170B
1245,1218,CCKMD,PRIVADO,CHAMPION,7EC,AVION,CLUB AÉREO MELIPILLA,CLUB AEREO,CHAMPION,CHAMPION 7EC
1246,1219,CCKME,PRIVADO,CESSNA,172B,AVION,"VILLALOBOS HORMAZABAL, MARIO ALEJANDRO",PERSONA NATURAL,CESSNA,CESSNA 172B
1247,1220,CCKNA,PRIVADO,PIPER,PA-18,AVION,"CASTILLO OLIVARES, WENCESLAO LENY",PERSONA NATURAL,PIPER,PIPER PA-18
1248,1221,CCKNB,PRIVADO,CESSNA,172F,AVION,CLUB AÉREO DE SAN ANTONIO,CLUB AEREO,CESSNA,CESSNA 172F
1249,1222,CCKOA,PRIVADO,CESSNA,172,AVION,CESAR LUNA CASTILLO E.I.R.L.,OTRO,CESSNA,CESSNA 172
1250,1223,CCKOD,PRIVADO,CESSNA,150L,AVION,"PEREZ IRIARTE, DANIEL ESTEBAN",PERSONA NATURAL,CESSNA,CESSNA 150L
1251,1224,CCKRF,PRIVADO,CESSNA,172M,AVION,CLUB AÉREO DE RANCAGUA,CLUB AEREO,CESSNA,CESSNA 172M
1252,1225,CCKRH,PRIVADO,PITTS,S-2A,AVION,CLUB AÉREO DE COYHAIQUE,CLUB AEREO,PITTS,PITTS S-2A
1253,1226,CCKRI,COMERCIAL,CESSNA,172N,AVION,AIR GRAPHICS TECHONOLOGIC AIRBORNE SERVICES SPA,EMPRESA,CESSNA,CESSNA 172N
1254,1227,CCKRT,PRIVADO,CESSNA,172N,AVION,CLUB AÉREO DE RANCAGUA,CLUB AEREO,CESSNA,CESSNA 172N
1255,1228,CCKSA,PRIVADO,CESSNA,152,AVION,CLUB AÉREO MELIPILLA,CLUB AEREO,CESSNA,CESSNA 152
1256,1229,CCKSE,PRIVADO,CESSNA,152,AVION,CLUB AÉREO DEL PERSONAL DEL EJÉRCITO,CLUB AEREO,CESSNA,CESSNA 152
1257,1230,CCKSF,PRIVADO,PIPER,PA-38-112,AVION,"COLVIN DE LA VEGA, JAIME EDUARDO",PERSONA NATURAL,PIPER,PIPER PA-38-112
1258,1231,CCKSG,PRIVADO,CESSNA,152,AVION,CLUB AÉREO DE LAUTARO,CLUB AEREO,CESSNA,CESSNA 152
1259,1232,CCKSH,PRIVADO,CESSNA,172N,AVION,CLUB AÉREO DE TEMUCO,CLUB AEREO,CESSNA,CESSNA 172N
1260,1233,CCKSJ,PRIVADO,PIPER,PA-38-112,AVION,CLUB AÉREO DE SANTIAGO,CLUB AEREO,PIPER,PIPER PA-38-112
1261,1234,CCKSK,PRIVADO,CESSNA,172N,AVION,CLUB AÉREO NAVAL,CLUB AEREO,CESSNA,CESSNA 172N
1262,1235,CCKSM,PRIVADO,CESSNA,172N,AVION,CLUB AÉREO DE SANTIAGO,CLUB AEREO,CESSNA,CESSNA 172N
1263,1236,CCKSN,PRIVADO,PIPER,PA-28-181,AVION,CLUB AÉREO DE SANTIAGO,CLUB AEREO,PIPER,PIPER PA-28-181
1264,1237,CCKSO,PRIVADO,PIPER,PA-38-112,AVION,CLUB AÉREO DE SANTIAGO,CLUB AEREO,PIPER,PIPER PA-38-112
1265,1238,CCKSQ,PRIVADO,AMERICAN CHAMPION,8KCAB,AVION,CLUB AÉREO DE SANTIAGO,CLUB AEREO,AMERICAN CHAMPION,AMERICAN CHAMPION 8KCAB
1266,1239,CCKSR,PRIVADO,CESSNA,R182,AVION,CLUB AÉREO DE SANTIAGO,CLUB AEREO,CESSNA,CESSNA R182
1267,1240,CCKSS,PRIVADO,PIPER,PA-38-112,AVION,CLUB AÉREO DE SANTIAGO,CLUB AEREO,PIPER,PIPER PA-38-112
1268,1241,CCKST,PRIVADO,BEECHCRAFT CORP.,A45,AVION,CLUB AÉREO DE SANTIAGO,CLUB AEREO,BEECHCRAFT,BEECHCRAFT A45
1269,1242,CCKSX,PRIVADO,CESSNA,172N,AVION,CLUB AÉREO DE SANTIAGO,CLUB AEREO,CESSNA,CESSNA 172N
1270,1243,CCKSY,PRIVADO,PIPER,PA-38-112,AVION,"COLVIN TRESWALT, RENAN ALEJANDRO Y COLVIN IZQUIERDO, ANTONIA ALEJANDRA",PERSONA NATURAL,PIPER,PIPER PA-38-112
1271,1244,CCKSZ,PRIVADO,CESSNA,172P,AVION,CLUB AÉREO DE SANTIAGO,CLUB AEREO,CESSNA,CESSNA 172P
1272,1245,CCKTA,PRIVADO,CESSNA,150G,AVION,CLUB AÉREO DE SAN ANTONIO,CLUB AEREO,CESSNA,CESSNA 150G
1273,1246,CCKTB,PRIVADO,CESSNA,172D,AVION,"PETRINOVIC RODRIGUEZ, FRANCISCO MAURICIO",PERSONA NATURAL,CESSNA,CESSNA 172D
1274,1247,CCKTC,COMERCIAL,CESSNA,172H,AVION,AVIACION Y SERVICIOS AUSTRAL SPA,EMPRESA,CESSNA,CESSNA 172H
1275,1248,CCKUA,PRIVADO,CESSNA,172M,AVION,CLUB UNIVERSITARIO DE AVIACIÓN,CLUB AEREO,CESSNA,CESSNA 172M
1276,1249,CCKUG,PRIVADO,CESSNA,150L,AVION,CLUB UNIVERSITARIO DE AVIACIÓN,CLUB AEREO,CESSNA,CESSNA 150L
1277,1250,CCKUH,PRIVADO,CESSNA,150L,AVION,CLUB UNIVERSITARIO DE AVIACIÓN,CLUB AEREO,CESSNA,CESSNA 150L
1278,1251,CCKUP,PRIVADO,SCHEIBE,BERGFALKE II/55,PLANEADOR,CLUB UNIVERSITARIO DE AVIACIÓN,CLUB AEREO,SCHEIBE,SCHEIBE BERGFALKE II/55
1279,1252,CCKVD,PRIVADO,PIPER,PA-28-181,AVION,CLUB AÉREO DE VALPARAÍSO Y VIÑA DEL MAR,CLUB AEREO,PIPER,PIPER PA-28-181
1280,1253,CCKVE,PRIVADO,PIPER,PA-28-140,AVION,SERVICIOS AÉREOS PUERTO MONTT SPA,EMPRESA,PIPER,PIPER PA-28-140
1281,1254,CCKVH,PRIVADO,CESSNA,172F,AVION,AEROTRUST SERVICIO LIMITADA,EMPRESA,CESSNA,CESSNA 172F
1282,1255,CCKVJ,PRIVADO,PIPER,PA-28-140,AVION,SERVICIOS AÉREOS PUERTO MONTT SPA,EMPRESA,PIPER,PIPER PA-28-140
1283,1256,CCKVL,PRIVADO,PIPER,PA-28-140,AVION,"SIDERAKIS VILLALOBOS, CONSTANTINO ÁNGEL",PERSONA NATURAL,PIPER,PIPER PA-28-140
1284,1257,CCKVN,PRIVADO,PIPER,PA-28-181,AVION,CLUB AÉREO DE VALPARAÍSO Y VIÑA DEL MAR,CLUB AEREO,PIPER,PIPER PA-28-181
1285,1258,CCKVO,PRIVADO,PIPER,PA-28-181,AVION,CLUB AÉREO DE VALPARAÍSO Y VIÑA DEL MAR,CLUB AEREO,PIPER,PIPER PA-28-181
1286,1259,CCKVS,PRIVADO,PIPER,PA-18,AVION,CLUB AÉREO DE VALPARAÍSO Y VIÑA DEL MAR,CLUB AEREO,PIPER,PIPER PA-18
1287,1260,CCKWB,PRIVADO,GROB,G109B,PLANEADOR,"ERRAZURIZ BEECHE, ANDRES SEBASTIAN",PERSONA NATURAL,GROB,GROB G109B
1288,1261,CCKWC,PRIVADO,PIPER,PA-18,AVION,CLUB DE PLANEADORES DE VITACURA,CLUB AEREO,PIPER,PIPER PA-18
1289,1262,CCKWD,PRIVADO,AERO BOERO,180 RVR,AVION,CLUB DE PLANEADORES DE VITACURA,CLUB AEREO,AERO BOERO,AERO BOERO 180 RVR
1290,1263,CCKWE,PRIVADO,SCHEMPP-HIRTH,MINI-NIMBUS C,PLANEADOR,CLUB DE PLANEADORES DE VITACURA,CLUB AEREO,SCHEMPP-HIRTH,SCHEMPP-HIRTH MINI-NIMBUS C
1291,1264,CCKWF,PRIVADO,SCHEMPP-HIRTH,MINI-NIMBUS B,PLANEADOR,CLUB DE PLANEADORES DE VITACURA,CLUB AEREO,SCHEMPP-HIRTH,SCHEMPP-HIRTH MINI-NIMBUS B
1292,1265,CCKWG,PRIVADO,CESSNA,172K,AVION,CLUB DE PLANEADORES DE VITACURA,CLUB AEREO,CESSNA,CESSNA 172K
1293,1266,CCKWH,PRIVADO,LET,L-13,PLANEADOR,CLUB DE PLANEADORES DE VITACURA,CLUB AEREO,LET,LET L-13
1294,1267,CCKWI,PRIVADO,PIPER,PA-18,AVION,CLUB DE PLANEADORES DE VITACURA,CLUB AEREO,PIPER,PIPER PA-18
1295,1268,CCKWJ,PRIVADO,CESSNA,182Q,AVION,CLUB DE PLANEADORES DE VITACURA,CLUB AEREO,CESSNA,CESSNA 182Q
1296,1269,CCKWK,PRIVADO,LET,L13A,PLANEADOR,CLUB DE PLANEADORES DE VITACURA,CLUB AEREO,LET,LET L13A
1297,1270,CCKWM,PRIVADO,LET,L-23,PLANEADOR,CLUB DE PLANEADORES DE VITACURA,CLUB AEREO,LET,LET L-23
1298,1271,CCKWN,PRIVADO,LET,L13A,PLANEADOR,CLUB DE PLANEADORES DE VITACURA,CLUB AEREO,LET,LET L13A
1299,1272,CCKWO,PRIVADO,CESSNA,150J,AVION,CLUB DE PLANEADORES DE VITACURA,CLUB AEREO,CESSNA,CESSNA 150J
1300,1273,CCKWP,PRIVADO,LET,L-33 SÓLO,PLANEADOR,CLUB DE PLANEADORES DE VITACURA,CLUB AEREO,LET,LET L-33 SÓLO
1301,1274,CCKWQ,PRIVADO,PIPER,PA-18-150,AVION,CLUB DE PLANEADORES DE VITACURA,CLUB AEREO,PIPER,PIPER PA-18-150
1302,1275,CCKWR,PRIVADO,CESSNA,150K,AVION,CLUB DE PLANEADORES DE VITACURA,CLUB AEREO,CESSNA,CESSNA 150K
1303,1276,CCKWV,PRIVADO,LET,L-23,PLANEADOR,CLUB DE PLANEADORES DE VITACURA,CLUB AEREO,LET,LET L-23
1304,1277,CCKWX,PRIVADO,SCHEMPP-HIRTH,MINI-NIMBUS C,PLANEADOR,CLUB DE PLANEADORES DE VITACURA,CLUB AEREO,SCHEMPP-HIRTH,SCHEMPP-HIRTH MINI-NIMBUS C
1305,1278,CCKWY,PRIVADO,SCHEMPP-HIRTH,MINI-NIMBUS C,PLANEADOR,CLUB DE PLANEADORES DE VITACURA,CLUB AEREO,SCHEMPP-HIRTH,SCHEMPP-HIRTH MINI-NIMBUS C
1306,1279,CCKWZ,PRIVADO,BOEING AIRPLANE COMPANY,A75N1,AVION,CLUB DE PLANEADORES DE VITACURA,CLUB AEREO,BOEING AIRPLANE COMPANY,BOEING AIRPLANE COMPANY A75N1
1307,1280,CCKXB,PRIVADO,PIPER,PA-38-112,AVION,TRANSPORTES AÉREOS BYM SPA,EMPRESA,PIPER,PIPER PA-38-112
1308,1281,CCKXE,PRIVADO,PIPER,PA-28-181,AVION,CLUB AÉREO DE SANTIAGO,CLUB AEREO,PIPER,PIPER PA-28-181
1309,1282,CCKXF,PRIVADO,PIPER,PA-18,AVION,CLUB AÉREO DE SANTIAGO,CLUB AEREO,PIPER,PIPER PA-18
1310,1283,CCKXG,PRIVADO,PIPER,PA-28RT-201,AVION,CLUB AÉREO DE SANTIAGO,CLUB AEREO,PIPER,PIPER PA-28RT-201
1311,1284,CCKXH,PRIVADO,MOONEY,M20J,AVION,SOCIEDAD DE TRANSPORTES MOONEY LIMITADA,EMPRESA,MOONEY,MOONEY M20J
1312,1285,CCKXJ,PRIVADO,PIPER,PA-28-180,AVION,CLUB AÉREO DE SANTIAGO,CLUB AEREO,PIPER,PIPER PA-28-180
1313,1286,CCKXK,PRIVADO,PIPER,PA-28-181,AVION,CLUB AÉREO DE SANTIAGO,CLUB AEREO,PIPER,PIPER PA-28-181
1314,1287,CCKXL,PRIVADO,PIPER,PA-28-180,AVION,CLUB AÉREO DE SANTIAGO,CLUB AEREO,PIPER,PIPER PA-28-180
1315,1288,CCKXM,PRIVADO,MOONEY,M20J,AVION,MB RENTAS AERONÁUTICAS SPA,EMPRESA,MOONEY,MOONEY M20J
1316,1289,CCKXO,PRIVADO,PIPER,PA-28-181,AVION,CLUB AÉREO DE SANTIAGO,CLUB AEREO,PIPER,PIPER PA-28-181
1317,1290,CCKXT,PRIVADO,BEECH AIRCRAFT CORPORATION,A45,AVION,CLUB AÉREO DE SANTIAGO,CLUB AEREO,BEECHCRAFT,BEECHCRAFT A45
1318,1291,CCKXY,PRIVADO,PIPER,PA-34-200T,AVION,CLUB AÉREO DE SANTIAGO,CLUB AEREO,PIPER,PIPER PA-34-200T
1319,1292,CCKXZ,PRIVADO,PITTS,S-2S,AVION,CLUB AÉREO DE SANTIAGO,CLUB AEREO,PITTS,PITTS S-2S
1320,1293,CCKYB,PRIVADO,CESSNA,150K,AVION,CLUB AÉREO DE ILLAPEL,CLUB AEREO,CESSNA,CESSNA 150K
1321,1294,CCKZC,PRIVADO,CESSNA,175,AVION,CLUB AÉREO UNIVERSITARIO SANTA MARÍA,CLUB AEREO,CESSNA,CESSNA 175
1322,1295,CCLBA,PRIVADO,CHAMPION,7EC,AVION,CLUB AÉREO DEL PERSONAL DEL BANCO DEL ESTADO DE CHILE,CLUB AEREO,CHAMPION,CHAMPION 7EC
1323,1296,CCLBB,PRIVADO,CESSNA,172P,AVION,CLUB AÉREO DEL PERSONAL DEL BANCO DEL ESTADO DE CHILE,CLUB AEREO,CESSNA,CESSNA 172P
1324,1297,CCLBD,PRIVADO,CESSNA,182Q,AVION,CLUB AÉREO DEL PERSONAL DEL BANCO DEL ESTADO DE CHILE,CLUB AEREO,CESSNA,CESSNA 182Q
1325,1298,CCLBF,PRIVADO,CESSNA,172P,AVION,CLUB AÉREO DEL PERSONAL DEL BANCO DEL ESTADO DE CHILE,CLUB AEREO,CESSNA,CESSNA 172P
1326,1299,CCLBG,PRIVADO,CESSNA,182Q,AVION,CLUB AÉREO DEL PERSONAL DEL BANCO DEL ESTADO DE CHILE,CLUB AEREO,CESSNA,CESSNA 182Q
1327,1300,CCLBH,PRIVADO,CESSNA,172P,AVION,CLUB AÉREO DEL PERSONAL DEL BANCO DEL ESTADO DE CHILE,CLUB AEREO,CESSNA,CESSNA 172P
1328,1301,CCLBJ,PRIVADO,CESSNA,150M,AVION,CLUB AÉREO DE SAN ANTONIO,CLUB AEREO,CESSNA,CESSNA 150M
1329,1302,CCLBK,PRIVADO,PIPER,PA-32R-301,AVION,CLUB AÉREO DEL PERSONAL DEL BANCO DEL ESTADO DE CHILE,CLUB AEREO,PIPER,PIPER PA-32R-301
1330,1303,CCLBL,PRIVADO,CESSNA,172N,AVION,CLUB AÉREO DEL PERSONAL DEL BANCO DEL ESTADO DE CHILE,CLUB AEREO,CESSNA,CESSNA 172N
1331,1304,CCLBM,PRIVADO,CESSNA,U206G,AVION,CLUB AÉREO DEL PERSONAL DEL BANCO DEL ESTADO DE CHILE,CLUB AEREO,CESSNA,CESSNA U206G
1332,1305,CCLFA,PRIVADO,AERONCA,7AC,AVION,"CISNEROS LEIVA, MAURICIO ALEJANDRO",PERSONA NATURAL,AERONCA,AERONCA 7AC
1333,1306,CCLFB,PRIVADO,CESSNA,175,AVION,CLUB AÉREO DE CURACAVÍ,CLUB AEREO,CESSNA,CESSNA 175
1334,1307,CCLFC,PRIVADO,CESSNA,172N,AVION,CLUB AÉREO DE CURACAVÍ,CLUB AEREO,CESSNA,CESSNA 172N
1335,1308,CCLFE,PRIVADO,CESSNA,172,AVION,"PÉREZ PASTENE, FÉLIX OCTAVIO",PERSONA NATURAL,CESSNA,CESSNA 172
1336,1309,CCLFF,PRIVADO,CHAMPION,7AC,AVION,CLUB AÉREO DE CURACAVÍ,CLUB AEREO,CHAMPION,CHAMPION 7AC
1337,1310,CCLFI,PRIVADO,PIPER,PA-38-112,AVION,"VALDERRAMA PEZOA, MAURICIO ANDRÉS",PERSONA NATURAL,PIPER,PIPER PA-38-112
1338,1311,CCLFJ,PRIVADO,CESSNA,182,AVION,"ESCOBAR GATICA, MAURICIO ANTONIO Y PARRAGUE ECHEVARRIA, ERNESTO LUIS",PERSONA NATURAL,CESSNA,CESSNA 182
1339,1312,CCLGA,PRIVADO,CESSNA,172C,AVION,CLUB AÉREO DE AYSÉN,CLUB AEREO,CESSNA,CESSNA 172C
1340,1313,CCLGO,PRIVADO,BOEING AIRPLANE COMPANY,A75N1,AVION,CLUB DE PLANEADORES DE VALPARAÍSO,CLUB AEREO,BOEING AIRPLANE COMPANY,BOEING AIRPLANE COMPANY A75N1
1341,1314,CCLHA,PRIVADO,CESSNA,152,AVION,CLUB AÉREO NAVAL,CLUB AEREO,CESSNA,CESSNA 152
1342,1315,CCLHC,PRIVADO,CESSNA,150L,AVION,"LIZANA OVALLE, SERGIO ALEJANDRO Y GONZALEZ ARAVENA, VIVIANA DEL CARMEN",PERSONA NATURAL,CESSNA,CESSNA 150L
1343,1316,CCLHD,PRIVADO,CESSNA,172M,AVION,"MOREIRA MIRANDA, WALTER HENRRY",PERSONA NATURAL,CESSNA,CESSNA 172M
1344,1317,CCLHE,PRIVADO,PIPER,PA-18,AVION,CLUB AÉREO NAVAL,CLUB AEREO,PIPER,PIPER PA-18
1345,1318,CCLHG,PRIVADO,CESSNA,150M,AVION,CLUB AÉREO NAVAL,CLUB AEREO,CESSNA,CESSNA 150M
1346,1319,CCLHH,PRIVADO,CESSNA,172N,AVION,CLUB AÉREO NAVAL,CLUB AEREO,CESSNA,CESSNA 172N
1347,1320,CCLHI,PRIVADO,CESSNA,182,AVION,"GARCÉS QUEVEDO, MARÍA XIMENA",PERSONA NATURAL,CESSNA,CESSNA 182
1348,1320,CCLHI,PRIVADO,CESSNA,182,AVION,"LIZANA OVALLE, SERGIO ALEJANDRO",PERSONA NATURAL,CESSNA,CESSNA 182
1349,1321,CCLHM,PRIVADO,CESSNA,R172K,AVION,CLUB AÉREO NAVAL,CLUB AEREO,CESSNA,CESSNA R172K
1350,1322,CCLHN,PRIVADO,CESSNA,150F,AVION,AEROLÍNEAS AEROSUR SPA,EMPRESA,CESSNA,CESSNA 150F
1351,1323,CCLIB,PRIVADO,CESSNA,150A,AVION,CLUB AÉREO DE LONCOMILLA,CLUB AEREO,CESSNA,CESSNA 150A
1352,1324,CCLIC,PRIVADO,CESSNA,172D,AVION,CLUB AÉREO DE AYSÉN,CLUB AEREO,CESSNA,CESSNA 172D
1353,1325,CCLLC,PRIVADO,CESSNA,U206G,AVION,CLUB AÉREO DEL PERSONAL DE CARABINEROS DE CHILE,CLUB AEREO,CESSNA,CESSNA U206G
1354,1326,CCLLG,COMERCIAL,CESSNA,210N,AVION,SOCIEDAD TRANSPORTE AEROMÉDICO CRÍTICO SPA,EMPRESA,CESSNA,CESSNA 210N
1355,1327,CCLLI,PRIVADO,CESSNA,210N,AVION,CLUB AÉREO DEL PERSONAL DE CARABINEROS DE CHILE,CLUB AEREO,CESSNA,CESSNA 210N
1356,1328,CCLLJ,COMERCIAL,CESSNA,U206G,AVION,AEROLÍNEAS TRANSPORTE ARAUCANÍA LIMITADA,EMPRESA,CESSNA,CESSNA U206G
1357,1329,CCLLK,PRIVADO,CIRRUS,SR20,AVION,SOCIEDAD DE INVERSIONES HUELMO LIMITADA,EMPRESA,CIRRUS,CIRRUS SR20
1358,1330,CCLLL,PRIVADO,CIRRUS,SR20,AVION,VR AIRPLANES SPA,EMPRESA,CIRRUS,CIRRUS SR20
1359,1331,CCLLS,PRIVADO,CESSNA,T210M,AVION,AEROLÍNEAS TRANSPORTE ARAUCANÍA LIMITADA,EMPRESA,CESSNA,CESSNA T210M
1360,1332,CCLRA,PRIVADO,CESSNA,R172K,AVION,CLUB AÉREO DE INVESTIGACIONES,CLUB AEREO,CESSNA,CESSNA R172K
1361,1333,CCLRB,PRIVADO,CESSNA,R172K,AVION,CLUB AÉREO DE INVESTIGACIONES,CLUB AEREO,CESSNA,CESSNA R172K
1362,1334,CCLRC,PRIVADO,CESSNA,152,AVION,CLUB AÉREO DE INVESTIGACIONES,CLUB AEREO,CESSNA,CESSNA 152
1363,1335,CCLRD,PRIVADO,CESSNA,152,AVION,CLUB AÉREO DE INVESTIGACIONES,CLUB AEREO,CESSNA,CESSNA 152
1364,1336,CCLRE,PRIVADO,CESSNA,310R,AVION,CLUB AÉREO DE INVESTIGACIONES,CLUB AEREO,CESSNA,CESSNA 310R
1365,1337,CCLSC,PRIVADO,CESSNA,172,AVION,CLUB AÉREO DE SANTA CRUZ,CLUB AEREO,CESSNA,CESSNA 172
1366,1338,CCLTA,PRIVADO,CESSNA,172,AVION,CLUB AÉREO COMODORO ARTURO MERINO BENÍTEZ,CLUB AEREO,CESSNA,CESSNA 172
1367,1339,CCLTB,PRIVADO,CHAMPION,7EC,AVION,"HENRÍQUEZ COSTA, GONZALO Y DOTTE TORO, RUDECINDO",PERSONA NATURAL,CHAMPION,CHAMPION 7EC
1368,1340,CCLTD,PRIVADO,PIPER,PA-28-236,AVION,CLUB AÉREO COMODORO ARTURO MERINO BENÍTEZ,CLUB AEREO,PIPER,PIPER PA-28-236
1369,1341,CCLTE,PRIVADO,CESSNA,172H,AVION,CLUB AÉREO COMODORO ARTURO MERINO BENÍTEZ,CLUB AEREO,CESSNA,CESSNA 172H
1370,1342,CCLTG,PRIVADO,CESSNA,150L,AVION,CLUB AÉREO COMODORO ARTURO MERINO BENÍTEZ,CLUB AEREO,CESSNA,CESSNA 150L
1371,1343,CCLTH,PRIVADO,CESSNA,150G,AVION,CLUB AÉREO COMODORO ARTURO MERINO BENÍTEZ,CLUB AEREO,CESSNA,CESSNA 150G
1372,1344,CCLVC,PRIVADO,CESSNA,172F,AVION,CLUB AÉREO DE CURACAVÍ,CLUB AEREO,CESSNA,CESSNA 172F
1373,1345,CCLVE,PRIVADO,CESSNA,172F,AVION,"MORAGA SAAVEDRA, JORGE ANTONIO",PERSONA NATURAL,CESSNA,CESSNA 172F
1374,1346,CCLVJ,PRIVADO,CESSNA,172F,AVION,GUAJARDO Y COMPAÑIA LIMITADA,EMPRESA,CESSNA,CESSNA 172F
1375,1347,CCLWA,PRIVADO,SCHEMPP-HIRTH,JANUS-C,PLANEADOR,CLUB DE PLANEADORES DE VITACURA,CLUB AEREO,SCHEMPP-HIRTH,SCHEMPP-HIRTH JANUS-C
1376,1348,CCLWD,PRIVADO,SCHEMPP-HIRTH,VENTUS CM,PLANEADOR,CLUB DE PLANEADORES DE VITACURA,CLUB AEREO,SCHEMPP-HIRTH,SCHEMPP-HIRTH VENTUS CM
1377,1349,CCLWE,PRIVADO,SCHEMPP-HIRTH,NIMBUS-4M,PLANEADOR,"MERIZ POHL, ALBERTO LUIS EDUARDO",PERSONA NATURAL,SCHEMPP-HIRTH,SCHEMPP-HIRTH NIMBUS-4M
1378,1350,CCLYA,PRIVADO,CAS VAN S,RV-9A,AVION,CLUB AÉREO DE SANTIAGO,CLUB AEREO,CAS VAN S,CAS VAN S RV-9A
1379,1351,CCLYB,PRIVADO,CAS VAN S,RV-9A,AVION,CLUB AÉREO DE SANTIAGO,CLUB AEREO,CAS VAN S,CAS VAN S RV-9A
1380,1352,CCLYC,PRIVADO,CESSNA,206H,AVION,"VALDES ECHENIQUE, RODOLFO JUAN",PERSONA NATURAL,CESSNA,CESSNA 206H
1381,1353,CCMBA,PRIVADO,PIPER,PA-28-140,AVION,CLUB AÉREO DE CERRO SOMBRERO,CLUB AEREO,PIPER,PIPER PA-28-140
1382,1354,CCMBC,PRIVADO,PIPER,PA-32-300,AVION,CLUB AÉREO DE CERRO SOMBRERO,CLUB AEREO,PIPER,PIPER PA-32-300
1383,1355,CCMCA,PRIVADO,PIPER,PA-28-140,AVION,CLUB AÉREO DE LA LIGUA,CLUB AEREO,PIPER,PIPER PA-28-140
1384,1356,CCMCB,PRIVADO,CESSNA,150B,AVION,CLUB AÉREO DE COYHAIQUE,CLUB AEREO,CESSNA,CESSNA 150B
1385,1357,CCMQA,PRIVADO,CESSNA,172G,AVION,CLUB AÉREO DE QUELLÓN,CLUB AEREO,CESSNA,CESSNA 172G
1386,1358,CCMQC,PRIVADO,CESSNA,150B,AVION,CLUB AÉREO DE QUELLÓN,CLUB AEREO,CESSNA,CESSNA 150B
1387,1359,CCNAA,PRIVADO,PIPER,PA-28-140,AVION,CLUB AÉREO DE ANTOFAGASTA,CLUB AEREO,PIPER,PIPER PA-28-140
1388,1360,CCNAC,PRIVADO,PIPER,PA-28-180,AVION,CLUB AÉREO DE ANTOFAGASTA,CLUB AEREO,PIPER,PIPER PA-28-180
1389,1361,CCNBF,PRIVADO,CESSNA,172D,AVION,CLUB AÉREO DE ARICA,CLUB AEREO,CESSNA,CESSNA 172D
1390,1362,CCNCA,PRIVADO,BEECHCRAFT CORP.,77,AVION,GUAJARDO Y COMPAÑIA LIMITADA,EMPRESA,BEECHCRAFT,BEECHCRAFT 77
1391,1363,CCNEA,PRIVADO,PIPER,PA-32R-301T,AVION,"ARROYO LAGOS, CARLOS ALBERTO",PERSONA NATURAL,PIPER,PIPER PA-32R-301T
1392,1364,CCNEB,PRIVADO,PIPER,PA-28-180,AVION,CLUB AÉREO DE CALAMA,CLUB AEREO,PIPER,PIPER PA-28-180
1393,1365,CCNEI,PRIVADO,CESSNA,182P,AVION,"AMPUERO RUBILAR, GONZALO MARIO",PERSONA NATURAL,CESSNA,CESSNA 182P
1394,1366,CCNFA,PRIVADO,CESSNA,R172K,AVION,CLUB AÉREO DEL COBRE,CLUB AEREO,CESSNA,CESSNA R172K
1395,1367,CCNFB,PRIVADO,CESSNA,172N,AVION,CLUB AÉREO DEL COBRE,CLUB AEREO,CESSNA,CESSNA 172N
1396,1368,CCNID,PRIVADO,CESSNA,150J,AVION,CLUB AÉREO DE IQUIQUE,CLUB AEREO,CESSNA,CESSNA 150J
1397,1369,CCNIE,PRIVADO,CESSNA,150L,AVION,CLUB AÉREO DE IQUIQUE,CLUB AEREO,CESSNA,CESSNA 150L
1398,1370,CCNSP,PRIVADO,CESSNA,172,AVION,CLUB DEPORTIVO AÉREO DE SAN PEDRO DE ATACAMA,CLUB AEREO,CESSNA,CESSNA 172
1399,1371,CCNVB,PRIVADO,CESSNA,172G,AVION,CLUB AÉREO DE VALLENAR,CLUB AEREO,CESSNA,CESSNA 172G
1400,1372,CCPAA,PRIVADO,BEECHCRAFT,C35,AVION,BYS SPA,EMPRESA,BEECHCRAFT,BEECHCRAFT C35
1401,1373,CCPAB,PRIVADO,CESSNA,T303,AVION,AGRICOLA RANCHILLO SUR LIMITADA,EMPRESA,CESSNA,CESSNA T303
1402,1374,CCPAC,COMERCIAL,PILATUS BRITTEN-NORMAN,BN-2B-27,AVION,SOCIEDAD DE SERVICIOS AEREOS Y MARITIMOS ARCHIPIELAGOS LTDA.,EMPRESA,PILATUS BRITTEN-NORMAN,PILATUS BRITTEN-NORMAN BN-2B-27
1403,1375,CCPAE,PRIVADO,BEECH AIRCRAFT CORPORATION,35,AVION,"OTTONE DAUVIN, CARLOS",PERSONA NATURAL,BEECHCRAFT,BEECHCRAFT 35
1404,1376,CCPAF,PRIVADO,BEECH AIRCRAFT CORPORATION,95-B55,AVION,"CARVALHO COURA, FERNANDO DE SOUZA",PERSONA NATURAL,BEECHCRAFT,BEECHCRAFT 95-B55
1405,1377,CCPAH,PRIVADO,CESSNA,172,AVION,CLUB AÉREO ADOLFO MENADIER,CLUB AEREO,CESSNA,CESSNA 172
1406,1378,CCPAI,PRIVADO,ROBINSON,R44,HELICOPTERO,"YUNG HEISE, EDUARDO ALEJANDRO",PERSONA NATURAL,ROBINSON,ROBINSON R44
1407,1379,CCPAJ,PRIVADO,RAVEN,S-55A,GLOBO,"GACITÚA ZÚÑIGA, CAMILO HUMBERTO",PERSONA NATURAL,RAVEN,RAVEN S-55A
1408,1380,CCPAK,PRIVADO,CESSNA,182H,AVION,RG AERO SPA,EMPRESA,CESSNA,CESSNA 182H
1409,1381,CCPAL,PRIVADO,PIPER,PA-28R-180,AVION,"MOLINA DIAZ, RODRIGO; GAETE COSTABAL, JAIME, Y PARAVICINI, LUKAS",PERSONA NATURAL,PIPER,PIPER PA-28R-180
1410,1382,CCPAP,PRIVADO,CESSNA,210-5,AVION,TRANSPORTES AEREOS OLIVA SPA,EMPRESA,CESSNA,CESSNA 210-5
1411,1383,CCPAQ,PRIVADO,SOCATA,TB20,AVION,INVERSIONES RLG LIMITADA,EMPRESA,SOCATA,SOCATA TB20
1412,1384,CCPAR,PRIVADO,ERCOUPE,E,AVION,"COLVIN DE LA VEGA, JAIME EDUARDO",PERSONA NATURAL,ERCOUPE,ERCOUPE E
1413,1385,CCPAS,PRIVADO,CESSNA,T210L,AVION,"CARRASCO HURTADO, FELIPE HERNÁN",PERSONA NATURAL,CESSNA,CESSNA T210L
1414,1386,CCPAT,PRIVADO,CESSNA,172H,AVION,CLUB AÉREO DE CASTRO,CLUB AEREO,CESSNA,CESSNA 172H
1415,1387,CCPAV,PRIVADO,BEECHCRAFT CORP.,M-35,AVION,"WEINER REGORD, HANS; SANDOVAL PIÑA, DOMINGO Y VIDAL URBINA, RENE",PERSONA NATURAL,BEECHCRAFT,BEECHCRAFT M-35
1416,1388,CCPAW,PRIVADO,BEECH AIRCRAFT CORPORATION,C35,AVION,"LOPEZ BUBERT, RODRIGO",PERSONA NATURAL,BEECHCRAFT,BEECHCRAFT C35
1417,1389,CCPAX,COMERCIAL,CESSNA,T207A,AVION,SERVICIOS AERONÁUTICOS AUSTRAL FJORDS SPA,EMPRESA,CESSNA,CESSNA T207A
1418,1390,CCPAY,PRIVADO,PIPER,PA-24,AVION,CLUB DEPORTIVO AÉREO CÓNDORES DE CHILE,CLUB AEREO,PIPER,PIPER PA-24
1419,1391,CCPAZ,PRIVADO,BEECH AIRCRAFT CORPORATION,F33A,AVION,DIEGO D Y H 91 SPA,EMPRESA,BEECHCRAFT,BEECHCRAFT F33A
1420,1392,CCPBB,PRIVADO,BEECHCRAFT CORP.,M-35,AVION,QUIROGA MAQUINARIAS LIMITADA,EMPRESA,BEECHCRAFT,BEECHCRAFT M-35
1421,1393,CCPBC,PRIVADO,EP-CZAW,SPORT CRUISER,AVION,"PONCE LEROU, LUIS EUGENIO",PERSONA NATURAL,EP-CZAW,EP-CZAW SPORT CRUISER
1422,1394,CCPBE,PRIVADO,CESSNA,150A,AVION,"LACOSTE RIQUELME, RODRIGO ALEXIS",PERSONA NATURAL,CESSNA,CESSNA 150A
1423,1395,CCPBG,PRIVADO,CESSNA,150L,AVION,CLUB AÉREO DE PANGUIPULLI,CLUB AEREO,CESSNA,CESSNA 150L
1424,1396,CCPBI,PRIVADO,BEECH AIRCRAFT CORPORATION,F33A,AVION,"RODRÍGUEZ RAMÍREZ, JUAN CARLOS",PERSONA NATURAL,BEECHCRAFT,BEECHCRAFT F33A
1425,1396,CCPBI,PRIVADO,BEECH AIRCRAFT CORPORATION,F33A,AVION,"RODRÍGUEZ RAMÍREZ, SERGIO RAÚL",PERSONA NATURAL,BEECHCRAFT,BEECHCRAFT F33A
1426,1397,CCPBK,PRIVADO,CESSNA,150A,AVION,SOCIEDAD BRIONES HUNTER RODRÍGUEZ LIMITADA,EMPRESA,CESSNA,CESSNA 150A
1427,1398,CCPBL,PRIVADO,BEECH AIRCRAFT CORPORATION,F33A,AVION,"NEF URZUA, GASTON ALBERTO",PERSONA NATURAL,BEECHCRAFT,BEECHCRAFT F33A
1428,1399,CCPBN,PRIVADO,MOONEY,M20A,AVION,"MACKAY WEBB, NATALIE LILIAN",PERSONA NATURAL,MOONEY,MOONEY M20A
1429,1400,CCPBO,PRIVADO,BEECHCRAFT CORP.,F33A,AVION,"ISRAEL ARDITI, EDUARDO JOSE E HIDALGO GARRIDO, PABLO CRISTIAN",PERSONA NATURAL,BEECHCRAFT,BEECHCRAFT F33A
1430,1401,CCPBP,PRIVADO,BEECH AIRCRAFT CORPORATION,A36,AVION,"LUTEIJN, ADRIAAN IZAAK",PERSONA NATURAL,BEECHCRAFT,BEECHCRAFT A36
1431,1402,CCPBQ,PRIVADO,PIPER,PA-32RT-300,AVION,SERVICIOS AEREOS RBK LIMITADA,EMPRESA,PIPER,PIPER PA-32RT-300
1432,1403,CCPBR,PRIVADO,CESSNA,U206G,AVION,SOCIEDAD CONSTRUCTORA E INMOBILIARIA ANTAR S.A.,EMPRESA,CESSNA,CESSNA U206G
1433,1404,CCPBS,PRIVADO,CESSNA,182R,AVION,"ORTEGA ARCAUZ, JOSE PATRICIO RUFINO",PERSONA NATURAL,CESSNA,CESSNA 182R
1434,1405,CCPBT,PRIVADO,PIPER,PA-31T1,AVION,TRANSPORTES NAPOLI SPA,EMPRESA,PIPER,PIPER PA-31T1
1435,1406,CCPBU,COMERCIAL,CESSNA,172F,AVION,AEROVIMATH SPA,EMPRESA,CESSNA,CESSNA 172F
1436,1407,CCPBV,PRIVADO,PIPER,PA-20-135,AVION,"CASALE BOZZOLO, HUGO",PERSONA NATURAL,PIPER,PIPER PA-20-135
1437,1408,CCPCA,PRIVADO,BEECHCRAFT CORP.,A36,AVION,"CARMONA GÓMEZ, ROLANDO ALBERTO",PERSONA NATURAL,BEECHCRAFT,BEECHCRAFT A36
1438,1409,CCPCC,PRIVADO,CESSNA,T303,AVION,"INOSTROZA VALDIVIESO, CATHERINE VIANNEY DE JESÚS",PERSONA NATURAL,CESSNA,CESSNA T303
1439,1410,CCPCD,PRIVADO,GARLICK,UH-1B,HELICOPTERO,CONSULTORES ESTRATEGICOS Y COMUNICACIONALES LIMITADA,EMPRESA,GARLICK,GARLICK UH-1B
1440,1411,CCPCE,PRIVADO,CESSNA,T303,AVION,INVERSIONES BANDURRIA LIMITADA,EMPRESA,CESSNA,CESSNA T303
1441,1412,CCPCF,PRIVADO,BELL,407,HELICOPTERO,SOCIEDAD CONSTRUCTORA RUKAN LIMITADA,EMPRESA,BELL,BELL 407
1442,1413,CCPCG,PRIVADO,CESSNA,T210M,AVION,"PAREDES MITTERMAYR, JAIME CRISTIAN",PERSONA NATURAL,CESSNA,CESSNA T210M
1443,1414,CCPCH,PRIVADO,CESSNA,T206H,AVION,SERVICIOS AEREOS ALSASUA LIMITADA,EMPRESA,CESSNA,CESSNA T206H
1444,1415,CCPCJ,PRIVADO,BEECHCRAFT CORP.,D35,AVION,"PICASSO GUTIÉRREZ, EDUARDO ANDRÉS",PERSONA NATURAL,BEECHCRAFT,BEECHCRAFT D35
1445,1416,CCPCK,PRIVADO,PIPER,PA-28-236,AVION,CLUB AÉREO DE CURACAVÍ,CLUB AEREO,PIPER,PIPER PA-28-236
1446,1417,CCPCL,PRIVADO,FLIGHT DESIGN GMBH,CTSW 2006,AVION,"JIMÉNEZ RETAMAL, MARCELO IVÁN",PERSONA NATURAL,FLIGHT DESIGN GMBH,FLIGHT DESIGN GMBH CTSW 2006
1447,1418,CCPCM,PRIVADO,ROBINSON,R44,HELICOPTERO,"GONZALEZ ZULCH, CRISTOBAL ANDRES",PERSONA NATURAL,ROBINSON,ROBINSON R44
1448,1419,CCPCN,PRIVADO,BEECH AIRCRAFT CORPORATION,P35,AVION,"LARRAIN LARRAIN, JOSE MIGUEL",PERSONA NATURAL,BEECHCRAFT,BEECHCRAFT P35
1449,1420,CCPCO,PRIVADO,PIPER,PA-28-140,AVION,"GESCHE WALKER, HANS LUIS",PERSONA NATURAL,PIPER,PIPER PA-28-140
1450,1421,CCPCP,PRIVADO,CESSNA,182J,AVION,"LASTRA  MAUREIRA, MARCELO ENRIQUE",PERSONA NATURAL,CESSNA,CESSNA 182J
1451,1421,CCPCP,PRIVADO,CESSNA,182J,AVION,SUCESIÓN DE DON JUAN CARLOS PAUL RETAMAL,OTRO,CESSNA,CESSNA 182J
1452,1422,CCPCR,PRIVADO,PIPER,PA-28-180,AVION,"COOPMAN MORENO, EDUARDO ENRIQUE",PERSONA NATURAL,PIPER,PIPER PA-28-180
1453,1423,CCPCS,PRIVADO,ROBINSON,R44 II,HELICOPTERO,MACAHUE SPA,EMPRESA,ROBINSON,ROBINSON R44 II
1454,1424,CCPCT,PRIVADO,BEECH AIRCRAFT CORPORATION,A35,AVION,"SCHURMANN SEPULVEDA, JUAN PABLO",PERSONA NATURAL,BEECHCRAFT,BEECHCRAFT A35
1455,1425,CCPCU,PRIVADO,CESSNA,140,AVION,"REYES PIRAINO, OLEGARIO EDUARDO",PERSONA NATURAL,CESSNA,CESSNA 140
1456,1426,CCPCW,PRIVADO,CESSNA,T303,AVION,FLYSIG SPA,EMPRESA,CESSNA,CESSNA T303
1457,1427,CCPCX,PRIVADO,CESSNA,T337H,AVION,SOCIEDAD COMERCIAL AGROSUR LIMITADA,EMPRESA,CESSNA,CESSNA T337H
1458,1428,CCPCZ,PRIVADO,PIPER,PA-28-140,AVION,"ARELLANO DIAZ, RICARDO HUMBERTO",PERSONA NATURAL,PIPER,PIPER PA-28-140
1459,1429,CCPDA,PRIVADO,BALLOON WORKS,FIREFLY 7,GLOBO,"VALENZUELA VERGARA, GABRIEL SEGUNDO",PERSONA NATURAL,BALLOON WORKS,BALLOON WORKS FIREFLY 7
1460,1430,CCPDB,PRIVADO,CESSNA,182L,AVION,MINERA TRUCCO LIMITADA,EMPRESA,CESSNA,CESSNA 182L
1461,1431,CCPDC,PRIVADO,PIPER,PA-28-235,AVION,"WAUGH CORREA, ENRIQUE EDUARDO Y PARRAGUEZ GAMBOA, GUSTAVO ADOLFO",PERSONA NATURAL,PIPER,PIPER PA-28-235
1462,1432,CCPDD,PRIVADO,PIPER,PA-18,AVION,CLUB AÉREO DE TEMUCO,CLUB AEREO,PIPER,PIPER PA-18
1463,1433,CCPDE,PRIVADO,MORANE-SAULNIER,MS885,AVION,"OETJEN MARTINEZ, GEORG PAUL",PERSONA NATURAL,MORANE-SAULNIER,MORANE-SAULNIER MS885
1464,1434,CCPDG,PRIVADO,PIPER,PA-28-140,AVION,"PFINGSTEN IRIBARNE, ADOLFO WERNER",PERSONA NATURAL,PIPER,PIPER PA-28-140
1465,1435,CCPDH,PRIVADO,PIPER,J3C-65,AVION,"PRADO BUZETA, MARIO JAIME Y PRADO ARAVENA, ABRAHAM RODRIGO",PERSONA NATURAL,PIPER,PIPER J3C-65
1466,1436,CCPDI,PRIVADO,PIPER,PA-12,AVION,"BUNSTER BENAVENTE, JORGE ANDRÉS",PERSONA NATURAL,PIPER,PIPER PA-12
1467,1437,CCPDJ,PRIVADO,CESSNA,T210K,AVION,INVERSIONES AMATISTA AIR LIMITADA,EMPRESA,CESSNA,CESSNA T210K
1468,1438,CCPDM,PRIVADO,PIPER,PA-28-180,AVION,CLUB AÉREO DE RANCAGUA,CLUB AEREO,PIPER,PIPER PA-28-180
1469,1439,CCPDN,PRIVADO,PIPER,PA-18,AVION,"KOENIG PIFFAUT, CHRISTOPHER IAN",PERSONA NATURAL,PIPER,PIPER PA-18
1470,1440,CCPDO,PRIVADO,BEECH AIRCRAFT CORPORATION,V35B,AVION,"KONSENS SEELMANN, ROBERTO PAUL",PERSONA NATURAL,BEECHCRAFT,BEECHCRAFT V35B
1471,1441,CCPDQ,PRIVADO,CESSNA,180,AVION,"GUEVARA MORENO, CESAR PATRICIO Y DE LA FUENTE MORALES, JOSE RODRIGO",PERSONA NATURAL,CESSNA,CESSNA 180
1472,1442,CCPDR,PRIVADO,CESSNA,182Q,AVION,CLUB AÉREO DE SAN FERNANDO,CLUB AEREO,CESSNA,CESSNA 182Q
1473,1443,CCPDS,PRIVADO,PIPER,PA-24-250,AVION,AGENCIA DE ADUANAS HERNAN FELIPE SANTIBAÑEZ BARBOSA Y CIA. LTDA.,EMPRESA,PIPER,PIPER PA-24-250
1474,1444,CCPDU,PRIVADO,CESSNA,182,AVION,"DURAN ESPEJO, ALEX ROMAN",PERSONA NATURAL,CESSNA,CESSNA 182
1475,1445,CCPDV,PRIVADO,PIPER,PA-32RT-300,AVION,"SCHARFSTEIN LEVY, ADRIÁN",PERSONA NATURAL,PIPER,PIPER PA-32RT-300
1476,1445,CCPDV,PRIVADO,PIPER,PA-32RT-300,AVION,"SCHARFSTEIN LEVY, ARIEL",PERSONA NATURAL,PIPER,PIPER PA-32RT-300
1477,1445,CCPDV,PRIVADO,PIPER,PA-32RT-300,AVION,"SCHARFSTEIN LEVY, JOCELYN",PERSONA NATURAL,PIPER,PIPER PA-32RT-300
1478,1446,CCPDW,PRIVADO,BEECH AIRCRAFT CORPORATION,35B33,AVION,AÉREO BE TREINTA Y TRES SPA,EMPRESA,BEECHCRAFT,BEECHCRAFT 35B33
1479,1447,CCPDX,PRIVADO,CESSNA,T210N,AVION,"MAGALLÓN QUEMADA, ÁLVARO JAVIER",PERSONA NATURAL,CESSNA,CESSNA T210N
1480,1448,CCPDY,PRIVADO,PIPER,PA-28-201T,AVION,"VILLAGRA CUEVAS, VÍCTOR MANUEL",PERSONA NATURAL,PIPER,PIPER PA-28-201T
1481,1449,CCPDZ,PRIVADO,BEECH AIRCRAFT CORPORATION,95-B55,AVION,TRANSPORTES AÉREOS SAN RAFAEL LIMITADA,EMPRESA,BEECHCRAFT,BEECHCRAFT 95-B55
1482,1450,CCPEA,PRIVADO,CESSNA,172K,AVION,"ESPINOZA GONZÁLEZ, ALEJANDRO EUCLIDES",PERSONA NATURAL,CESSNA,CESSNA 172K
1483,1451,CCPEC,PRIVADO,PIPER,PA-31-325,AVION,"VILLAGRA CUEVAS, VÍCTOR MANUEL",PERSONA NATURAL,PIPER,PIPER PA-31-325
1484,1452,CCPED,PRIVADO,PIPER,PA-28-180,AVION,"FERNÁNDEZ LUCERO, MIGUEL ÁNGEL",PERSONA NATURAL,PIPER,PIPER PA-28-180
1485,1453,CCPEE,PRIVADO,STODDARD-MADGE,GLASAIR RG SUPER II S,AVION,"MADGE DICK, SUSAN",PERSONA NATURAL,STODDARD-MADGE,STODDARD-MADGE GLASAIR RG SUPER II S
1486,1453,CCPEE,PRIVADO,STODDARD-MADGE,GLASAIR RG SUPER II S,AVION,"MADGE DICK, JULIE",PERSONA NATURAL,STODDARD-MADGE,STODDARD-MADGE GLASAIR RG SUPER II S
1487,1454,CCPEI,PRIVADO,BELL,47G-3B-1,HELICOPTERO,"WOOD RIED, CRISTIAN GONZALO",PERSONA NATURAL,BELL,BELL 47G-3B-1
1488,1455,CCPEJ,PRIVADO,CESSNA,R182,AVION,"ERRAZURIZ ORREGO, DIEGO JOSE",PERSONA NATURAL,CESSNA,CESSNA R182
1489,1456,CCPEK,PRIVADO,CESSNA,210N,AVION,"MAGALLÓN QUEMADA, GONZALO TOMÁS",PERSONA NATURAL,CESSNA,CESSNA 210N
1490,1457,CCPEL,PRIVADO,JABIRU,UL,AVION,"VIDAL HAMILTON-TOOVEY, PABLO FERNANDO",PERSONA NATURAL,JABIRU,JABIRU UL
1491,1458,CCPEM,PRIVADO,LOCKHEED AIRCRAFT,LASA 60,AVION,"MENDOZA GODOY, CARLOS ALBERTO",PERSONA NATURAL,LOCKHEED AIRCRAFT,LOCKHEED AIRCRAFT LASA 60
1492,1459,CCPEN,PRIVADO,BEECH AIRCRAFT CORPORATION,A36,AVION,RENTAL PLANE SPA,EMPRESA,BEECHCRAFT,BEECHCRAFT A36
1493,1460,CCPEP,PRIVADO,PIPER,PA-28-140,AVION,"MESTRE BRAVO, ALONSO",PERSONA NATURAL,PIPER,PIPER PA-28-140
1494,1461,CCPEQ,PRIVADO,PIPER,PA-32-300,AVION,MODITAL LIMITADA,EMPRESA,PIPER,PIPER PA-32-300
1495,1462,CCPER,PRIVADO,CESSNA,T210M,AVION,"URRUTIA ESPINOZA, JUAN MANUEL",PERSONA NATURAL,CESSNA,CESSNA T210M
1496,1463,CCPES,PRIVADO,CESSNA,T210N,AVION,TRANSPORTES TRANSMARYUN SPA,EMPRESA,CESSNA,CESSNA T210N
1497,1464,CCPET,PRIVADO,CESSNA,337B,AVION,CLUB AÉREO NAVAL,CLUB AEREO,CESSNA,CESSNA 337B
1498,1465,CCPEU,PRIVADO,PIPER,PA-32R-301T,AVION,"SCHNEIDER BUHLMANN, VICTOR BRUNO",PERSONA NATURAL,PIPER,PIPER PA-32R-301T
1499,1466,CCPEW,PRIVADO,CESSNA,140A,AVION,"MARENTIS PINOCHET, CRISTÓBAL ILIA",PERSONA NATURAL,CESSNA,CESSNA 140A
1500,1467,CCPEX,COMERCIAL,MESSERSCHMITT-BOLKOW-BLOHM,BO-105CB,HELICOPTERO,AEROVIAS DAP S. A.,OTRO,MESSERSCHMITT-BOLKOW-BLOHM,MESSERSCHMITT-BOLKOW-BLOHM BO-105CB
1501,1468,CCPEY,PRIVADO,CESSNA,182K,AVION,"HERRERA LABARCA, MARIA DEL PILAR",PERSONA NATURAL,CESSNA,CESSNA 182K
1502,1469,CCPFB,PRIVADO,CESSNA,182L,AVION,"OLIGER ANGELIER, JACQUES",PERSONA NATURAL,CESSNA,CESSNA 182L
1503,1470,CCPFC,COMERCIAL,PIPER,PA-32-300,AVION,"PAUL RETAMAL, JUAN CARLOS",PERSONA NATURAL,PIPER,PIPER PA-32-300
1504,1471,CCPFD,COMERCIAL,PIPER,PA-31T1,AVION,AEROLÍNEAS TRANSPORTE ARAUCANÍA LIMITADA,EMPRESA,PIPER,PIPER PA-31T1
1505,1472,CCPFE,PRIVADO,CESSNA,180,AVION,TRANSPORTES GENERALES SPA,EMPRESA,CESSNA,CESSNA 180
1506,1473,CCPFF,PRIVADO,CESSNA,U206G,AVION,SERVICIOS AÉREOS PUERTO MONTT SPA,EMPRESA,CESSNA,CESSNA U206G
1507,1474,CCPFG,PRIVADO,PIPER,PA-32-260,AVION,"ARRENDADORA DE EQUIPOS, MAQUINARIA Y VEHICULOS RENTCO LTDA.",EMPRESA,PIPER,PIPER PA-32-260
1508,1475,CCPFH,PRIVADO,CESSNA,172H,AVION,"SCHMIDT MC LACHLAN, CAROLINA ANDREA",PERSONA NATURAL,CESSNA,CESSNA 172H
1509,1476,CCPFI,PRIVADO,ROBINSON,R44,HELICOPTERO,"EPPLE DAVANZO, JOHANNES",PERSONA NATURAL,ROBINSON,ROBINSON R44
1510,1477,CCPFJ,PRIVADO,BEECH AIRCRAFT CORPORATION,C35,AVION,"PRADO ARAVENA, ABRAHAM RODRIGO",PERSONA NATURAL,BEECHCRAFT,BEECHCRAFT C35
1511,1478,CCPFN,PRIVADO,STINSON,108-3,AVION,"GRATEROL AREVALO, ALONSO JAVIER",PERSONA NATURAL,STINSON,STINSON 108-3
1512,1479,CCPFO,PRIVADO,PIPER,PA-18-135,AVION,"STAMM MARCHETTI, GONZALO EUGENIO",PERSONA NATURAL,PIPER,PIPER PA-18-135
1513,1480,CCPFP,PRIVADO,PIPER,PA-22-108,AVION,AEROTRUST SERVICIO LIMITADA,EMPRESA,PIPER,PIPER PA-22-108
1514,1481,CCPFQ,PRIVADO,CESSNA,172,AVION,"GAETE TORRES, PEDRO DANIEL",PERSONA NATURAL,CESSNA,CESSNA 172
1515,1482,CCPFR,PRIVADO,AERONCA,7AC,AVION,"LYON LYON, JUAN ROBERTO",PERSONA NATURAL,AERONCA,AERONCA 7AC
1516,1483,CCPFS,PRIVADO,CESSNA,182R,AVION,"GONZALEZ CASTRO, FRANCISCO DIONISIO",PERSONA NATURAL,CESSNA,CESSNA 182R
1517,1484,CCPFT,PRIVADO,BEECHCRAFT CORP.,P35,AVION,"AMEZAGA CUEVAS, RODRIGO",PERSONA NATURAL,BEECHCRAFT,BEECHCRAFT P35
1518,1485,CCPFV,PRIVADO,CESSNA,172K,AVION,CLUB AÉREO DE VILLARRICA,CLUB AEREO,CESSNA,CESSNA 172K
1519,1486,CCPFW,PRIVADO,LIRA RAF,2000 GTX-SE,GIROPL,"LIRA MATTE, FERNANDO",PERSONA NATURAL,LIRA RAF,LIRA RAF 2000 GTX-SE
1520,1487,CCPFX,PRIVADO,SPORTAVIA-PUTZER,FOURNIER RF-5,PLANEADOR,CLUB DE PLANEADORES DE VALPARAÍSO,CLUB AEREO,SPORTAVIA-PUTZER,SPORTAVIA-PUTZER FOURNIER RF-5
1521,1487,CCPFX,PRIVADO,SPORTAVIA-PUTZER,FOURNIER RF-5,PLANEADOR,CLUB DE PLANEADORES DE VALPARAÍSO,CLUB AEREO,SPORTAVIA-PUTZER,SPORTAVIA-PUTZER FOURNIER RF-5
1522,1488,CCPFY,PRIVADO,ROCKWELL COMMANDER,114,AVION,INVERSIONES EL TRÁNSITO LIMITADA,EMPRESA,ROCKWELL COMMANDER,ROCKWELL COMMANDER 114
1523,1488,CCPFY,PRIVADO,ROCKWELL COMMANDER,114,AVION,"SHEJADE ABUSLEME, HÉCTOR MARCELO",PERSONA NATURAL,ROCKWELL COMMANDER,ROCKWELL COMMANDER 114
1524,1489,CCPFZ,PRIVADO,CESSNA,337G,AVION,COMPAÑIA PESQUERA CAMANCHACA S.A.,EMPRESA,CESSNA,CESSNA 337G
1525,1490,CCPGA,PRIVADO,BEECH AIRCRAFT CORPORATION,M35,AVION,"LAZO PFINGSTHORN, FERNANDO ALEJANDRO",PERSONA NATURAL,BEECHCRAFT,BEECHCRAFT M35
1526,1491,CCPGC,PRIVADO,CESSNA,140,AVION,"CARVALHO COURA, FERNANDO DE SOUZA",PERSONA NATURAL,CESSNA,CESSNA 140
1527,1491,CCPGC,PRIVADO,CESSNA,140,AVION,"SMITH LEY, ALEJANDRO RICARDO",PERSONA NATURAL,CESSNA,CESSNA 140
1528,1492,CCPGD,PRIVADO,BEECH AIRCRAFT CORPORATION,N35,AVION,"ARIZTIA IRARRAZABAL, GERARDO",PERSONA NATURAL,BEECHCRAFT,BEECHCRAFT N35
1529,1493,CCPGF,PRIVADO,PIPER,PA-22-150,AVION,"SCHILLING FERRARI, IVAN ANDRES",PERSONA NATURAL,PIPER,PIPER PA-22-150
1530,1494,CCPGG,PRIVADO,ROBINSON,R44 II,HELICOPTERO,SERVICIOS HELITRIP LIMITADA,EMPRESA,ROBINSON,ROBINSON R44 II
1531,1495,CCPGH,PRIVADO,CESSNA,150G,AVION,ITALO-ORION  SPA,EMPRESA,CESSNA,CESSNA 150G
1532,1496,CCPGI,PRIVADO,PIPER,PA-16,AVION,"GAEDICKE GOECKE,  ARTURO",PERSONA NATURAL,PIPER,PIPER PA-16
1533,1497,CCPGK,PRIVADO,PIPER,PA-18,AVION,AEROTRUST SERVICIO LIMITADA,EMPRESA,PIPER,PIPER PA-18
1534,1498,CCPGL,PRIVADO,CESSNA,182P,AVION,CLUB AÉREO DE ANGOL,CLUB AEREO,CESSNA,CESSNA 182P
1535,1499,CCPGM,PRIVADO,CESSNA,172RG,AVION,"ARANCIBIA KREBS, JUAN PABLO",PERSONA NATURAL,CESSNA,CESSNA 172RG
1536,1500,CCPGN,PRIVADO,BEECH AIRCRAFT CORPORATION,95-B55,AVION,"ROCCA RIGHTON, CARLOS ALFREDO",PERSONA NATURAL,BEECHCRAFT,BEECHCRAFT 95-B55
1537,1501,CCPGP,PRIVADO,CESSNA,175,AVION,CLUB AÉREO DE CURACAVÍ,CLUB AEREO,CESSNA,CESSNA 175
1538,1502,CCPGQ,PRIVADO,PIPER,PA-28-180,AVION,CLUB AÉREO DE SAN ANTONIO,CLUB AEREO,PIPER,PIPER PA-28-180
1539,1503,CCPGR,PRIVADO,CESSNA,180A,AVION,CLUB AÉREO DE OSORNO,CLUB AEREO,CESSNA,CESSNA 180A
1540,1504,CCPGS,PRIVADO,PIPER,PA-28RT-201T,AVION,CLUB AÉREO HUACHIPATO,CLUB AEREO,PIPER,PIPER PA-28RT-201T
1541,1505,CCPGU,PRIVADO,CESSNA,150F,AVION,CLUB AÉREO DE LOS ÁNGELES,CLUB AEREO,CESSNA,CESSNA 150F
1542,1506,CCPGV,PRIVADO,PIPER,PA-28-235,AVION,CLUB AEREO NAUTICO ISLA MOCHA,CLUB AEREO,PIPER,PIPER PA-28-235
1543,1507,CCPGW,PRIVADO,PIPER,PA-32-300,AVION,"MISLEJ ANANIA, JORGE FERNANDO",PERSONA NATURAL,PIPER,PIPER PA-32-300
1544,1508,CCPHA,PRIVADO,LAKE,LA-4-200,AVION,"WALE ROSALES, EDWARD HENRY",PERSONA NATURAL,LAKE,LAKE LA-4-200
1545,1509,CCPHC,PRIVADO,CESSNA,175,AVION,"HAMAME VELARDE, MIRKO ANDRÉS MAURICIO",PERSONA NATURAL,CESSNA,CESSNA 175
1546,1509,CCPHC,PRIVADO,CESSNA,175,AVION,"POMÉS LATHROP, CRISTÓBAL",PERSONA NATURAL,CESSNA,CESSNA 175
1547,1509,CCPHC,PRIVADO,CESSNA,175,AVION,"REID TAGLE, JUAN SEBASTIÁN",PERSONA NATURAL,CESSNA,CESSNA 175
1548,1509,CCPHC,PRIVADO,CESSNA,175,AVION,"ROGERS BISAÑEZ, HAROLD ALBERTO",PERSONA NATURAL,CESSNA,CESSNA 175
1549,1510,CCPHE,PRIVADO,CESSNA,R172K,AVION,CLUB AÉREO DE LA UNIÓN,CLUB AEREO,CESSNA,CESSNA R172K
1550,1511,CCPHF,PRIVADO,PIPER,PA-32-260,AVION,"STENGEL USLAR, MARK ROBERT",PERSONA NATURAL,PIPER,PIPER PA-32-260
1551,1512,CCPHG,PRIVADO,CESSNA,310R,AVION,INGENIERIA Y MAQUINARIA TAMBO LIMITADA,EMPRESA,CESSNA,CESSNA 310R
1552,1513,CCPHH,PRIVADO,TEMCO,GC-1B,AVION,"COLVIN DE LA VEGA, JAIME EDUARDO",PERSONA NATURAL,TEMCO,TEMCO GC-1B
1553,1514,CCPHJ,PRIVADO,CESSNA,U206G,AVION,SATNAM SOCIEDAD DE INVERSIONES LIMITADA,EMPRESA,CESSNA,CESSNA U206G
1554,1515,CCPHK,PRIVADO,CESSNA,182Q,AVION,AGRÍCOLA ENTRE RÍOS SPA,EMPRESA,CESSNA,CESSNA 182Q
1555,1516,CCPHL,PRIVADO,AVIAT,A-1,AVION,"FELDMAN BUDNIK, KARIN NATALY",PERSONA NATURAL,AVIAT,AVIAT A-1
1556,1517,CCPHM,COMERCIAL,PIPER,PA-31T1,AVION,SOCIEDAD TRANSPORTE AEROMÉDICO CRÍTICO SPA,EMPRESA,PIPER,PIPER PA-31T1
1557,1518,CCPHN,PRIVADO,CESSNA,180J,AVION,CLUB AÉREO DE TEMUCO,CLUB AEREO,CESSNA,CESSNA 180J
1558,1519,CCPHO,PRIVADO,SONEX-FAW,SONEX,AVION,"ACEVEDO WETZIG, HÉCTOR FERNANDO ANTONIO",PERSONA NATURAL,SONEX-FAW,SONEX-FAW SONEX
1559,1520,CCPHQ,COMERCIAL,ROBINSON,R22 BETA,HELICOPTERO,SERVICIOS AEREOS CONDOR SPA,EMPRESA,ROBINSON,ROBINSON R22 BETA
1560,1521,CCPHR,PRIVADO,CESSNA,U206G,AVION,INMOBILIARIA JARIALKA S.A.,EMPRESA,CESSNA,CESSNA U206G
1561,1522,CCPHS,PRIVADO,WENKE ZENITH,ZODIAC CH 601 HDS,AVION,AERONAUTICA ALBATROS LIMITADA,EMPRESA,WENKE ZENITH,WENKE ZENITH ZODIAC CH 601 HDS
1562,1523,CCPHU,PRIVADO,PIPER,PA-18-150,AVION,"MATTE IZQUIERDO, FRANCISCO",PERSONA NATURAL,PIPER,PIPER PA-18-150
1563,1524,CCPHV,PRIVADO,CESSNA,R182,AVION,"CAMPOS SANTA MARIA, ABEL MATIAS",PERSONA NATURAL,CESSNA,CESSNA R182
1564,1525,CCPHX,PRIVADO,CESSNA,182P,AVION,CARLOS EUGENIO FUCHS ERLBECK,OTRO,CESSNA,CESSNA 182P
1565,1525,CCPHX,PRIVADO,CESSNA,182P,AVION,"ECHEVERRIA GARCES, JORGE SEBASTIAN",PERSONA NATURAL,CESSNA,CESSNA 182P
1566,1525,CCPHX,PRIVADO,CESSNA,182P,AVION,MARCELO ANDRES CACERES ROJAS,OTRO,CESSNA,CESSNA 182P
1567,1525,CCPHX,PRIVADO,CESSNA,182P,AVION,RODRIGO MIGUEL LAVANDEROS ROJO,OTRO,CESSNA,CESSNA 182P
1568,1526,CCPHY,PRIVADO,ROBINSON,R44 II,HELICOPTERO,INVERSIONES COMACO SPA,EMPRESA,ROBINSON,ROBINSON R44 II
1569,1527,CCPHZ,PRIVADO,CESSNA,172N,AVION,CLUB AÉREO DE CHILLÁN,CLUB AEREO,CESSNA,CESSNA 172N
1570,1528,CCPIA,PRIVADO,CESSNA,210M,AVION,"CARDOEN DÉLANO, DIEGO",PERSONA NATURAL,CESSNA,CESSNA 210M
1571,1528,CCPIA,PRIVADO,CESSNA,210M,AVION,CONTRERAS INVERSIONES SPA,EMPRESA,CESSNA,CESSNA 210M
1572,1529,CCPIB,COMERCIAL,PIPER,PA-31,AVION,SERVICIOS AÉREOS PUERTO MONTT SPA,EMPRESA,PIPER,PIPER PA-31
1573,1530,CCPIC,PRIVADO,CESSNA,T303,AVION,"BAUMGARTEN VON RATHLEF, HARALD",PERSONA NATURAL,CESSNA,CESSNA T303
1574,1531,CCPID,PRIVADO,PIPER,PA-34-200T,AVION,AEROLOGIC SPA,EMPRESA,PIPER,PIPER PA-34-200T
1575,1531,CCPID,PRIVADO,PIPER,PA-34-200T,AVION,RG AERO SPA,EMPRESA,PIPER,PIPER PA-34-200T
1576,1532,CCPIE,PRIVADO,PIPER,PA-18-150,AVION,"SOTOMAYOR SALGADO, JULIO ALFONSO",PERSONA NATURAL,PIPER,PIPER PA-18-150
1577,1533,CCPIF,PRIVADO,CESSNA,R172K,AVION,BOLOCCO ITURBE WALDO ANTONIO,OTRO,CESSNA,CESSNA R172K
1578,1534,CCPIG,PRIVADO,CESSNA,R182,AVION,"KAISER WAGNER, JUAN CRISTIAN",PERSONA NATURAL,CESSNA,CESSNA R182
1579,1535,CCPIH,PRIVADO,PIPER,PA-34-220T,AVION,"MEYER GOLLE, HARRY  Y   BARBARACH BRONFMAN, PATRICIA",PERSONA NATURAL,PIPER,PIPER PA-34-220T
1580,1536,CCPII,PRIVADO,ROBINSON,R44 II,HELICOPTERO,"ARROYO LAGOS, CARLOS Y RAZETO MIGLIARO, PEDRO",PERSONA NATURAL,ROBINSON,ROBINSON R44 II
1581,1537,CCPIJ,PRIVADO,PIPER,PA-28-180,AVION,"LOBOS ANDRADE, CLAUDIO OMAR",PERSONA NATURAL,PIPER,PIPER PA-28-180
1582,1538,CCPIL,PRIVADO,PIPER,PA-34-200T,AVION,INVERTRUST LIMITADA.,EMPRESA,PIPER,PIPER PA-34-200T
1583,1539,CCPIM,PRIVADO,PIPER,PA-32RT-300,AVION,"VALDES ECHEÑIQUE, JOSE FRANCISCO",PERSONA NATURAL,PIPER,PIPER PA-32RT-300
1584,1540,CCPIN,PRIVADO,MOONEY,M20F,AVION,"BURGOS CONCHA, MARISOL DE LOS ANGELES",PERSONA NATURAL,MOONEY,MOONEY M20F
1585,1541,CCPIO,PRIVADO,CESSNA,180,AVION,"MARIN CORREA, CARLOS JOSE",PERSONA NATURAL,CESSNA,CESSNA 180
1586,1542,CCPIP,PRIVADO,CESSNA,U206F,AVION,SOCIEDAD TIERRA LIMITADA,EMPRESA,CESSNA,CESSNA U206F
1587,1543,CCPIQ,PRIVADO,CESSNA,182P,AVION,"HIRIBARREN BOUCHON, JUAN PABLO",PERSONA NATURAL,CESSNA,CESSNA 182P
1588,1543,CCPIQ,PRIVADO,CESSNA,182P,AVION,"HIRIBARREN BOUCHON, PEDRO ANTONIO",PERSONA NATURAL,CESSNA,CESSNA 182P
1589,1544,CCPIR,PRIVADO,CESSNA,U206G,AVION,CLUB AÉREO NAVAL,CLUB AEREO,CESSNA,CESSNA U206G
1590,1545,CCPIS,PRIVADO,CESSNA,210N,AVION,EMPRESAS GTC SPA,EMPRESA,CESSNA,CESSNA 210N
1591,1546,CCPIT,PRIVADO,PIPER,PA-22-150,AVION,"PONCHIONE, PABLO ARIEL",PERSONA NATURAL,PIPER,PIPER PA-22-150
1592,1547,CCPIU,PRIVADO,PIPER,PA-18,AVION,"DE VICENTE MINGO, PATRICIO JAVIER",PERSONA NATURAL,PIPER,PIPER PA-18
1593,1548,CCPIV,PRIVADO,CESSNA,210L,AVION,"ENGLER BOCK, EDUARDO CRISTOBAL",PERSONA NATURAL,CESSNA,CESSNA 210L
1594,1549,CCPIW,COMERCIAL,PIPER,PA-31-350,AVION,"SCHUWIRTH AICHELE, JUAN CRISTIAN",PERSONA NATURAL,PIPER,PIPER PA-31-350
1595,1550,CCPIY,COMERCIAL,PIPER,PA-28R-201T,AVION,AEROHALCÓN FOTOGRAFÍA LIMITADA,EMPRESA,PIPER,PIPER PA-28R-201T
1596,1551,CCPIZ,PRIVADO,CHAMPION,7EC,AVION,CLUB AÉREO MELIPILLA,CLUB AEREO,CHAMPION,CHAMPION 7EC
1597,1552,CCPJA,PRIVADO,SCHMIDT-SONEX,SONEX,AVION,"SCHMITT YOMA, ALVARO",PERSONA NATURAL,SCHMIDT-SONEX,SCHMIDT-SONEX SONEX
1598,1553,CCPJB,PRIVADO,PIPER,PA-12,AVION,"MARIN CORREA, CARLOS JOSE",PERSONA NATURAL,PIPER,PIPER PA-12
1599,1554,CCPJC,PRIVADO,CESSNA,U206G,AVION,"COLVIN DE LA VEGA, JAIME EDUARDO",PERSONA NATURAL,CESSNA,CESSNA U206G
1600,1555,CCPJF,PRIVADO,FRITIS JABIRU,J430,AVION,ONDULADORES DE CHILE S.A.,EMPRESA,FRITIS JABIRU,FRITIS JABIRU J430
1601,1556,CCPJH,COMERCIAL,PIPER,PA-31T,AVION,TRANSPORTES AÉREOS SAN RAFAEL LIMITADA,EMPRESA,PIPER,PIPER PA-31T
1602,1557,CCPJJ,PRIVADO,BOEING AIRPLANE COMPANY,A75N1,AVION,"JOFRE PLOSSKY, JUAN IGNACIO",PERSONA NATURAL,BOEING AIRPLANE COMPANY,BOEING AIRPLANE COMPANY A75N1
1603,1558,CCPJL,PRIVADO,CESSNA,172R,AVION,CLUB AÉREO DE LOS ANDES,CLUB AEREO,CESSNA,CESSNA 172R
1604,1559,CCPJN,PRIVADO,DOUGLAS,DC3C-R-1830-90C,AVION,"LEZAETA HURTADO, LUIS",PERSONA NATURAL,DOUGLAS,DOUGLAS DC3C-R-1830-90C
1605,1560,CCPJO,PRIVADO,PIPER,J3C-65,AVION,"FANTONI SALAS, ALEJANDRO JULIO",PERSONA NATURAL,PIPER,PIPER J3C-65
1606,1561,CCPJP,PRIVADO,CHAMPION,7 EC,AVION,"TALEP PARDO, RAÚL Y  OLATE RAMÍREZ, CARLOS",PERSONA NATURAL,CHAMPION,CHAMPION 7 EC
1607,1562,CCPJQ,PRIVADO,RAYTHEON,A36,AVION,"SAAVEDRA DE LA FUENTE, PATRICIO LUCIANO",PERSONA NATURAL,RAYTHEON,RAYTHEON A36
1608,1563,CCPJS,PRIVADO,ROBINSON,R22BETA,HELICOPTERO,"ESPINOSA RAMELLI, FRANCISCO JAVIER",PERSONA NATURAL,ROBINSON,ROBINSON R22BETA
1609,1564,CCPJV,PRIVADO,CESSNA,210L,AVION,"PEREZ OEHNINGER, CARLOS",PERSONA NATURAL,CESSNA,CESSNA 210L
1610,1565,CCPJW,PRIVADO,CESSNA,210L,AVION,"KAUFMANN BUNGER, CHRISTOPH",PERSONA NATURAL,CESSNA,CESSNA 210L
1611,1566,CCPJY,PRIVADO,PIPER,PA-18,AVION,"RUIZ CIFUENTES, MARCELO FERNANDO",PERSONA NATURAL,PIPER,PIPER PA-18
1612,1567,CCPJZ,COMERCIAL,BELL,206B,HELICOPTERO,HELICÓPTEROS DEL PACÍFICO LIMITADA,EMPRESA,BELL,BELL 206B
1613,1568,CCPKB,COMERCIAL,GULFSTREAM AEROSPACE CORPORATION,500-S,AVION,AEROSEED SPA,EMPRESA,GULFSTREAM AEROSPACE CORPORATION,GULFSTREAM AEROSPACE CORPORATION 500-S
1614,1569,CCPKC,PRIVADO,PIPER,PA-32R-301,AVION,"FLORES HAARDT, ANDRÉS ORLANDO",PERSONA NATURAL,PIPER,PIPER PA-32R-301
1615,1570,CCPKD,PRIVADO,CESSNA,170A,AVION,"CRISTI VILLANUEVA, LUIS",PERSONA NATURAL,CESSNA,CESSNA 170A
1616,1571,CCPKF,PRIVADO,CHAMPION,7EC,AVION,"TOLEDO ANDRADE, CLAUDIO Y AGENCIA INTERNACIONAL DE MARCAS Y PATENTES LTDA.",EMPRESA,CHAMPION,CHAMPION 7EC
1617,1572,CCPKH,PRIVADO,CESSNA,182B,AVION,UP SERVICES SPA,EMPRESA,CESSNA,CESSNA 182B
1618,1573,CCPKJ,PRIVADO,ROBINSON,R22BETA,HELICOPTERO,SERVICIOS AEREOS BIO BIO COPTERS LIMITADA,EMPRESA,ROBINSON,ROBINSON R22BETA
1619,1574,CCPKK,PRIVADO,BELL,206B,HELICOPTERO,INMOBILIARIA YATAY LIMITADA,EMPRESA,BELL,BELL 206B
1620,1575,CCPKM,PRIVADO,CESSNA,140,AVION,"COLVIN TRESWALT, RENAN ALEJANDRO",PERSONA NATURAL,CESSNA,CESSNA 140
1621,1576,CCPKN,PRIVADO,PIPER,PA-28-236,AVION,BAEZABOGADOS INVERSIONES SPA,EMPRESA,PIPER,PIPER PA-28-236
1622,1577,CCPKO,PRIVADO,CESSNA,182Q,AVION,SOCIEDAD DE SERVICIOS AEREOS CORRAL LIMITADA,EMPRESA,CESSNA,CESSNA 182Q
1623,1578,CCPKP,COMERCIAL,PIPER,PA-31-325,AVION,SEBASTIAN KAMAL ALFARO GARY SERVICIOS AEREOS INTEGRALES COASTLINE E.I.R.L.,OTRO,PIPER,PIPER PA-31-325
1624,1579,CCPKQ,PRIVADO,CESSNA,172RG,AVION,CLUB AÉREO DE LOS ANDES,CLUB AEREO,CESSNA,CESSNA 172RG
1625,1580,CCPKS,PRIVADO,PIPER,PA-28-236,AVION,CLUB AÉREO DE ANGOL,CLUB AEREO,PIPER,PIPER PA-28-236
1626,1581,CCPKT,PRIVADO,WERTH-RANS,S-7 COURIER,AVION,"COVOS BRUGGEN, JEAN JACQUES",PERSONA NATURAL,WERTH-RANS,WERTH-RANS S-7 COURIER
1627,1582,CCPKU,PRIVADO,STINSON,108-1,AVION,"HAMAME VELARDE, MIRKO ANDRÉS MAURICIO",PERSONA NATURAL,STINSON,STINSON 108-1
1628,1583,CCPKV,PRIVADO,PIPER,PA-31,AVION,INVERSIONES LAS CRUCES S.A.,EMPRESA,PIPER,PIPER PA-31
1629,1584,CCPKX,COMERCIAL,PIPER,PA-28-140,AVION,SERVICIOS AEREOS ROMEOMIKE LIMITADA,EMPRESA,PIPER,PIPER PA-28-140
1630,1585,CCPKY,PRIVADO,CESSNA,182L,AVION,"CABRER MICONO, FERNANDO GONZALO",PERSONA NATURAL,CESSNA,CESSNA 182L
1631,1586,CCPLA,PRIVADO,CESSNA,182T,AVION,"ECHEVARRIA VON GUSOVIUS, ROBERTO ALEJANDRO",PERSONA NATURAL,CESSNA,CESSNA 182T
1632,1587,CCPLB,PRIVADO,PIPER,PA-31,AVION,"SCHARFSTEIN BLUH, DENIS",PERSONA NATURAL,PIPER,PIPER PA-31
1633,1588,CCPLC,PRIVADO,CESSNA,172N,AVION,CLUB AÉREO DE OVALLE,CLUB AEREO,CESSNA,CESSNA 172N
1634,1589,CCPLD,PRIVADO,CESSNA,182N,AVION,"PASMANIK NUDMAN, DANIEL RICARDO Y ERRAZURIZ RONZIER, LUIS EDUARDO",PERSONA NATURAL,CESSNA,CESSNA 182N
1635,1590,CCPLE,PRIVADO,PIPER,PA-32-301,AVION,"ROBERT YOMA, VERNON MARCEL Y ARESTI RODRÍGUEZ, JORGE JAVIER",PERSONA NATURAL,PIPER,PIPER PA-32-301
1636,1591,CCPLF,PRIVADO,PIPER,PA-34-220T,AVION,"BOROWICZ KRALEMANN, BOB",PERSONA NATURAL,PIPER,PIPER PA-34-220T
1637,1592,CCPLG,PRIVADO,CESSNA,182Q,AVION,"CAMARENA ORENGO, JOSE VICENTE",PERSONA NATURAL,CESSNA,CESSNA 182Q
1638,1593,CCPLI,PRIVADO,CESSNA,182Q,AVION,"LOMBARDO FOURNIER, MARCELO HERNAN",PERSONA NATURAL,CESSNA,CESSNA 182Q
1639,1594,CCPLJ,PRIVADO,BEECHCRAFT CORP.,F33A,AVION,INGENIERÍA JORGE VENEGAS QUIJADA E.I.R.L.,OTRO,BEECHCRAFT,BEECHCRAFT F33A
1640,1595,CCPLK,PRIVADO,CESSNA,172RG,AVION,"BORDA MUÑOZ, MARTÍN JOSÉ",PERSONA NATURAL,CESSNA,CESSNA 172RG
1641,1596,CCPLM,PRIVADO,BEECHCRAFT CORP.,H35,AVION,"SANTIS TORRENT, CESAR ANTONIO",PERSONA NATURAL,BEECHCRAFT,BEECHCRAFT H35
1642,1597,CCPLN,PRIVADO,LANGSTON C RAYMOND III,CA-8,AVION,SUSTENTACION S.A.,EMPRESA,LANGSTON C RAYMOND III,LANGSTON C RAYMOND III CA-8
1643,1598,CCPLO,PRIVADO,CESSNA,172L,AVION,CLUB AÉREO DE CURICÓ,CLUB AEREO,CESSNA,CESSNA 172L
1644,1599,CCPLQ,PRIVADO,PIPER,PA-34-200T,AVION,"SPAARWATER CONCHA, NICOLÁS FERNANDO",EMPRESA,PIPER,PIPER PA-34-200T
1645,1600,CCPLR,PRIVADO,CESSNA,TR182,AVION,"KRAIZEL KALDI, BORIS DAVID",PERSONA NATURAL,CESSNA,CESSNA TR182
1646,1601,CCPLS,PRIVADO,CESSNA,172N,AVION,SERVICIOS AÉREOS GÉNOVA LIMITADA,EMPRESA,CESSNA,CESSNA 172N
1647,1602,CCPLT,PRIVADO,BAFFICO - STORM,STORM RG,AVION,"BAFFICO COLOMBO, PABLO AGUSTIN",PERSONA NATURAL,BAFFICO - STORM,BAFFICO - STORM STORM RG
1648,1603,CCPLV,PRIVADO,CESSNA,R182,AVION,"MULLER BENOIT, TOMAS",PERSONA NATURAL,CESSNA,CESSNA R182
1649,1603,CCPLV,PRIVADO,CESSNA,R182,AVION,"SERRANO LOPEZ DE HEREDIA, ALFONSO FERNANDO ALEJANDRO",PERSONA NATURAL,CESSNA,CESSNA R182
1650,1604,CCPLW,PRIVADO,CESSNA,U206G,AVION,SOCIEDAD CONSTRUCTORA E INMOBILIARIA EL OTOÑAL S.A.,EMPRESA,CESSNA,CESSNA U206G
1651,1605,CCPLX,PRIVADO,BEECH AIRCRAFT CORPORATION,F33A,AVION,"EWOLDT PIZARRO, SEBASTIAN IGNACIO",PERSONA NATURAL,BEECHCRAFT,BEECHCRAFT F33A
1652,1606,CCPLY,PRIVADO,CESSNA,340A,AVION,INGENIERIA Y CONSTRUCCION PESADA LIMITADA,EMPRESA,CESSNA,CESSNA 340A
1653,1607,CCPMA,PRIVADO,CESSNA,U206G,AVION,AGRICOLA CATEMITO LIMITADA,EMPRESA,CESSNA,CESSNA U206G
1654,1608,CCPMB,PRIVADO,PIPER,PA-28-181,AVION,"ESCARATE ROJAS, CARLOS ALFONSO",PERSONA NATURAL,PIPER,PIPER PA-28-181
1655,1609,CCPMC,PRIVADO,PIPER,PA-34-200T,AVION,"KOVACS AMENGUAL, EDUARDO",PERSONA NATURAL,PIPER,PIPER PA-34-200T
1656,1610,CCPMD,PRIVADO,CESSNA,TU206G,AVION,"ALLENDE CASASEMPERE, IGNACIO EDUARDO",PERSONA NATURAL,CESSNA,CESSNA TU206G
1657,1611,CCPMF,PRIVADO,PIPER,PA-18A-150,AVION,SOCIEDAD NACIONAL GARANTIZADORA Y COMPAÑIA LIMITADA,EMPRESA,PIPER,PIPER PA-18A-150
1658,1612,CCPMG,PRIVADO,FLIGHT DESIGN,CT SW,AVION,CLUB AÉREO DE TEMUCO,CLUB AEREO,FLIGHT DESIGN,FLIGHT DESIGN CT SW
1659,1613,CCPMI,PRIVADO,CESSNA,182M,AVION,"CONTRERAS ABURTO, EXEQUIEL NEIL",PERSONA NATURAL,CESSNA,CESSNA 182M
1660,1614,CCPMJ,PRIVADO,PIPER,J3C-65,AVION,CLUB AÉREO DE TEMUCO,CLUB AEREO,PIPER,PIPER J3C-65
1661,1615,CCPMK,PRIVADO,LIRA RAF,2000 GTX-SE,GIROPL,"LOPEZ GONZALEZ, JAVIERA; BOISSET DUSSERT, JEAN Y KING MARKET LIMITADA",EMPRESA,LIRA RAF,LIRA RAF 2000 GTX-SE
1662,1616,CCPML,PRIVADO,GILABERT-MURPHY,REBEL,AVION,"ARRIETA ARRIAGADA, JOSE LUIS",PERSONA NATURAL,GILABERT-MURPHY,GILABERT-MURPHY REBEL
1663,1617,CCPMM,PRIVADO,CESSNA,T310R,AVION,INVERSIONES F K LIMITADA,EMPRESA,CESSNA,CESSNA T310R
1664,1618,CCPMN,PRIVADO,CESSNA,182Q,AVION,CLUB AÉREO DE TEMUCO,CLUB AEREO,CESSNA,CESSNA 182Q
1665,1619,CCPMO,PRIVADO,BEECHCRAFT CORP.,23,AVION,CLUB AÉREO DE PICHILEMU,CLUB AEREO,BEECHCRAFT,BEECHCRAFT 23
1666,1620,CCPMP,PRIVADO,PIPER,PA-28-181,AVION,CLUB AÉREO DE CHILLÁN,CLUB AEREO,PIPER,PIPER PA-28-181
1667,1621,CCPMR,PRIVADO,BEECH AIRCRAFT CORPORATION,35-33,AVION,"GILLET BEBIN, JORGE ALBERTO",PERSONA NATURAL,BEECHCRAFT,BEECHCRAFT 35-33
1668,1622,CCPMT,PRIVADO,CESSNA,172N,AVION,CLUB AÉREO DE CHILLÁN,CLUB AEREO,CESSNA,CESSNA 172N
1669,1623,CCPMU,PRIVADO,CESSNA,170B,AVION,"ALTHAUSEN KORTEMEIER, JAN",PERSONA NATURAL,CESSNA,CESSNA 170B
1670,1623,CCPMU,PRIVADO,CESSNA,170B,AVION,"FERNÁNDEZ HERNÁNDEZ, JOAQUÍN ANDRÉS",PERSONA NATURAL,CESSNA,CESSNA 170B
1671,1624,CCPMV,PRIVADO,BEECHCRAFT CORP.,A36,AVION,"MARTIN HUBER, REINALDO NORBERT",PERSONA NATURAL,BEECHCRAFT,BEECHCRAFT A36
1672,1625,CCPMW,PRIVADO,PIPER,PA-34-200T,AVION,"RODRÍGUEZ GONZÁLEZ, CRISTIAN ANDRÉS",PERSONA NATURAL,PIPER,PIPER PA-34-200T
1673,1626,CCPMZ,PRIVADO,CESSNA,172D,AVION,CLUB AÉREO DE IQUIQUE,CLUB AEREO,CESSNA,CESSNA 172D
1674,1627,CCPNB,PRIVADO,CESSNA,182T,AVION,CLUB AÉREO DE SANTIAGO,CLUB AEREO,CESSNA,CESSNA 182T
1675,1628,CCPNC,PRIVADO,ROBINSON,R44,HELICOPTERO,"ALTHAUSEN KORTEMEIER, JAN Y SANTAMARIA KOCH, ROBERTO",PERSONA NATURAL,ROBINSON,ROBINSON R44
1676,1629,CCPNE,PRIVADO,LIRA RAF,2000 GTX-SE,GIROPL,"ROSSEL VARGAS, BENJAMIN ALAN",PERSONA NATURAL,LIRA RAF,LIRA RAF 2000 GTX-SE
1677,1630,CCPNG,PRIVADO,BEECH AIRCRAFT CORPORATION,F33A,AVION,"BRIONES GOICH, JUAN FELIPE",PERSONA NATURAL,BEECHCRAFT,BEECHCRAFT F33A
1678,1631,CCPNH,PRIVADO,CESSNA,185C,AVION,"SALAS GARCIA, LEONARDO ERNESTO",PERSONA NATURAL,CESSNA,CESSNA 185C
1679,1632,CCPNI,PRIVADO,CESSNA,180,AVION,"GARCÍA JARAMILLO, BENJAMÍN Y CORREA BRAVO, GILBERTO JAVIER",PERSONA NATURAL,CESSNA,CESSNA 180
1680,1633,CCPNK,PRIVADO,CESSNA,T303,AVION,INVERSIONES OFEK LIMITADA,EMPRESA,CESSNA,CESSNA T303
1681,1634,CCPNL,PRIVADO,BELL,206B,HELICOPTERO,"SOCIEDAD AGRICOLA, COMERCIAL, INVERSIONES Y ASESORIAS PATRON LIMITADA",EMPRESA,BELL,BELL 206B
1682,1635,CCPNM,PRIVADO,CESSNA,182Q,AVION,"MARISIO VILLA, EMILIO",PERSONA NATURAL,CESSNA,CESSNA 182Q
1683,1636,CCPNN,PRIVADO,CESSNA,206,AVION,"MENDEZ ROJAS, HUGO BERNARDO",PERSONA NATURAL,CESSNA,CESSNA 206
1684,1637,CCPNO,COMERCIAL,PIPER,PA-31-350,AVION,SEBASTIAN KAMAL ALFARO GARY SERVICIOS AEREOS INTEGRALES COASTLINE E.I.R.L.,OTRO,PIPER,PIPER PA-31-350
1685,1638,CCPNP,PRIVADO,CESSNA,182J,AVION,INVERSIONES PEULLA SPA,EMPRESA,CESSNA,CESSNA 182J
1686,1639,CCPNU,PRIVADO,PIPER,PA-22-150,AVION,AEROCOMERCIAL PORTEZUELO LIMITADA,EMPRESA,PIPER,PIPER PA-22-150
1687,1640,CCPNV,PRIVADO,BEECHCRAFT CORP.,A45,AVION,TRANSPORTES AEREOS MENTOR S.A.,EMPRESA,BEECHCRAFT,BEECHCRAFT A45
1688,1641,CCPNW,PRIVADO,PIPER,PA-32-301,AVION,VENECIA S.A.,EMPRESA,PIPER,PIPER PA-32-301
1689,1642,CCPNY,PRIVADO,PIPER,PA-28-180,AVION,"SALGADO BASCUÑAN, EDUAR LENIN",PERSONA NATURAL,PIPER,PIPER PA-28-180
1690,1643,CCPNZ,PRIVADO,CESSNA,T210L,AVION,HELI-EXCURSIONES LIMITADA,EMPRESA,CESSNA,CESSNA T210L
1691,1644,CCPOA,PRIVADO,CESSNA,U206G,AVION,MARSH Y COMPAÑIA LIMITADA,EMPRESA,CESSNA,CESSNA U206G
1692,1645,CCPOB,PRIVADO,PIPER,PA-18-150,AVION,"LESLIE TREHERN, BRIAN RICHARD NORMAN",PERSONA NATURAL,PIPER,PIPER PA-18-150
1693,1646,CCPOC,PRIVADO,BEECH AIRCRAFT CORPORATION,95-B55,AVION,INVERSIONES MARLIN LIMITADA,EMPRESA,BEECHCRAFT,BEECHCRAFT 95-B55
1694,1647,CCPOD,PRIVADO,PIPER,PA-18,AVION,"CAMARENA ORENGO, JOSE VICENTE",PERSONA NATURAL,PIPER,PIPER PA-18
1695,1648,CCPOE,PRIVADO,CESSNA,140,AVION,"OVALLE REYES, CARMEN LUZ CLEMENCIA",PERSONA NATURAL,CESSNA,CESSNA 140
1696,1649,CCPOH,PRIVADO,PIPER,PA-18,AVION,"BRAVO IBARRA, OSCAR EDUARDO",PERSONA NATURAL,PIPER,PIPER PA-18
1697,1650,CCPOI,PRIVADO,CESSNA,182R,AVION,CLUB AÉREO DE TEMUCO,CLUB AEREO,CESSNA,CESSNA 182R
1698,1651,CCPOK,PRIVADO,LAKE,LA-4-200,AVION,VAPORES INDUSTRIALES LIMITADA.,EMPRESA,LAKE,LAKE LA-4-200
1699,1652,CCPOM,PRIVADO,CESSNA,T206H,AVION,ADMINISTRADORA BRALON LIMITADA,EMPRESA,CESSNA,CESSNA T206H
1700,1653,CCPON,PRIVADO,CESSNA,P210N,AVION,H.MOTORES S.A.,EMPRESA,CESSNA,CESSNA P210N
1701,1654,CCPOO,PRIVADO,CESSNA,170A,AVION,"SCHUWIRTH AICHELE, JUAN CRISTIAN",PERSONA NATURAL,CESSNA,CESSNA 170A
1702,1655,CCPOP,PRIVADO,PIPER,J4E,AVION,"IVOVICH SCHIRRER, ESTEBAN LUIS DANIEL",PERSONA NATURAL,PIPER,PIPER J4E
1703,1656,CCPOR,PRIVADO,PIPER,PA-28R-200,AVION,"BOETSCH MIRA, CRISTOBAL",PERSONA NATURAL,PIPER,PIPER PA-28R-200
1704,1657,CCPOS,PRIVADO,PIPER,PA-30,AVION,"BURR RODRIGUEZ, PATRICIO MARIO",PERSONA NATURAL,PIPER,PIPER PA-30
1705,1658,CCPOT,PRIVADO,LUSCOMBE,8A,AVION,"SCHEUCH PESSE, ORWILL HARALD",PERSONA NATURAL,LUSCOMBE,LUSCOMBE 8A
1706,1659,CCPOV,PRIVADO,PIPER,J3C-65,AVION,"COLVIN DE LA VEGA, JAIME EDUARDO",PERSONA NATURAL,PIPER,PIPER J3C-65
1707,1660,CCPOW,PRIVADO,CESSNA,172,AVION,"ZAVARIZ RAMOS, RODOLFO",PERSONA NATURAL,CESSNA,CESSNA 172
1708,1661,CCPOY,PRIVADO,CESSNA,207A,AVION,ROLAND SPAARWATER LIMITADA.,EMPRESA,CESSNA,CESSNA 207A
1709,1662,CCPPA,PRIVADO,CESSNA,172P,AVION,INVERSIONES NIMBUS LIMITADA,EMPRESA,CESSNA,CESSNA 172P
1710,1662,CCPPA,PRIVADO,CESSNA,172P,AVION,"KALBHENN BEHRENS, GERARDO",PERSONA NATURAL,CESSNA,CESSNA 172P
1711,1663,CCPPB,PRIVADO,PIPER,PA-28-161,AVION,TRANSPORTES AEREOS EMPRESARIALES S.A.,EMPRESA,PIPER,PIPER PA-28-161
1712,1664,CCPPC,PRIVADO,BEECH AIRCRAFT CORPORATION,E55,AVION,COMUNIDAD BELEN LIMITADA,EMPRESA,BEECHCRAFT,BEECHCRAFT E55
1713,1665,CCPPD,PRIVADO,ROCKWELL COMMANDER,114,AVION,SOCIEDAD DE TRANSPORTES CHABALONGO LIMITADA,EMPRESA,ROCKWELL COMMANDER,ROCKWELL COMMANDER 114
1714,1666,CCPPE,PRIVADO,CESSNA,T210N,AVION,"ERAZO PEREZ, LUIS ALBERTO",PERSONA NATURAL,CESSNA,CESSNA T210N
1715,1667,CCPPG,PRIVADO,CESSNA,182C,AVION,CLUB AÉREO SKY PRO,CLUB AEREO,CESSNA,CESSNA 182C
1716,1668,CCPPH,PRIVADO,CESSNA,U206G,AVION,"SCAGLIOTTI RAVERA, JOSÉ PEDRO",PERSONA NATURAL,CESSNA,CESSNA U206G
1717,1669,CCPPI,PRIVADO,PIPER,PA-24-250,AVION,"MISLEJ MUSALEM, JORGE LUIS",PERSONA NATURAL,PIPER,PIPER PA-24-250
1718,1670,CCPPJ,PRIVADO,PIPER,PA-23-250,AVION,INMOBILIARIA Y COMERCIAL CUVI LIMITADA,EMPRESA,PIPER,PIPER PA-23-250
1719,1671,CCPPL,PRIVADO,PIPER,PA-28-140,AVION,"PUENTE ELGUETA, FABIÁN ALEJANDRO",PERSONA NATURAL,PIPER,PIPER PA-28-140
1720,1672,CCPPN,PRIVADO,CESSNA,170A,AVION,"GOMEZ CEA, VICTOR HUGO",PERSONA NATURAL,CESSNA,CESSNA 170A
1721,1673,CCPPO,PRIVADO,CESSNA,T303,AVION,"KRAIZEL STEINBERG, EDUARDO",PERSONA NATURAL,CESSNA,CESSNA T303
1722,1674,CCPPP,COMERCIAL,BELL,206L-3,HELICOPTERO,PUBLICITARIA PUBLI G SPA,EMPRESA,BELL,BELL 206L-3
1723,1675,CCPPQ,PRIVADO,PIPER,PA-28-235,AVION,"ACEVEDO MARTÍNEZ, JORGE GABRIEL",PERSONA NATURAL,PIPER,PIPER PA-28-235
1724,1676,CCPPR,PRIVADO,CHAMPION,7ECA,AVION,"BASSO PRIETO, LUIS ENRIQUE",PERSONA NATURAL,CHAMPION,CHAMPION 7ECA
1725,1677,CCPPS,PRIVADO,LANCAIR-PUGA,ES,AVION,"BALLESTEROS GUERRERO, ISAÍAS EDUARDO",PERSONA NATURAL,LANCAIR-PUGA,LANCAIR-PUGA ES
1726,1678,CCPPT,PRIVADO,PIPER,PA-31,AVION,SOCIEDAD DE TRANSPORTE AEREO MOVI AIR SPA,EMPRESA,PIPER,PIPER PA-31
1727,1679,CCPPW,PRIVADO,CESSNA,182J,AVION,"LAZO SENNITZKY, RICARDO ANDRES",PERSONA NATURAL,CESSNA,CESSNA 182J
1728,1680,CCPQA,PRIVADO,CESSNA,182L,AVION,"BECERRA RETAMAL, JOSE DAVID",PERSONA NATURAL,CESSNA,CESSNA 182L
1729,1681,CCPQB,PRIVADO,PIPER,PA-28-140,AVION,"CISTERNAS GAETE, BRUNO PATRICIO",PERSONA NATURAL,PIPER,PIPER PA-28-140
1730,1682,CCPQC,PRIVADO,CESSNA,172R,AVION,AEROLÍNEAS AEROSUR SPA,EMPRESA,CESSNA,CESSNA 172R
1731,1682,CCPQC,PRIVADO,CESSNA,172R,AVION,AEROTRUST TRABAJOS AÉREOS LIMITADA,EMPRESA,CESSNA,CESSNA 172R
1732,1683,CCPQD,PRIVADO,CESSNA,150F,AVION,"FELDMAN BUDNIK, RICARDO ALLAN",PERSONA NATURAL,CESSNA,CESSNA 150F
1733,1684,CCPQE,PRIVADO,CESSNA,180,AVION,"BARNERT CASTILLO, RICARDO FERNANDO",PERSONA NATURAL,CESSNA,CESSNA 180
1734,1685,CCPQF,PRIVADO,CESSNA,180,AVION,"RUBESKA BALBOA, RENE ROBERTO",PERSONA NATURAL,CESSNA,CESSNA 180
1735,1686,CCPQH,COMERCIAL,PIPER,PA-28-140,AVION,FLY WITH US SPA,EMPRESA,PIPER,PIPER PA-28-140
1736,1687,CCPQJ,PRIVADO,CESSNA,R182,AVION,"DE LA SOTTA BAEZA, EDUARDO JORGE",PERSONA NATURAL,CESSNA,CESSNA R182
1737,1688,CCPQK,PRIVADO,CESSNA,172G,AVION,SOCIEDAD COMERCIAL TECNICA E INDUSTRIAL DE SERVICIOS GENERALES AERONAUTICOS S.A.,EMPRESA,CESSNA,CESSNA 172G
1738,1689,CCPQL,PRIVADO,CESSNA,182L,AVION,CLUB AEREO AIR SKYDIVE,CLUB AEREO,CESSNA,CESSNA 182L
1739,1690,CCPQM,PRIVADO,ROBINSON,R22BETA,HELICOPTERO,BANCO SANTANDER-CHILE,OTRO,ROBINSON,ROBINSON R22BETA
1740,1691,CCPQN,PRIVADO,CESSNA,U206G,AVION,"HADIDA SCHMID, EDGAR WALTER",PERSONA NATURAL,CESSNA,CESSNA U206G
1741,1692,CCPQO,PRIVADO,ROBINSON,R44,HELICOPTERO,MAQUINARIAS JOAQUIN ANDRES EDWARDS SILVA E.I.R.L.,OTRO,ROBINSON,ROBINSON R44
1742,1693,CCPQR,PRIVADO,CESSNA,172A,AVION,"CASTRO DÍAZ, CARLOS ALBERTO",PERSONA NATURAL,CESSNA,CESSNA 172A
1743,1694,CCPQS,PRIVADO,CESSNA,210M,AVION,"HADIDA SCHMID, EDGAR WALTER",PERSONA NATURAL,CESSNA,CESSNA 210M
1744,1695,CCPQT,PRIVADO,RAYTHEON,58,AVION,INVERSIONES YADRAN S.A.,EMPRESA,RAYTHEON,RAYTHEON 58
1745,1696,CCPQV,PRIVADO,SCHEMPP-HIRTH,VENTUS-2B,PLANEADOR,CLUB DE PLANEADORES DE VITACURA,CLUB AEREO,SCHEMPP-HIRTH,SCHEMPP-HIRTH VENTUS-2B
1746,1697,CCPQW,PRIVADO,SCHEMPP-HIRTH,VENTUS BT,PLANEADOR,"OHACO ADAM, JEAN PIERRE",PERSONA NATURAL,SCHEMPP-HIRTH,SCHEMPP-HIRTH VENTUS BT
1747,1698,CCPQZ,PRIVADO,SCHEMPP-HIRTH,VENTUS-2CT,PLANEADOR,CLUB DE PLANEADORES DE VITACURA,CLUB AEREO,SCHEMPP-HIRTH,SCHEMPP-HIRTH VENTUS-2CT
1748,1699,CCPRA,PRIVADO,CESSNA,150B,AVION,"LIZANA VARAS, ARNALDO MANUEL",PERSONA NATURAL,CESSNA,CESSNA 150B
1749,1700,CCPRB,PRIVADO,CIRRUS,SR22,AVION,FORESTAL CAMELIO LIMITADA,EMPRESA,CIRRUS,CIRRUS SR22
1750,1701,CCPRC,PRIVADO,SCHNEIDER - COSTA,SONEX,AVION,"MUÑOZ CHÁVEZ, EDUARDO MARCELO",PERSONA NATURAL,SCHNEIDER - COSTA,SCHNEIDER - COSTA SONEX
1751,1702,CCPRE,PRIVADO,CESSNA,170A,AVION,"ROJAS BARRIOS, LEONOR INES Y AUBA MURGADAS, JORGE FERNANDO",PERSONA NATURAL,CESSNA,CESSNA 170A
1752,1703,CCPRF,PRIVADO,CESSNA,172H,AVION,CLUB AÉREO DE OVALLE,CLUB AEREO,CESSNA,CESSNA 172H
1753,1704,CCPRH,PRIVADO,BEECHCRAFT CORP.,V35A,AVION,PUFFE PROPIEDADES SPA,EMPRESA,BEECHCRAFT,BEECHCRAFT V35A
1754,1705,CCPRI,PRIVADO,PIPER,PA-34-200T,AVION,SERVICIOS Y TRANSPORTES AEREOS HELIWORKS LIMITADA,EMPRESA,PIPER,PIPER PA-34-200T
1755,1706,CCPRJ,COMERCIAL,PIPER,PA-31-350,AVION,TRANSPORTES AÉREOS SAN RAFAEL LIMITADA,EMPRESA,PIPER,PIPER PA-31-350
1756,1707,CCPRK,PRIVADO,BEECHCRAFT CORP.,A36,AVION,"CARRILLO DIEZ, HECTOR ALEXIS",PERSONA NATURAL,BEECHCRAFT,BEECHCRAFT A36
1757,1708,CCPRO,PRIVADO,BEECH AIRCRAFT CORPORATION,V35A,AVION,"PARRAGUEZ GAMBOA, GUSTAVO ADOLFO RAMON Y WAUGH CORREA, ENRIQUE EDUARDO",PERSONA NATURAL,BEECHCRAFT,BEECHCRAFT V35A
1758,1709,CCPRQ,PRIVADO,ROBINSON,R22,HELICOPTERO,"MOREIRA MIRANDA, WALTER HENRRY",PERSONA NATURAL,ROBINSON,ROBINSON R22
1759,1710,CCPRR,PRIVADO,CESSNA,R182,AVION,"LUHRS RAGGIO, PABLO GABRIEL",PERSONA NATURAL,CESSNA,CESSNA R182
1760,1711,CCPRS,PRIVADO,PIPER,PA-28-180,AVION,VULTUR SERVICIOS AGROFORESTALES SPA,EMPRESA,PIPER,PIPER PA-28-180
1761,1712,CCPRT,PRIVADO,CESSNA,U206G,AVION,CLUB AÉREO NAVAL,CLUB AEREO,CESSNA,CESSNA U206G
1762,1713,CCPRU,PRIVADO,BEECHCRAFT CORP.,M-35,AVION,"COLVIN DE LA VEGA, JAIME EDUARDO",PERSONA NATURAL,BEECHCRAFT,BEECHCRAFT M-35
1763,1714,CCPRV,PRIVADO,SCHEMPP-HIRTH,VENTUS-2CM,PLANEADOR,"STIPICIC BON, CARLOS",PERSONA NATURAL,SCHEMPP-HIRTH,SCHEMPP-HIRTH VENTUS-2CM
1764,1715,CCPRW,PRIVADO,PIPER,PA-18-150,AVION,CLUB DE PLANEADORES DE VITACURA,CLUB AEREO,PIPER,PIPER PA-18-150
1765,1716,CCPRX,COMERCIAL,PIPER,PA-28-140,AVION,SERVICIOS AEREOS ROMEOMIKE LIMITADA,EMPRESA,PIPER,PIPER PA-28-140
1766,1717,CCPRY,PRIVADO,CESSNA,R182,AVION,ACO S.A.,EMPRESA,CESSNA,CESSNA R182
1767,1718,CCPRZ,PRIVADO,CESSNA,172N,AVION,"PALMA WENZEL, LEOPOLDO GERMAN ARTURO",PERSONA NATURAL,CESSNA,CESSNA 172N
1768,1719,CCPSA,PRIVADO,ROBINSON,R44,HELICOPTERO,"GROB ANWANDTER, JOAQUÍN ANDRÉS",PERSONA NATURAL,ROBINSON,ROBINSON R44
1769,1720,CCPSB,PRIVADO,CESSNA,172H,AVION,CLUB AÉREO DEL PERSONAL DEL EJÉRCITO,CLUB AEREO,CESSNA,CESSNA 172H
1770,1721,CCPSC,PRIVADO,CESSNA,182P,AVION,SERVICIOS HELITRIP LIMITADA,EMPRESA,CESSNA,CESSNA 182P
1771,1722,CCPSD,PRIVADO,CESSNA,152,AVION,"COLVIN DE LA VEGA, JAIME EDUARDO",PERSONA NATURAL,CESSNA,CESSNA 152
1772,1723,CCPSE,PRIVADO,CESSNA,T303,AVION,BADAMAX RETAIL S.A.,EMPRESA,CESSNA,CESSNA T303
1773,1724,CCPSH,PRIVADO,CESSNA,172B,AVION,"NUÑEZ CLEMENTE, GUILLERMO",PERSONA NATURAL,CESSNA,CESSNA 172B
1774,1725,CCPSI,COMERCIAL,PIPER,PA-31,AVION,SERVICIOS AÉREOS PUERTO MONTT SPA,EMPRESA,PIPER,PIPER PA-31
1775,1726,CCPSJ,PRIVADO,CESSNA,T303,AVION,"GONZALEZ CASTRO, FRANCISCO DIONISIO",PERSONA NATURAL,CESSNA,CESSNA T303
1776,1727,CCPSK,PRIVADO,CESSNA,172N,AVION,"BERNSTEIN LETELIER, JUAN SEBASTIAN",PERSONA NATURAL,CESSNA,CESSNA 172N
1777,1728,CCPSL,PRIVADO,PIPER,PA-24,AVION,"KIPREOS HERNANDEZ, GUILLERMO Y MAZZA, JUAN",PERSONA NATURAL,PIPER,PIPER PA-24
1778,1729,CCPSM,PRIVADO,CESSNA,U206G,AVION,"ALTHAUSEN KORTEMEIER, JAN Y SANTAMARIA KOCH, ROBERTO",PERSONA NATURAL,CESSNA,CESSNA U206G
1779,1730,CCPSN,PRIVADO,CESSNA,210N,AVION,CLUB AÉREO DE TEMUCO,CLUB AEREO,CESSNA,CESSNA 210N
1780,1731,CCPSO,PRIVADO,MURPHY AICRAFT,REBEL,AVION,"LOBO PIZARRO, RODRIGO IGNACIO",PERSONA NATURAL,MURPHY AICRAFT,MURPHY AICRAFT REBEL
1781,1732,CCPSP,PRIVADO,ROBINSON,R22MARINER,HELICOPTERO,INVERSIONES F K LIMITADA,EMPRESA,ROBINSON,ROBINSON R22MARINER
1782,1733,CCPSR,PRIVADO,AVIAT,A-1,AVION,SOCIEDAD DE TRANSPORTES SIERRA ECO LIMITADA,EMPRESA,AVIAT,AVIAT A-1
1783,1734,CCPSS,PRIVADO,ROCKWELL COMMANDER,112,AVION,"MORDOH ERGAS, JAIME; WOLFF LOSER, PABLO ADRIAN, Y STEHBERG POLONSKY, FREDY",PERSONA NATURAL,ROCKWELL COMMANDER,ROCKWELL COMMANDER 112
1784,1735,CCPST,PRIVADO,LIRA RAF,2000 GTX-SE,GIROPL,"CARRILLO DIEZ, HECTOR ALEXIS Y CARRILLO LOYOLA, ANDREA CONSUELO",PERSONA NATURAL,LIRA RAF,LIRA RAF 2000 GTX-SE
1785,1736,CCPSW,PRIVADO,CESSNA,T303,AVION,"PONCE LEROU, LUIS EUGENIO",PERSONA NATURAL,CESSNA,CESSNA T303
1786,1737,CCPSY,PRIVADO,CESSNA,152,AVION,MELVYN BECERRA Y COMPAÑIA LIMITADA,EMPRESA,CESSNA,CESSNA 152
1787,1738,CCPTA,PRIVADO,PIPER,PA-38-112,AVION,"PINEDA JIMENEZ, RODOLFO",PERSONA NATURAL,PIPER,PIPER PA-38-112
1788,1739,CCPTB,PRIVADO,CESSNA,140A,AVION,"FUERTES CORTEZ, RUY ANTONIO FRANCISCO",PERSONA NATURAL,CESSNA,CESSNA 140A
1789,1740,CCPTC,PRIVADO,CESSNA,172G,AVION,"DONOSO NÚÑEZ, HUGO",PERSONA NATURAL,CESSNA,CESSNA 172G
1790,1741,CCPTD,PRIVADO,CHAMPION,7EC,AVION,"CAMARENA CASTAÑER, JOSÉ MANUEL",PERSONA NATURAL,CHAMPION,CHAMPION 7EC
1791,1742,CCPTE,PRIVADO,CESSNA,182E,AVION,"HEDERRA DUPLAQUET, ANDRÉS NICOLÁS",PERSONA NATURAL,CESSNA,CESSNA 182E
1792,1743,CCPTF,PRIVADO,CESSNA,172B,AVION,CLUB AÉREO DE PARRAL,CLUB AEREO,CESSNA,CESSNA 172B
1793,1744,CCPTG,PRIVADO,CESSNA,R182,AVION,"HERMOSILLA ESCOBAR, JUAN JORGE",PERSONA NATURAL,CESSNA,CESSNA R182
1794,1745,CCPTH,PRIVADO,PIPER,PA-34-200T,AVION,"CONTRERAS MORALES, ALEJANDRO ESTEBAN",PERSONA NATURAL,PIPER,PIPER PA-34-200T
1795,1745,CCPTH,PRIVADO,PIPER,PA-34-200T,AVION,"POMÉS LATHROP, CRISTÓBAL",PERSONA NATURAL,PIPER,PIPER PA-34-200T
1796,1746,CCPTI,PRIVADO,CESSNA,172M,AVION,CLUB AÉREO DE TALCA,CLUB AEREO,CESSNA,CESSNA 172M
1797,1747,CCPTJ,PRIVADO,CESSNA,182T,AVION,"DE URRUTICOECHEA SARTORIUS, CARLOS VICENTE",PERSONA NATURAL,CESSNA,CESSNA 182T
1798,1748,CCPTL,PRIVADO,PIPER,PA-28-235,AVION,RENTAL PLANE SPA,EMPRESA,PIPER,PIPER PA-28-235
1799,1749,CCPTM,PRIVADO,CESSNA,U206G,AVION,SKYDIVE VIÑA SPA,EMPRESA,CESSNA,CESSNA U206G
1800,1750,CCPTN,COMERCIAL,PIPER,PA-22-108,AVION,SERVICIOS AEREOS HIGH FLY LIMITADA,EMPRESA,PIPER,PIPER PA-22-108
1801,1751,CCPTO,PRIVADO,CESSNA,172B,AVION,"FERNANDEZ GOYCOOLEA, TOMAS FRANCISCO",PERSONA NATURAL,CESSNA,CESSNA 172B
1802,1752,CCPTQ,PRIVADO,CESSNA,T303,AVION,METALURGICA DUCASSE LIMITADA.,EMPRESA,CESSNA,CESSNA T303
1803,1753,CCPTT,PRIVADO,PIPER,PA-34-200T,AVION,"OLAVE JOHN, HUGO DOMINGO",PERSONA NATURAL,PIPER,PIPER PA-34-200T
1804,1754,CCPTV,PRIVADO,CESSNA,T210N,AVION,ROLAND SPAARWATER LIMITADA.,EMPRESA,CESSNA,CESSNA T210N
1805,1755,CCPTW,PRIVADO,PIPER,PA-32R-301,AVION,"TRANSPORTES, COMERCIAL Y TURISMO AEROFRIENDS LIMITADA",EMPRESA,PIPER,PIPER PA-32R-301
1806,1756,CCPTX,PRIVADO,CESSNA,T210M,AVION,"PHILLIPS GARRETÓN, MANUEL JOSÉ",PERSONA NATURAL,CESSNA,CESSNA T210M
1807,1757,CCPTZ,PRIVADO,CESSNA,172F,AVION,CLUB AÉREO ALAS DEL MAIPO,CLUB AEREO,CESSNA,CESSNA 172F
1808,1758,CCPUB,PRIVADO,CESSNA,U206B,AVION,"MONTES BEZANILLA, JORGE",PERSONA NATURAL,CESSNA,CESSNA U206B
1809,1759,CCPUC,PRIVADO,URRUTICOECHEA-ALVARELLOS-RANS,S6S,AVION,"DE URRUTICOECHEA SARTORIUS, CARLOS VICENTE",PERSONA NATURAL,URRUTICOECHEA-ALVARELLOS-RANS,URRUTICOECHEA-ALVARELLOS-RANS S6S
1810,1760,CCPUD,PRIVADO,PIPER,J3C-65,AVION,"SANDOVAL TROMBERT, ALVARO JAVIER",PERSONA NATURAL,PIPER,PIPER J3C-65
1811,1761,CCPUE,PRIVADO,CESSNA,172G,AVION,CLUB AÉREO DE IQUIQUE,CLUB AEREO,CESSNA,CESSNA 172G
1812,1762,CCPUI,PRIVADO,PIPER,PA-34-200T,AVION,"MARTINEZ MORENO, GONZALO SANTIAGO",PERSONA NATURAL,PIPER,PIPER PA-34-200T
1813,1763,CCPUM,PRIVADO,AERONCA,L-3B,AVION,"RIOS GROTEWOLD, JORGE ANTONIO",PERSONA NATURAL,AERONCA,AERONCA L-3B
1814,1764,CCPUS,PRIVADO,PIPER,PA-18,AVION,"VIDELA MUÑOZ, JUAN RAUL",PERSONA NATURAL,PIPER,PIPER PA-18
1815,1765,CCPUY,PRIVADO,ROBINSON,R44 II,HELICOPTERO,TRANSPORTES AÉREOS SAN RAFAEL LIMITADA,EMPRESA,ROBINSON,ROBINSON R44 II
1816,1766,CCPVA,PRIVADO,BEECH AIRCRAFT CORPORATION,V35B,AVION,"DE LA FUENTE MORALES, JOSE RODRIGO",PERSONA NATURAL,BEECHCRAFT,BEECHCRAFT V35B
1817,1767,CCPVB,PRIVADO,ROBINSON,R44,HELICOPTERO,AÉREO R44 CC-PVB SPA,EMPRESA,ROBINSON,ROBINSON R44
1818,1768,CCPVC,PRIVADO,CESSNA,TR182,AVION,"LABBÉ MUNZENMAYER, EDUARDO ANDRÉS",PERSONA NATURAL,CESSNA,CESSNA TR182
1819,1768,CCPVC,PRIVADO,CESSNA,TR182,AVION,"VERGARA CORREA, CRISTIAN ANDRÉS",PERSONA NATURAL,CESSNA,CESSNA TR182
1820,1769,CCPVD,PRIVADO,CESSNA,340A,AVION,VIAL Y COMPAÑIA LIMITADA,EMPRESA,CESSNA,CESSNA 340A
1821,1770,CCPVE,COMERCIAL,PIPER,PA-31T2,AVION,SOCIEDAD TRANSPORTE AEROMÉDICO CRÍTICO SPA,EMPRESA,PIPER,PIPER PA-31T2
1822,1771,CCPVG,PRIVADO,CESSNA,210L,AVION,SERVICIOS E INVERSIONES MARITIMAS LIMITADA,EMPRESA,CESSNA,CESSNA 210L
1823,1772,CCPVI,PRIVADO,CESSNA,210M,AVION,POLIMIN COMERCIAL E INDUSTRIAL LIMITADA,EMPRESA,CESSNA,CESSNA 210M
1824,1773,CCPVJ,PRIVADO,CESSNA,182T,AVION,CLUB AÉREO DE SANTIAGO,CLUB AEREO,CESSNA,CESSNA 182T
1825,1774,CCPVK,PRIVADO,PIPER,PA-24-250,AVION,"CRESTA HILL, SERGIO EDUARDO ROBERTO",PERSONA NATURAL,PIPER,PIPER PA-24-250
1826,1775,CCPVL,PRIVADO,BEECHCRAFT CORP.,F33A,AVION,"SCHMIDT GSCHWENDER, JUAN",PERSONA NATURAL,BEECHCRAFT,BEECHCRAFT F33A
1827,1776,CCPVM,PRIVADO,VICAR - RANS,S-19,AVION,INVERSIONES PUCON LIMITADA,EMPRESA,VICAR - RANS,VICAR - RANS S-19
1828,1777,CCPVN,PRIVADO,PIPER,PA-32RT-300T,AVION,CLUB DEPORTIVO AÉREO CÓNDORES DE CHILE,CLUB AEREO,PIPER,PIPER PA-32RT-300T
1829,1778,CCPVO,PRIVADO,CESSNA,185E,AVION,"ESPINOZA CAMPOS, JOSÉ EDUARDO",PERSONA NATURAL,CESSNA,CESSNA 185E
1830,1779,CCPVP,PRIVADO,PIPER,PA-28-180,AVION,"REYES REYES, PABLO ANDRÉS",PERSONA NATURAL,PIPER,PIPER PA-28-180
1831,1779,CCPVP,PRIVADO,PIPER,PA-28-180,AVION,"SCAGLIOTTI RAVERA, RAIMUNDO",PERSONA NATURAL,PIPER,PIPER PA-28-180
1832,1780,CCPVQ,PRIVADO,PEREIRA - GUZMAN,AVENTURA II,AVION,PLASTICOS DE INGENIERIA S.A.,EMPRESA,PEREIRA - GUZMAN,PEREIRA - GUZMAN AVENTURA II
1833,1781,CCPVR,PRIVADO,PIPER,PA-28R-180,AVION,"MOLINA, R; MAC PHERSON, J.; AMUNATEGUI, M.; CALVO, S. Y BUCARAM, D.",PERSONA NATURAL,PIPER,PIPER PA-28R-180
1834,1782,CCPVS,PRIVADO,CESSNA,172C,AVION,CLUB AÉREO DE CURACAVÍ,CLUB AEREO,CESSNA,CESSNA 172C
1835,1783,CCPVT,PRIVADO,COMMANDER,114TC,AVION,"SANTIBAÑEZ BARBOSA, FERNANDO MARTIN",PERSONA NATURAL,COMMANDER,COMMANDER 114TC
1836,1784,CCPVU,PRIVADO,PIPER,PA-34-220T,AVION,INVERSIONES XOLMAR LIMITADA,EMPRESA,PIPER,PIPER PA-34-220T
1837,1785,CCPVV,PRIVADO,PIPER,PA-32R-301,AVION,"SCHARFSTEIN BLUH, DENIS",PERSONA NATURAL,PIPER,PIPER PA-32R-301
1838,1786,CCPVW,PRIVADO,AEROTEK-PITTS,S-2A,AVION,TRANSPORTES PITTS SPA,EMPRESA,AEROTEK-PITTS,AEROTEK-PITTS S-2A
1839,1787,CCPVY,PRIVADO,CESSNA,TR182,AVION,"HERNÁNDEZ CÁCERES, GUIDO ARNALDO",PERSONA NATURAL,CESSNA,CESSNA TR182
1840,1788,CCPVZ,PRIVADO,PIPER,PA-24-260,AVION,"ARTEAGA INFANTE, GABRIEL EUGENIO",PERSONA NATURAL,PIPER,PIPER PA-24-260
1841,1789,CCPWD,PRIVADO,CESSNA,182S,AVION,SOCIEDAD DE INVERSIONES LA ESTRELLA LIMITADA,EMPRESA,CESSNA,CESSNA 182S
1842,1790,CCPWE,PRIVADO,CESSNA,340A,AVION,THOMAS NEUMANN SPA,EMPRESA,CESSNA,CESSNA 340A
1843,1791,CCPWF,PRIVADO,ROBINSON,R44 II,HELICOPTERO,"RUIZ CIFUENTES, MARCELO FERNANDO",PERSONA NATURAL,ROBINSON,ROBINSON R44 II
1844,1792,CCPWG,PRIVADO,CESSNA,TR182,AVION,"WEISNER HOROWITZ, GERARDO",PERSONA NATURAL,CESSNA,CESSNA TR182
1845,1793,CCPWH,PRIVADO,PIPER,PA-31T1,AVION,TRANSPORTES AEREOS PEGASUS SPA,EMPRESA,PIPER,PIPER PA-31T1
1846,1794,CCPWI,PRIVADO,CESSNA,T303,AVION,"MARGOZZINI CELLA, BRUNO SANTIAGO Y MARGOZZINI GARIBALDI, ANDRES EDUARDO",PERSONA NATURAL,CESSNA,CESSNA T303
1847,1795,CCPWJ,PRIVADO,"CHRISTEN INDUSTRIES, INC.",A-1,AVION,"RODRIGUEZ RAMIREZ, JUAN CARLOS Y RODRIGUEZ RAMIREZ, SERGIO RAUL",PERSONA NATURAL,"CHRISTEN INDUSTRIES, INC.","CHRISTEN INDUSTRIES, INC. A-1"
1848,1796,CCPWL,PRIVADO,CHAMPION,7EC,AVION,CLUB AÉREO DE RANCAGUA,CLUB AEREO,CHAMPION,CHAMPION 7EC
1849,1797,CCPWN,PRIVADO,CESSNA,172M,AVION,"ZUÑIGA HERING, ALBERTO ENRIQUE Y HARTLEY, LAWRENCE",PERSONA NATURAL,CESSNA,CESSNA 172M
1850,1798,CCPWO,PRIVADO,CESSNA,182P,AVION,CLUB AÉREO NAVAL,CLUB AEREO,CESSNA,CESSNA 182P
1851,1799,CCPWP,PRIVADO,PIPER,PA-31-325,AVION,RENTAL PLANE SPA,EMPRESA,PIPER,PIPER PA-31-325
1852,1800,CCPWQ,PRIVADO,CESSNA,R172K,AVION,CLUB AÉREO DE CHILLÁN,CLUB AEREO,CESSNA,CESSNA R172K
1853,1801,CCPWR,PRIVADO,EUROCOPTER,EC 120 B,HELICOPTERO,INVERSION E INMOBILIARIA SET LIMITADA,EMPRESA,EUROCOPTER,EUROCOPTER EC 120 B
1854,1802,CCPWS,PRIVADO,CESSNA,180,AVION,"RUBESKA BALBOA, RENE ROBERTO",PERSONA NATURAL,CESSNA,CESSNA 180
1855,1803,CCPWT,PRIVADO,PIPER,PA-28-140,AVION,CLUB AÉREO DE CERRO SOMBRERO,CLUB AEREO,PIPER,PIPER PA-28-140
1856,1804,CCPWU,PRIVADO,MESSERSCHMITT-BOLKOW-BLOHM,BO-208C,AVION,CLUB DEPORTIVO AÉREO CÓNDORES DE CHILE,CLUB AEREO,MESSERSCHMITT-BOLKOW-BLOHM,MESSERSCHMITT-BOLKOW-BLOHM BO-208C
1857,1805,CCPWX,PRIVADO,ERCOUPE,E,AVION,AEROTRUST SERVICIO LIMITADA,EMPRESA,ERCOUPE,ERCOUPE E
1858,1806,CCPWY,PRIVADO,PIPER,PA-31-325,AVION,RIO BAKER SPA E INVERSIONES HACHI SPA,EMPRESA,PIPER,PIPER PA-31-325
1859,1807,CCPWZ,PRIVADO,CESSNA,182Q,AVION,INVERSIONES SANTA ADRIANA SPA,EMPRESA,CESSNA,CESSNA 182Q
1860,1808,CCPXA,PRIVADO,ROBINSON,R44 II,HELICOPTERO,INVERSIONES GEISSE HERMANOS LIMITADA,EMPRESA,ROBINSON,ROBINSON R44 II
1861,1809,CCPXB,COMERCIAL,CESSNA,TU206G,AVION,FELIPE ZELADA Y COMPAÑIA LIMITADA,EMPRESA,CESSNA,CESSNA TU206G
1862,1810,CCPXD,PRIVADO,CAMERON BALLOONS LTD.,D-96,DIRIGIBLE,"MAS HUBER, CARLOS ALBERTO",PERSONA NATURAL,CAMERON BALLOONS LTD.,CAMERON BALLOONS LTD. D-96
1863,1811,CCPXF,PRIVADO,BEECHCRAFT CORP.,E33A,AVION,"PFEFFER URQUIAGA, EMILIO",PERSONA NATURAL,BEECHCRAFT,BEECHCRAFT E33A
1864,1812,CCPXG,PRIVADO,ABASOLO - VAN S,RV-8,AVION,"ABASOLO SANTIBAÑEZ, FERNANDO RAUL",PERSONA NATURAL,ABASOLO - VAN S,ABASOLO - VAN S RV-8
1865,1813,CCPXH,PRIVADO,ROBINSON,R44,HELICOPTERO,MELVYN BECERRA Y COMPAÑIA LIMITADA,EMPRESA,ROBINSON,ROBINSON R44
1866,1814,CCPXI,PRIVADO,AMO/LIRA - ROTORWAY,A600 TALON,HELICOPTERO,"HIDALGO RIBÉ, SERGIO DAVID Y LIRA MATTE, FERNANDO",PERSONA NATURAL,AMO/LIRA - ROTORWAY,AMO/LIRA - ROTORWAY A600 TALON
1867,1815,CCPXJ,COMERCIAL,BELL,407,HELICOPTERO,HELICÓPTEROS DEL PACÍFICO LIMITADA,EMPRESA,BELL,BELL 407
1868,1816,CCPXK,PRIVADO,ROBINSON,R44 II,HELICOPTERO,"GILABERT DIBAR, ALFREDO FERNANDO",PERSONA NATURAL,ROBINSON,ROBINSON R44 II
1869,1817,CCPXM,PRIVADO,BELL,407,HELICOPTERO,"MARISIO VILLA, EMILIO",PERSONA NATURAL,BELL,BELL 407
1870,1818,CCPXN,PRIVADO,ROBINSON,R44 II,HELICOPTERO,SOCIEDAD AGRICOLA LAS PATAGUAS SPA,EMPRESA,ROBINSON,ROBINSON R44 II
1871,1819,CCPXQ,PRIVADO,CESSNA,172P,AVION,INVERSIONES VUELO ALTO LIMITADA,EMPRESA,CESSNA,CESSNA 172P
1872,1820,CCPXR,COMERCIAL,TECNAM,P92 EAGLET,AVION,STORM FLIGHT CENTER MICROSIMULACION LIMITADA,EMPRESA,TECNAM,TECNAM P92 EAGLET
1873,1821,CCPXV,PRIVADO,UA-CZAW,SPORTCRUISER,AVION,"DE URRUTICOECHEA SARTORIUS, CARLOS VICENTE",PERSONA NATURAL,UA-CZAW,UA-CZAW SPORTCRUISER
1874,1822,CCPXX,PRIVADO,SCHEMPP-HIRTH,MINI-NIMBUS B,PLANEADOR,"BARRENECHEA PARRA, JORGE ALBERTO",PERSONA NATURAL,SCHEMPP-HIRTH,SCHEMPP-HIRTH MINI-NIMBUS B
1875,1822,CCPXX,PRIVADO,SCHEMPP-HIRTH,MINI-NIMBUS B,PLANEADOR,"REICH CARAFÍ, TOMÁS ALEJANDRO",PERSONA NATURAL,SCHEMPP-HIRTH,SCHEMPP-HIRTH MINI-NIMBUS B
1876,1823,CCPXY,PRIVADO,SCHEMPP-HIRTH,NIMBUS-2C,PLANEADOR,"BOHM GUTIERREZ, EDUARDO FERNANDO",PERSONA NATURAL,SCHEMPP-HIRTH,SCHEMPP-HIRTH NIMBUS-2C
1877,1824,CCPYA,PRIVADO,CESSNA,172C,AVION,CLUB DE DEPORTES AÉREOS AEROCLUB CORDILLERA,CLUB AEREO,CESSNA,CESSNA 172C
1878,1825,CCPYB,PRIVADO,BEECH AIRCRAFT CORPORATION,F33A,AVION,TRANSPORTES AEREOS Y PROYECTOS RODELILLO LIMITADA,EMPRESA,BEECHCRAFT,BEECHCRAFT F33A
1879,1826,CCPYC,PRIVADO,AERONCA,7AC,AVION,"MANIS MACHERA, EUSTAQUIO Y COLVIN TRESWALT, RENAN",PERSONA NATURAL,AERONCA,AERONCA 7AC
1880,1827,CCPYD,PRIVADO,BELL,OH-58A,HELICOPTERO,"BROCK, TIMOTHY SHERRIL",PERSONA NATURAL,BELL,BELL OH-58A
1881,1828,CCPYG,PRIVADO,CESSNA,TU206G,AVION,"MENDEZ, HUGO; ORDINAS, SEBASTIAN; SEROT, ARNAUD ARUN, Y COURGEAU, LOUIS OLIVIER",PERSONA NATURAL,CESSNA,CESSNA TU206G
1882,1829,CCPYI,PRIVADO,PIPER,PA-32R-301,AVION,"FERNÁNDEZ GARCÍA, CRISTIÁN",PERSONA NATURAL,PIPER,PIPER PA-32R-301
1883,1829,CCPYI,PRIVADO,PIPER,PA-32R-301,AVION,"GANA FERNÁNDEZ, MARÍA ALEJANDRA",PERSONA NATURAL,PIPER,PIPER PA-32R-301
1884,1830,CCPYJ,PRIVADO,PIPER,PA-18,AVION,"FIGUEROA BRITO, HERNAN LUIS",PERSONA NATURAL,PIPER,PIPER PA-18
1885,1831,CCPYL,PRIVADO,CESSNA,206H,AVION,ARGÓN SPA,EMPRESA,CESSNA,CESSNA 206H
1886,1832,CCPYM,COMERCIAL,PIPER,PA-31-350,AVION,"SCHUWIRTH AICHELE, JUAN CRISTIAN",PERSONA NATURAL,PIPER,PIPER PA-31-350
1887,1833,CCPYO,PRIVADO,AERONCA,11AC,AVION,"CAMPOS GONZÁLEZ, SERGIO GERMÁN ALEJANDRO",PERSONA NATURAL,AERONCA,AERONCA 11AC
1888,1834,CCPYP,PRIVADO,CESSNA,T303,AVION,SERVICIOS INTEGRALES APOYO LIMITADA,EMPRESA,CESSNA,CESSNA T303
1889,1835,CCPYQ,COMERCIAL,PIPER,PA-18-150,AVION,SERVICIOS AEREOS HIGH FLY SPA,EMPRESA,PIPER,PIPER PA-18-150
1890,1836,CCPYR,PRIVADO,DEL FAVERO-ROTORWAY,EXCEC 162F,HELICOPTERO,"HIDALGO RIBE, SERGIO DAVID",PERSONA NATURAL,DEL FAVERO-ROTORWAY,DEL FAVERO-ROTORWAY EXCEC 162F
1891,1837,CCPYS,PRIVADO,CESSNA,T303,AVION,"GONZALEZ SOMMELLA, MAURICIO EUGENIO",PERSONA NATURAL,CESSNA,CESSNA T303
1892,1838,CCPYT,PRIVADO,CESSNA,U206G,AVION,"RUIZ-TAGLE A., SEBASTIAN; RUIZ-TAGLE A., LUIS JOAQUIN Y ARNOLDS R., CRISTIAN",PERSONA NATURAL,CESSNA,CESSNA U206G
1893,1839,CCPYU,COMERCIAL,CESSNA,TU206G,AVION,SERVICIOS AERONÁUTICOS ALERCE LIMITADA,EMPRESA,CESSNA,CESSNA TU206G
1894,1840,CCPYV,PRIVADO,SCHEMPP-HIRTH,VENTUS CT,PLANEADOR,CLUB DE PLANEADORES DE VITACURA,CLUB AEREO,SCHEMPP-HIRTH,SCHEMPP-HIRTH VENTUS CT
1895,1841,CCPYW,PRIVADO,CESSNA,182R,AVION,INVERSIONES EL MONTE SPA,EMPRESA,CESSNA,CESSNA 182R
1896,1842,CCPYX,PRIVADO,"CHRISTEN INDUSTRIES, INC.",A-1,AVION,SERVICIOS AERONÁUTICOS ALERCE LIMITADA,EMPRESA,"CHRISTEN INDUSTRIES, INC.","CHRISTEN INDUSTRIES, INC. A-1"
1897,1843,CCPYZ,PRIVADO,CESSNA,R172K,AVION,CLUB AÉREO NAVAL,CLUB AEREO,CESSNA,CESSNA R172K
1898,1844,CCPZB,COMERCIAL,PIPER,PA-31T,AVION,SOCIEDAD TRANSPORTE AEROMÉDICO CRÍTICO SPA,EMPRESA,PIPER,PIPER PA-31T
1899,1845,CCPZC,PRIVADO,CESSNA,150G,AVION,"FLORES CID, EDGARDO HERNÁN",PERSONA NATURAL,CESSNA,CESSNA 150G
1900,1846,CCPZE,PRIVADO,SEQUOIA,F8L,AVION,"RUIZ-CLAVIJO SQUELLA, FRANCISCO MARTIN",PERSONA NATURAL,SEQUOIA,SEQUOIA F8L
1901,1847,CCPZH,PRIVADO,CESSNA,206H,AVION,"TOCORNAL JORDAN, JORGE",PERSONA NATURAL,CESSNA,CESSNA 206H
1902,1848,CCPZI,PRIVADO,CESSNA,340A,AVION,"OETJEN MARTINEZ, GEORG PAUL",PERSONA NATURAL,CESSNA,CESSNA 340A
1903,1849,CCPZJ,PRIVADO,PZL,PZL M18B,AVION,CORPORACION NACIONAL FORESTAL,OTRO,PZL,PZL PZL M18B
1904,1850,CCPZK,PRIVADO,PIPER,PA-28R-180,AVION,IMPORTADORA Y COMERCIALIZADORA AVIONIX SPA,EMPRESA,PIPER,PIPER PA-28R-180
1905,1851,CCPZM,PRIVADO,PZL,PZL M18B,AVION,CORPORACION NACIONAL FORESTAL,OTRO,PZL,PZL PZL M18B
1906,1852,CCPZN,COMERCIAL,EUROCOPTER,MBB-BK 117 C-2,HELICOPTERO,SERVICIOS AEREOS Y MARITIMOS SANTA MARIA S.A.,EMPRESA,EUROCOPTER,EUROCOPTER MBB-BK 117 C-2
1907,1853,CCPZP,PRIVADO,CESSNA,182N,AVION,JAC INVESMENT CORP SOCIEDAD ANONIMA,OTRO,CESSNA,CESSNA 182N
1908,1854,CCPZQ,PRIVADO,BEECHCRAFT CORP.,S35,AVION,"ALAMOS JORDAN, FRANCISCO IGNACIO SERVANDO",PERSONA NATURAL,BEECHCRAFT,BEECHCRAFT S35
1909,1855,CCPZR,PRIVADO,BEECHCRAFT CORP.,V35,AVION,"CALDERÓN LEDEZMA, JAVIER GONZALO",PERSONA NATURAL,BEECHCRAFT,BEECHCRAFT V35
1910,1856,CCPZT,PRIVADO,PZL,PZL M18B,AVION,CORPORACION NACIONAL FORESTAL,OTRO,PZL,PZL PZL M18B
1911,1857,CCPZU,PRIVADO,CESSNA,150A,AVION,CLUB UNIVERSITARIO DE AVIACIÓN,CLUB AEREO,CESSNA,CESSNA 150A
1912,1858,CCPZV,PRIVADO,BEECHCRAFT CORP.,58,AVION,"WEINSTEIN CRENOVICH, MAX MAURICIO NICOLAS",PERSONA NATURAL,BEECHCRAFT,BEECHCRAFT 58
1913,1859,CCPZW,PRIVADO,ROBINSON,R44,HELICOPTERO,"COLVIN DE LA VEGA, JAIME EDUARDO",PERSONA NATURAL,ROBINSON,ROBINSON R44
1914,1860,CCPZX,COMERCIAL,PIPER,PA-31T,AVION,SOCIEDAD TRANSPORTE AEROMÉDICO CRÍTICO SPA,EMPRESA,PIPER,PIPER PA-31T
1915,1861,CCPZY,PRIVADO,PL - CZAW,SPORT CRUISER,AVION,CLUB AÉREO HUACHIPATO,CLUB AEREO,PL - CZAW,PL - CZAW SPORT CRUISER
1916,1862,CCPZZ,PRIVADO,BEECHCRAFT CORP.,V35B,AVION,"GUTIERREZ DEL VILLAR, ANDRES LUIS",PERSONA NATURAL,BEECHCRAFT,BEECHCRAFT V35B
1917,1863,CCS2G,PRIVADO,PILATUS AIRCRAFT LTD.,B4-PC11AF,PLANEADOR,CLUB DE PLANEADORES DE OSORNO,CLUB AEREO,PILATUS AIRCRAFT LTD.,PILATUS AIRCRAFT LTD. B4-PC11AF
1918,1864,CCS3W,PRIVADO,PILATUS AIRCRAFT LTD.,B4-PC11AF,PLANEADOR,CLUB DE PLANEADORES DE CONCEPCIÓN,CLUB AEREO,PILATUS AIRCRAFT LTD.,PILATUS AIRCRAFT LTD. B4-PC11AF
1919,1865,CCSAA,PRIVADO,CESSNA,182D,AVION,"LENIZ GARCIA, JOSE ANTONIO",PERSONA NATURAL,CESSNA,CESSNA 182D
1920,1866,CCSAB,PRIVADO,PIPER,PA-28-180,AVION,CLUB AÉREO DE ANGOL,CLUB AEREO,PIPER,PIPER PA-28-180
1921,1867,CCSAC,PRIVADO,CESSNA,150L,AVION,CLUB AÉREO DE ANGOL,CLUB AEREO,CESSNA,CESSNA 150L
1922,1868,CCSAD,PRIVADO,PIPER,PA-28-140,AVION,CLUB AÉREO DE ANGOL,CLUB AEREO,PIPER,PIPER PA-28-140
1923,1869,CCSAE,PRIVADO,CESSNA,172C,AVION,CLUB AÉREO DE ANGOL,CLUB AEREO,CESSNA,CESSNA 172C
1924,1870,CCSBA,PRIVADO,CESSNA,150A,AVION,CLUB AÉREO DE VILLARRICA,CLUB AEREO,CESSNA,CESSNA 150A
1925,1871,CCSBB,PRIVADO,CESSNA,172F,AVION,MIKE ROMEO YANKE SPA,EMPRESA,CESSNA,CESSNA 172F
1926,1872,CCSBE,PRIVADO,CESSNA,172K,AVION,CLUB AÉREO DE VILLARRICA,CLUB AEREO,CESSNA,CESSNA 172K
1927,1873,CCSCA,PRIVADO,CESSNA,172P,AVION,CLUB AÉREO DE CONCEPCIÓN,CLUB AEREO,CESSNA,CESSNA 172P
1928,1874,CCSCC,PRIVADO,CESSNA,R172K,AVION,CLUB AÉREO DE CONCEPCIÓN,CLUB AEREO,CESSNA,CESSNA R172K
1929,1875,CCSCD,PRIVADO,CESSNA,R172K,AVION,CLUB AÉREO DE CONCEPCIÓN,CLUB AEREO,CESSNA,CESSNA R172K
1930,1876,CCSCE,PRIVADO,CESSNA,172N,AVION,CLUB AÉREO DE CONCEPCIÓN,CLUB AEREO,CESSNA,CESSNA 172N
1931,1877,CCSCG,PRIVADO,CESSNA,172N,AVION,CLUB AÉREO DE ANGOL,CLUB AEREO,CESSNA,CESSNA 172N
1932,1878,CCSDB,PRIVADO,CESSNA,150H,AVION,CLUB AÉREO DE CAÑETE,CLUB AEREO,CESSNA,CESSNA 150H
1933,1879,CCSEA,PRIVADO,PIPER,PA-28-161,AVION,CLUB AÉREO CIVIL DE PURRANQUE,CLUB AEREO,PIPER,PIPER PA-28-161
1934,1880,CCSEB,PRIVADO,CESSNA,172M,AVION,CLUB AÉREO DE COYHAIQUE,CLUB AEREO,CESSNA,CESSNA 172M
1935,1881,CCSEC,PRIVADO,CESSNA,R172K,AVION,CLUB AÉREO CIVIL DE PURRANQUE,CLUB AEREO,CESSNA,CESSNA R172K
1936,1882,CCSFB,PRIVADO,PIPER,PA-28-140,AVION,VUELA LIBRE CHILE SPA,EMPRESA,PIPER,PIPER PA-28-140
1937,1883,CCSFC,PRIVADO,AERONCA,7AC,AVION,"CABEZAS MORENO, JOSÉ BENITO",PERSONA NATURAL,AERONCA,AERONCA 7AC
1938,1883,CCSFC,PRIVADO,AERONCA,7AC,AVION,"MARAMBIO ECKHARDT, FERNANDO ARTURO",PERSONA NATURAL,AERONCA,AERONCA 7AC
1939,1884,CCSHB,PRIVADO,CESSNA,172D,AVION,CLUB AÉREO MORRO DE ARICA,CLUB AEREO,CESSNA,CESSNA 172D
1940,1885,CCSHC,PRIVADO,CESSNA,172B,AVION,CLUB AÉREO DE LONCOMILLA,CLUB AEREO,CESSNA,CESSNA 172B
1941,1886,CCSHD,PRIVADO,CESSNA,150H,AVION,"TAPIA GATICA, HERNAN EDUARDO",PERSONA NATURAL,CESSNA,CESSNA 150H
1942,1887,CCSHF,PRIVADO,PIPER,PA-28-181,AVION,CLUB AÉREO DE CHILLÁN,CLUB AEREO,PIPER,PIPER PA-28-181
1943,1888,CCSHI,PRIVADO,CESSNA,150L,AVION,CLUB AÉREO DE CHILLÁN,CLUB AEREO,CESSNA,CESSNA 150L
1944,1889,CCSJB,PRIVADO,CESSNA,150B,AVION,CLUB AÉREO DE RÍO BUENO,CLUB AEREO,CESSNA,CESSNA 150B
1945,1890,CCSKA,PRIVADO,CESSNA,A182K,AVION,CLUB AÉREO DE CASTRO,CLUB AEREO,CESSNA,CESSNA A182K
1946,1891,CCSKB,PRIVADO,CESSNA,172D,AVION,CLUB AÉREO ANCUD,CLUB AEREO,CESSNA,CESSNA 172D
1947,1892,CCSKE,PRIVADO,CESSNA,172N,AVION,CLUB AÉREO DE CASTRO,CLUB AEREO,CESSNA,CESSNA 172N
1948,1893,CCSKF,PRIVADO,CESSNA,R172K,AVION,"TAPIA QUEVEDO, DAVID ANDRÉS",PERSONA NATURAL,CESSNA,CESSNA R172K
1949,1894,CCSKG,COMERCIAL,CESSNA,337H,AVION,AEROLÍNEAS TRANSPORTE ARAUCANÍA LIMITADA,EMPRESA,CESSNA,CESSNA 337H
1950,1895,CCSLA,PRIVADO,PIPER,PA-38-112,AVION,"BERATTO ECHAIZ, JUAN EDGARDO",PERSONA NATURAL,PIPER,PIPER PA-38-112
1951,1896,CCSLB,PRIVADO,CHAMPION,7ECA,AVION,AEROSP SPA,EMPRESA,CHAMPION,CHAMPION 7ECA
1952,1897,CCSLC,PRIVADO,CESSNA,172M,AVION,CLUB AÉREO DE LOS ÁNGELES,CLUB AEREO,CESSNA,CESSNA 172M
1953,1898,CCSLD,PRIVADO,CESSNA,172S,AVION,CLUB AÉREO DE LOS ÁNGELES,CLUB AEREO,CESSNA,CESSNA 172S
1954,1899,CCSMA,PRIVADO,CESSNA,A152,AVION,CLUB AÉREO DE PUERTO MONTT,CLUB AEREO,CESSNA,CESSNA A152
1955,1900,CCSMB,PRIVADO,CESSNA,172P,AVION,CLUB AÉREO DE PUERTO MONTT,CLUB AEREO,CESSNA,CESSNA 172P
1956,1901,CCSMC,PRIVADO,CESSNA,172N,AVION,CLUB AÉREO DE PUERTO MONTT,CLUB AEREO,CESSNA,CESSNA 172N
1957,1902,CCSML,PRIVADO,CESSNA,172K,AVION,CLUB AÉREO DE PUERTO MONTT,CLUB AEREO,CESSNA,CESSNA 172K
1958,1903,CCSMN,PRIVADO,CESSNA,150K,AVION,CLUB AÉREO DE PUERTO MONTT,CLUB AEREO,CESSNA,CESSNA 150K
1959,1904,CCSMR,PRIVADO,CESSNA,172R,AVION,CLUB AÉREO DE PUERTO MONTT,CLUB AEREO,CESSNA,CESSNA 172R
1960,1905,CCSMW,PRIVADO,CESSNA,152,AVION,CLUB AÉREO DE PUERTO MONTT,CLUB AEREO,CESSNA,CESSNA 152
1961,1906,CCSMZ,PRIVADO,CESSNA,R182,AVION,CLUB AÉREO DE PUERTO MONTT,CLUB AEREO,CESSNA,CESSNA R182
1962,1907,CCSNC,PRIVADO,CESSNA,150F,AVION,CLUB UNIVERSITARIO DE AVIACIÓN,CLUB AEREO,CESSNA,CESSNA 150F
1963,1908,CCSNF,PRIVADO,CESSNA,182D,AVION,CLUB AÉREO DE COYHAIQUE,CLUB AEREO,CESSNA,CESSNA 182D
1964,1909,CCSOB,COMERCIAL,CESSNA,172N,AVION,AIR GRAPHICS TECHONOLOGIC AIRBORNE SERVICES SPA,EMPRESA,CESSNA,CESSNA 172N
1965,1910,CCSOC,PRIVADO,CESSNA,182Q,AVION,CLUB AÉREO DE LA SERENA,CLUB AEREO,CESSNA,CESSNA 182Q
1966,1911,CCSOE,PRIVADO,CESSNA,172N,AVION,CLUB AÉREO DE OSORNO,CLUB AEREO,CESSNA,CESSNA 172N
1967,1912,CCSOF,PRIVADO,CHAMPION,7EC,AVION,CLUB AÉREO DE OSORNO,CLUB AEREO,CHAMPION,CHAMPION 7EC
1968,1913,CCSOG,PRIVADO,CESSNA,152,AVION,CLUB AÉREO CIVIL DE PURRANQUE,CLUB AEREO,CESSNA,CESSNA 152
1969,1914,CCSOI,PRIVADO,CESSNA,152,AVION,CLUB AÉREO DE OSORNO,CLUB AEREO,CESSNA,CESSNA 152
1970,1915,CCSOK,PRIVADO,PIPER,PA-18-125,AVION,"WALDSPURGER BOHN, KURT RODOLFO",PERSONA NATURAL,PIPER,PIPER PA-18-125
1971,1916,CCSOM,PRIVADO,CESSNA,152,AVION,CLUB AÉREO ALAS DEL DESIERTO,CLUB AEREO,CESSNA,CESSNA 152
1972,1917,CCSOT,PRIVADO,CAO - JABIRU,J450,AVION,"BALLESTEROS GUERRERO, ISAÍAS EDUARDO",PERSONA NATURAL,CAO - JABIRU,CAO - JABIRU J450
1973,1918,CCSPC,PRIVADO,CESSNA,172B,AVION,CLUB AÉREO DE PARRAL,CLUB AEREO,CESSNA,CESSNA 172B
1974,1919,CCSPE,PRIVADO,PIPER,PA-18,AVION,CLUB AÉREO DE LAUTARO,CLUB AEREO,PIPER,PIPER PA-18
1975,1920,CCSPG,PRIVADO,CESSNA,172N,AVION,CLUB AÉREO DE LAUTARO,CLUB AEREO,CESSNA,CESSNA 172N
1976,1921,CCSPY,PRIVADO,PIPER,PA-18,AVION,CLUB AÉREO DE PUERTO VARAS,CLUB AEREO,PIPER,PIPER PA-18
1977,1922,CCSRB,PRIVADO,CESSNA,150B,AVION,CLUB AÉREO DE TRAIGUÉN,CLUB AEREO,CESSNA,CESSNA 150B
1978,1923,CCSRG,PRIVADO,CESSNA,172B,AVION,CLUB AÉREO DE TRAIGUÉN,CLUB AEREO,CESSNA,CESSNA 172B
1979,1924,CCSTA,PRIVADO,CESSNA,172N,AVION,CLUB AÉREO DE TEMUCO,CLUB AEREO,CESSNA,CESSNA 172N
1980,1925,CCSTB,PRIVADO,CESSNA,150K,AVION,CLUB AÉREO DE TEMUCO,CLUB AEREO,CESSNA,CESSNA 150K
1981,1926,CCSTC,PRIVADO,CESSNA,150K,AVION,CLUB AÉREO DE TEMUCO,CLUB AEREO,CESSNA,CESSNA 150K
1982,1927,CCSTE,PRIVADO,CESSNA,R172K,AVION,"MORSTADT PICASSO, CARLOS ALBERTO",PERSONA NATURAL,CESSNA,CESSNA R172K
1983,1928,CCSTF,PRIVADO,CESSNA,172RG,AVION,CLUB AÉREO DE OSORNO,CLUB AEREO,CESSNA,CESSNA 172RG
1984,1929,CCSTG,PRIVADO,AEROTEK INC.,S-2A,AVION,CLUB AÉREO DE TEMUCO,CLUB AEREO,AEROTEK INC.,AEROTEK INC. S-2A
1985,1930,CCSTK,PRIVADO,CESSNA,172N,AVION,CLUB AÉREO DE TEMUCO,CLUB AEREO,CESSNA,CESSNA 172N
1986,1931,CCSTN,PRIVADO,CESSNA,172H,AVION,"VARELA VILLARROEL, JUAN PABLO",PERSONA NATURAL,CESSNA,CESSNA 172H
1987,1932,CCSTW,PRIVADO,CESSNA,172N,AVION,CLUB AÉREO DE TEMUCO,CLUB AEREO,CESSNA,CESSNA 172N
1988,1933,CCSUA,PRIVADO,CESSNA,172B,AVION,CLUB AÉREO DE LA UNIÓN,CLUB AEREO,CESSNA,CESSNA 172B
1989,1934,CCSUC,PRIVADO,CESSNA,172K,AVION,CLUB AÉREO ANCUD,CLUB AEREO,CESSNA,CESSNA 172K
1990,1935,CCSVA,PRIVADO,CESSNA,R172K,AVION,CLUB AÉREO DE VALDIVIA,CLUB AEREO,CESSNA,CESSNA R172K
1991,1936,CCSVB,PRIVADO,CESSNA,152,AVION,CLUB AÉREO MELIPILLA,CLUB AEREO,CESSNA,CESSNA 152
1992,1937,CCSVC,PRIVADO,CESSNA,172L,AVION,CLUB AÉREO DE VALDIVIA,CLUB AEREO,CESSNA,CESSNA 172L
1993,1938,CCSVE,PRIVADO,CESSNA,152,AVION,CLUB AÉREO DE VALDIVIA,CLUB AEREO,CESSNA,CESSNA 152
1994,1939,CCSWA,PRIVADO,SCHEIBE,BERGFALKE-II/55,PLANEADOR,CLUB DE PLANEADORES DE CONCEPCIÓN,CLUB AEREO,SCHEIBE,SCHEIBE BERGFALKE-II/55
1995,1940,CCSWB,PRIVADO,A. SCHLEICHER,AS W15B,PLANEADOR,CLUB DE PLANEADORES DE CONCEPCIÓN,CLUB AEREO,A. SCHLEICHER,A. SCHLEICHER AS W15B
1996,1941,CCSWC,PRIVADO,PIPER,PA-18-150,AVION,CLUB DE PLANEADORES DE CONCEPCIÓN,CLUB AEREO,PIPER,PIPER PA-18-150
1997,1942,CCSYG,PRIVADO,CESSNA,172K,AVION,CLUB AÉREO DE PANGUIPULLI,CLUB AEREO,CESSNA,CESSNA 172K
1998,1943,CCSZA,PRIVADO,PIPER,PA-28-160,AVION,"GAMARRA OLAVE, GINO ANDRÉS",PERSONA NATURAL,PIPER,PIPER PA-28-160
1999,1944,CCSZB,PRIVADO,CESSNA,150G,AVION,CLUB AÉREO UNIVERSIDAD DE CONCEPCIÓN,CLUB AEREO,CESSNA,CESSNA 150G
2000,1945,CCSZC,PRIVADO,CESSNA,177,AVION,SOCIEDAD COMERCIAL AEREA DE CAÑETE SPA,EMPRESA,CESSNA,CESSNA 177
2001,1946,CCSZE,PRIVADO,CESSNA,172N,AVION,CLUB AÉREO UNIVERSIDAD DE CONCEPCIÓN,CLUB AEREO,CESSNA,CESSNA 172N
2002,1947,CCSZF,PRIVADO,CESSNA,172G,AVION,CLUB AÉREO UNIVERSIDAD DE CONCEPCIÓN,CLUB AEREO,CESSNA,CESSNA 172G
2003,1948,CCSZH,PRIVADO,CESSNA,150G,AVION,CLUB AÉREO UNIVERSIDAD DE CONCEPCIÓN,CLUB AEREO,CESSNA,CESSNA 150G
2004,1949,CCTCA,COMERCIAL,CESSNA,152,AVION,MEGAPARTS S.A.,EMPRESA,CESSNA,CESSNA 152
2005,1950,CCTHJ,PRIVADO,CESSNA,U206G,AVION,AEROVIMATH SPA,EMPRESA,CESSNA,CESSNA U206G
2006,1951,CCTHL,PRIVADO,CESSNA,172H,AVION,AERO HUAIRAVO LTDA.,EMPRESA,CESSNA,CESSNA 172H
2007,1952,CCTHM,PRIVADO,PIPER,PA-28-161,AVION,"DONOSO MARDONES, CAMILA Y TRONCOSO TRONCOSO, CLAUDIO",PERSONA NATURAL,PIPER,PIPER PA-28-161
